DATE,SP500,NASDAQ100
2023-11-10 15:30,4357.03,15264.80
2023-11-10 16:30,4374.99,15366.84
2023-11-10 17:30,4382.54,15408.45
2023-11-10 18:30,4398.70,15467.39
2023-11-10 19:30,4407.01,15502.51
2023-11-10 20:30,4412.65,15521.71
2023-11-10 21:00,4415.89,15530.11
2023-11-13 15:30,4400.97,15457.33
2023-11-13 16:30,4413.83,15503.31
2023-11-13 17:30,4416.61,15490.93
2023-11-13 18:30,4410.88,15482.43
2023-11-13 19:30,4418.04,15519.56
2023-11-13 20:30,4416.38,15508.74
2023-11-13 21:00,4411.12,15483.20
2023-11-14 15:30,4496.38,15812.72
2023-11-14 16:30,4502.83,15801.76
2023-11-14 17:30,4489.38,15773.30
2023-11-14 18:30,4496.58,15811.44
2023-11-14 19:30,4493.65,15787.51
2023-11-14 20:30,4506.76,15842.25
2023-11-14 21:00,4495.83,15811.12
2023-11-15 15:30,4514.66,15866.72
2023-11-15 16:30,4515.61,15888.08
2023-11-15 17:30,4508.93,15836.64
2023-11-15 18:30,4504.63,15815.32
2023-11-15 19:30,4511.50,15848.44
2023-11-15 20:30,4508.11,15826.57
2023-11-15 21:00,4503.62,15820.98
2023-11-16 15:30,4505.75,15815.75
2023-11-16 16:30,4489.59,15750.48
2023-11-16 17:30,4499.21,15811.78
2023-11-16 18:30,4500.54,15805.35
2023-11-16 19:30,4495.72,15791.70
2023-11-16 20:30,4502.27,15811.52
2023-11-16 21:00,4508.43,15834.07
2023-11-17 15:30,4508.94,15809.57
2023-11-17 16:30,4504.24,15797.17
2023-11-17 17:30,4507.56,15808.91
2023-11-17 18:30,4513.46,15846.46
2023-11-17 19:30,4515.59,15857.17
2023-11-17 20:30,4517.28,15849.59
2023-11-17 21:00,4513.91,15837.71
2023-11-20 15:30,4525.58,15902.93
2023-11-20 16:30,4532.17,15950.28
2023-11-20 17:30,4534.70,15961.08
2023-11-20 18:30,4543.17,16011.48
2023-11-20 19:30,4545.99,16013.28
2023-11-20 20:30,4556.28,16047.49
2023-11-20 21:00,4548.16,16030.26
2023-11-21 15:30,4526.96,15875.82
2023-11-21 16:30,4531.03,15893.88
2023-11-21 17:30,4537.67,15919.77
2023-11-21 18:30,4534.60,15901.92
2023-11-21 19:30,4538.60,15921.22
2023-11-21 20:30,4539.12,15937.79
2023-11-21 21:00,4538.70,15936.46
2023-11-22 15:30,4555.26,16013.49
2023-11-22 16:30,4555.53,16014.95
2023-11-22 17:30,4560.10,16042.40
2023-11-22 18:30,4561.33,16053.08
2023-11-22 19:30,4560.82,16039.52
2023-11-22 20:30,4558.52,16009.41
2023-11-22 21:00,4556.23,16001.37
2023-11-24 15:30,4555.72,15951.72
2023-11-24 16:30,4556.28,15962.07
2023-11-24 17:30,4554.71,15971.55
2023-11-24 18:30,4559.34,15982.01
2023-11-27 15:30,4551.98,15975.89
2023-11-27 16:30,4554.05,15984.77
2023-11-27 17:30,4555.34,16018.32
2023-11-27 18:30,4557.94,16025.14
2023-11-27 19:30,4555.32,15997.18
2023-11-27 20:30,4554.91,15994.35
2023-11-27 21:00,4550.86,15963.30
2023-11-28 15:30,4546.08,15947.21
2023-11-28 16:30,4561.10,16000.73
2023-11-28 17:30,4559.70,16002.98
2023-11-28 18:30,4551.28,15962.41
2023-11-28 19:30,4547.94,15958.62
2023-11-28 20:30,4549.68,15964.75
2023-11-28 21:00,4554.29,16008.32
2023-11-29 15:30,4569.36,16070.79
2023-11-29 16:30,4556.34,16006.20
2023-11-29 17:30,4566.76,16051.20
2023-11-29 18:30,4567.76,16048.32
2023-11-29 19:30,4563.80,16031.36
2023-11-29 20:30,4549.23,15985.90
2023-11-29 21:00,4550.65,15988.12
2023-11-30 15:30,4551.37,15915.51
2023-11-30 16:30,4547.36,15861.91
2023-11-30 17:30,4539.02,15844.83
2023-11-30 18:30,4539.57,15836.90
2023-11-30 19:30,4546.60,15854.47
2023-11-30 20:30,4544.75,15851.21
2023-11-30 21:00,4569.04,15950.14
2023-12-01 15:30,4559.76,15848.64
2023-12-01 16:30,4577.69,15929.68
2023-12-01 17:30,4592.40,15984.78
2023-12-01 18:30,4588.62,15976.95
2023-12-01 19:30,4590.29,15984.26
2023-12-01 20:30,4593.35,15997.97
2023-12-01 21:00,4593.72,15993.78
2023-12-04 15:30,4551.38,15727.25
2023-12-04 16:30,4553.58,15740.52
2023-12-04 17:30,4565.61,15808.77
2023-12-04 18:30,4561.81,15792.95
2023-12-04 19:30,4561.20,15798.28
2023-12-04 20:30,4563.19,15803.31
2023-12-04 21:00,4569.43,15838.37
2023-12-05 15:30,4566.33,15862.15
2023-12-05 16:30,4565.61,15852.62
2023-12-05 17:30,4565.69,15859.14
2023-12-05 18:30,4565.93,15847.95
2023-12-05 19:30,4567.43,15865.37
2023-12-05 20:30,4568.15,15868.87
2023-12-05 21:00,4567.95,15879.07
2023-12-06 15:30,4573.91,15870.39
2023-12-06 16:30,4571.46,15886.26
2023-12-06 17:30,4565.68,15871.57
2023-12-06 18:30,4566.80,15853.88
2023-12-06 19:30,4561.89,15839.52
2023-12-06 20:30,4552.79,15802.35
2023-12-06 21:00,4550.34,15791.10
2023-12-07 15:30,4582.19,15973.19
2023-12-07 16:30,4573.28,15949.03
2023-12-07 17:30,4584.80,16026.69
2023-12-07 18:30,4583.23,16004.52
2023-12-07 19:30,4589.25,16036.81
2023-12-07 20:30,4585.14,16019.19
2023-12-07 21:00,4585.17,16021.67
2023-12-08 15:30,4601.35,16083.90
2023-12-08 16:30,4588.92,16034.22
2023-12-08 17:30,4590.15,16040.13
2023-12-08 18:30,4596.37,16061.54
2023-12-08 19:30,4601.39,16082.64
2023-12-08 20:30,4605.88,16093.39
2023-12-08 21:00,4603.49,16082.68
2023-12-11 15:30,4603.91,16132.29
2023-12-11 16:30,4606.80,16138.68
2023-12-11 17:30,4608.96,16174.13
2023-12-11 18:30,4617.00,16209.23
2023-12-11 19:30,4619.71,16221.32
2023-12-11 20:30,4617.12,16202.92
2023-12-11 21:00,4622.89,16223.24
2023-12-12 15:30,4622.66,16246.88
2023-12-12 16:30,4627.18,16274.34
2023-12-12 17:30,4630.19,16267.10
2023-12-12 18:30,4630.79,16281.70
2023-12-12 19:30,4634.36,16308.59
2023-12-12 20:30,4642.91,16339.40
2023-12-12 21:00,4643.59,16353.87
2023-12-13 15:30,4650.38,16405.98
2023-12-13 16:30,4650.72,16388.06
2023-12-13 17:30,4647.37,16385.30
2023-12-13 18:30,4643.57,16361.26
2023-12-13 19:30,4676.72,16476.77
2023-12-13 20:30,4690.60,16497.74
2023-12-13 21:00,4706.35,16560.23
2023-12-14 15:30,4723.34,16576.34
2023-12-14 16:30,4720.54,16554.52
2023-12-14 17:30,4733.72,16598.40
2023-12-14 18:30,4709.41,16473.61
2023-12-14 19:30,4712.85,16509.67
2023-12-14 20:30,4715.59,16518.52
2023-12-14 21:00,4719.41,16539.93
2023-12-15 15:30,4721.23,16651.95
2023-12-15 16:30,4723.27,16657.66
2023-12-15 17:30,4722.88,16647.98
2023-12-15 18:30,4717.82,16621.09
2023-12-15 19:30,4705.30,16580.87
2023-12-15 20:30,4713.95,16618.41
2023-12-15 21:00,4715.03,16607.11
2023-12-18 15:30,4738.62,16695.17
2023-12-18 16:30,4740.69,16691.39
2023-12-18 17:30,4745.33,16718.41
2023-12-18 18:30,4745.47,16738.54
2023-12-18 19:30,4744.77,16746.30
2023-12-18 20:30,4747.78,16761.64
2023-12-18 21:00,4740.54,16730.51
2023-12-19 15:30,4758.30,16781.21
2023-12-19 16:30,4762.24,16787.71
2023-12-19 17:30,4758.25,16773.69
2023-12-19 18:30,4759.49,16778.68
2023-12-19 19:30,4762.82,16793.95
2023-12-19 20:30,4761.72,16785.28
2023-12-19 21:00,4768.44,16811.90
2023-12-20 15:30,4770.74,16840.01
2023-12-20 16:30,4772.43,16830.90
2023-12-20 17:30,4773.64,16832.10
2023-12-20 18:30,4774.77,16847.17
2023-12-20 19:30,4764.92,16799.96
2023-12-20 20:30,4712.48,16587.65
2023-12-20 21:00,4698.24,16555.19
2023-12-21 15:30,4730.79,16679.68
2023-12-21 16:30,4734.25,16696.53
2023-12-21 17:30,4714.79,16640.42
2023-12-21 18:30,4719.92,16664.98
2023-12-21 19:30,4725.30,16680.85
2023-12-21 20:30,4737.76,16738.16
2023-12-21 21:00,4747.53,16757.54
2023-12-22 15:30,4770.30,16826.51
2023-12-22 16:30,4763.20,16800.69
2023-12-22 17:30,4760.55,16791.29
2023-12-22 18:30,4765.56,16816.46
2023-12-22 19:30,4740.25,16719.27
2023-12-22 20:30,4758.31,16789.73
2023-12-22 21:00,4755.16,16780.56
2023-12-26 15:30,4768.11,16844.85
2023-12-26 16:30,4766.81,16837.12
2023-12-26 17:30,4770.40,16846.15
2023-12-26 18:30,4772.48,16858.66
2023-12-26 19:30,4774.57,16860.77
2023-12-26 20:30,4781.40,16898.42
2023-12-26 21:00,4774.94,16879.10
2023-12-27 15:30,4776.52,16883.20
2023-12-27 16:30,4773.60,16877.46
2023-12-27 17:30,4777.32,16890.06
2023-12-27 18:30,4781.02,16907.97
2023-12-27 19:30,4776.87,16895.70
2023-12-27 20:30,4775.22,16884.90
2023-12-27 21:00,4782.50,16910.32
2023-12-28 15:30,4790.82,16940.46
2023-12-28 16:30,4786.93,16926.68
2023-12-28 17:30,4787.47,16931.56
2023-12-28 18:30,4788.61,16929.45
2023-12-28 19:30,4791.88,16937.42
2023-12-28 20:30,4787.44,16912.14
2023-12-28 21:00,4784.12,16902.33
2023-12-29 15:30,4785.00,16905.16
2023-12-29 16:30,4757.91,16758.27
2023-12-29 17:30,4754.00,16765.34
2023-12-29 18:30,4763.37,16813.76
2023-12-29 19:30,4768.71,16831.34
2023-12-29 20:30,4775.83,16848.46
2023-12-29 21:00,4772.17,16828.09
2024-01-02 15:30,4736.26,16551.90
2024-01-02 16:30,4741.12,16584.28
2024-01-02 17:30,4747.55,16585.50
2024-01-02 18:30,4744.80,16559.23
2024-01-02 19:30,4737.02,16526.54
2024-01-02 20:30,4726.79,16471.23
2024-01-02 21:00,4743.04,16545.28
2024-01-03 15:30,4713.21,16412.85
2024-01-03 16:30,4714.78,16417.82
2024-01-03 17:30,4713.14,16404.17
2024-01-03 18:30,4721.22,16418.13
2024-01-03 19:30,4727.41,16444.43
2024-01-03 20:30,4710.47,16386.33
2024-01-03 21:00,4704.15,16367.35
2024-01-04 15:30,4715.09,16347.30
2024-01-04 16:30,4723.66,16405.19
2024-01-04 17:30,4712.93,16362.97
2024-01-04 18:30,4710.27,16355.61
2024-01-04 19:30,4702.85,16321.34
2024-01-04 20:30,4699.81,16325.71
2024-01-04 21:00,4689.70,16285.39
2024-01-05 15:30,4712.64,16380.96
2024-01-05 16:30,4708.94,16365.26
2024-01-05 17:30,4690.70,16300.03
2024-01-05 18:30,4695.37,16311.99
2024-01-05 19:30,4699.27,16321.27
2024-01-05 20:30,4686.71,16262.57
2024-01-05 21:00,4696.66,16303.34
2024-01-08 15:30,4717.25,16481.57
2024-01-08 16:30,4721.17,16490.86
2024-01-08 17:30,4724.64,16525.95
2024-01-08 18:30,4731.15,16555.63
2024-01-08 19:30,4746.59,16597.15
2024-01-08 20:30,4753.76,16620.91
2024-01-08 21:00,4762.74,16645.59
2024-01-09 15:30,4742.03,16573.24
2024-01-09 16:30,4749.80,16627.14
2024-01-09 17:30,4758.86,16673.46
2024-01-09 18:30,4755.28,16676.84
2024-01-09 19:30,4752.90,16661.52
2024-01-09 20:30,4754.31,16669.57
2024-01-09 21:00,4755.87,16676.63
2024-01-10 15:30,4764.07,16708.48
2024-01-10 16:30,4764.75,16716.49
2024-01-10 17:30,4767.98,16736.94
2024-01-10 18:30,4769.67,16753.31
2024-01-10 19:30,4782.54,16798.56
2024-01-10 20:30,4779.22,16786.51
2024-01-10 21:00,4782.15,16792.17
2024-01-11 15:30,4766.58,16749.36
2024-01-11 16:30,4747.66,16655.40
2024-01-11 17:30,4746.35,16647.61
2024-01-11 18:30,4764.54,16745.92
2024-01-11 19:30,4777.57,16802.45
2024-01-11 20:30,4775.71,16803.09
2024-01-11 21:00,4780.29,16818.81
2024-01-12 15:30,4780.86,16823.39
2024-01-12 16:30,4782.17,16843.08
2024-01-12 17:30,4775.49,16803.73
2024-01-12 18:30,4782.30,16830.26
2024-01-12 19:30,4785.66,16833.06
2024-01-12 20:30,4778.24,16813.63
2024-01-12 21:00,4783.14,16829.48
2024-01-16 15:30,4776.72,16860.60
2024-01-16 16:30,4775.49,16861.93
2024-01-16 17:30,4760.63,16784.75
2024-01-16 18:30,4766.06,16798.79
2024-01-16 19:30,4752.20,16757.03
2024-01-16 20:30,4756.80,16791.50
2024-01-16 21:00,4765.18,16829.46
2024-01-17 15:30,4734.41,16622.24
2024-01-17 16:30,4741.34,16689.88
2024-01-17 17:30,4731.13,16659.47
2024-01-17 18:30,4722.99,16638.47
2024-01-17 19:30,4728.39,16669.57
2024-01-17 20:30,4724.74,16670.42
2024-01-17 21:00,4739.00,16737.75
2024-01-18 15:30,4757.65,16904.06
2024-01-18 16:30,4763.09,16956.80
2024-01-18 17:30,4751.61,16894.97
2024-01-18 18:30,4743.25,16830.85
2024-01-18 19:30,4772.33,16963.91
2024-01-18 20:30,4779.72,16978.92
2024-01-18 21:00,4780.53,16981.38
2024-01-19 15:30,4795.79,17089.60
2024-01-19 16:30,4804.45,17128.44
2024-01-19 17:30,4809.13,17156.75
2024-01-19 18:30,4825.22,17220.09
2024-01-19 19:30,4835.38,17280.31
2024-01-19 20:30,4836.98,17298.47
2024-01-19 21:00,4838.96,17310.66
2024-01-22 15:30,4859.03,17356.61
2024-01-22 16:30,4856.18,17364.25
2024-01-22 17:30,4854.91,17363.24
2024-01-22 18:30,4844.80,17311.37
2024-01-22 19:30,4851.57,17333.59
2024-01-22 20:30,4856.81,17358.70
2024-01-22 21:00,4850.62,17329.18
2024-01-23 15:30,4854.11,17338.02
2024-01-23 16:30,4845.90,17317.90
2024-01-23 17:30,4847.78,17326.12
2024-01-23 18:30,4852.96,17351.58
2024-01-23 19:30,4853.48,17347.57
2024-01-23 20:30,4862.18,17384.23
2024-01-23 21:00,4864.07,17401.93
2024-01-24 15:30,4890.87,17590.79
2024-01-24 16:30,4895.23,17583.99
2024-01-24 17:30,4898.93,17637.84
2024-01-24 18:30,4895.94,17632.31
2024-01-24 19:30,4877.71,17522.87
2024-01-24 20:30,4870.46,17492.83
2024-01-24 21:00,4869.03,17498.36
2024-01-25 15:30,4895.88,17610.23
2024-01-25 16:30,4893.26,17605.23
2024-01-25 17:30,4881.85,17560.03
2024-01-25 18:30,4878.00,17509.89
2024-01-25 19:30,4876.92,17457.45
2024-01-25 20:30,4880.65,17480.60
2024-01-25 21:00,4895.05,17519.72
2024-01-26 15:30,4897.40,17466.57
2024-01-26 16:30,4902.41,17497.72
2024-01-26 17:30,4899.40,17486.48
2024-01-26 18:30,4889.22,17427.76
2024-01-26 19:30,4887.42,17416.34
2024-01-26 20:30,4890.07,17425.81
2024-01-26 21:00,4890.07,17417.17
2024-01-29 15:30,4892.31,17435.14
2024-01-29 16:30,4893.55,17448.24
2024-01-29 17:30,4898.19,17482.77
2024-01-29 18:30,4899.90,17485.39
2024-01-29 19:30,4903.51,17507.01
2024-01-29 20:30,4925.11,17592.26
2024-01-29 21:00,4928.10,17596.40
2024-01-30 15:30,4923.01,17546.46
2024-01-30 16:30,4925.71,17533.38
2024-01-30 17:30,4920.91,17477.74
2024-01-30 18:30,4924.08,17488.48
2024-01-30 19:30,4927.32,17475.54
2024-01-30 20:30,4929.16,17492.37
2024-01-30 21:00,4924.62,17478.46
2024-01-31 15:30,4887.84,17222.78
2024-01-31 16:30,4885.13,17229.89
2024-01-31 17:30,4887.99,17253.28
2024-01-31 18:30,4886.89,17273.05
2024-01-31 19:30,4876.27,17228.93
2024-01-31 20:30,4861.68,17195.19
2024-01-31 21:00,4845.49,17137.77
2024-02-01 15:30,4876.33,17268.89
2024-02-01 16:30,4860.60,17185.77
2024-02-01 17:30,4879.60,17251.17
2024-02-01 18:30,4885.10,17275.22
2024-02-01 19:30,4889.11,17299.90
2024-02-01 20:30,4901.82,17343.72
2024-02-01 21:00,4905.95,17342.91
2024-02-02 15:30,4923.81,17491.52
2024-02-02 16:30,4944.42,17579.38
2024-02-02 17:30,4958.76,17654.95
2024-02-02 18:30,4952.58,17614.98
2024-02-02 19:30,4964.72,17655.05
2024-02-02 20:30,4973.88,17671.62
2024-02-02 21:00,4958.04,17640.16
2024-02-05 15:30,4928.95,17537.00
2024-02-05 16:30,4928.29,17524.56
2024-02-05 17:30,4941.97,17598.22
2024-02-05 18:30,4941.21,17595.44
2024-02-05 19:30,4949.33,17622.69
2024-02-05 20:30,4951.66,17623.58
2024-02-05 21:00,4942.21,17607.32
2024-02-06 15:30,4938.65,17535.44
2024-02-06 16:30,4947.24,17566.90
2024-02-06 17:30,4942.70,17514.08
2024-02-06 18:30,4943.07,17519.29
2024-02-06 19:30,4939.94,17507.82
2024-02-06 20:30,4946.11,17547.99
2024-02-06 21:00,4954.24,17571.66
2024-02-07 15:30,4994.40,17774.83
2024-02-07 16:30,4986.06,17739.28
2024-02-07 17:30,4988.22,17734.37
2024-02-07 18:30,4996.45,17758.09
2024-02-07 19:30,4994.28,17752.17
2024-02-07 20:30,4996.52,17766.50
2024-02-07 21:00,4994.94,17753.53
2024-02-08 15:30,4992.92,17760.24
2024-02-08 16:30,4987.47,17782.49
2024-02-08 17:30,4994.65,17811.07
2024-02-08 18:30,4994.38,17800.68
2024-02-08 19:30,4992.49,17763.88
2024-02-08 20:30,4998.36,17792.27
2024-02-08 21:00,4998.52,17784.34
2024-02-09 15:30,5010.66,17891.15
2024-02-09 16:30,5011.13,17902.62
2024-02-09 17:30,5015.15,17920.04
2024-02-09 18:30,5021.16,17953.55
2024-02-09 19:30,5024.73,17968.56
2024-02-09 20:30,5024.99,17960.85
2024-02-09 21:00,5025.89,17958.61
2024-02-12 15:30,5026.87,17957.35
2024-02-12 16:30,5042.14,18013.82
2024-02-12 17:30,5042.78,18001.37
2024-02-12 18:30,5039.33,17980.06
2024-02-12 19:30,5024.76,17899.99
2024-02-12 20:30,5023.08,17897.33
2024-02-12 21:00,5022.49,17885.04
2024-02-13 15:30,4962.19,17665.54
2024-02-13 16:30,4968.68,17681.26
2024-02-13 17:30,4958.30,17620.25
2024-02-13 18:30,4955.60,17613.91
2024-02-13 19:30,4934.53,17545.01
2024-02-13 20:30,4926.41,17501.97
2024-02-13 21:00,4953.70,17603.03
2024-02-14 15:30,4989.03,17762.63
2024-02-14 16:30,4974.12,17678.82
2024-02-14 17:30,4971.90,17686.41
2024-02-14 18:30,4971.18,17685.85
2024-02-14 19:30,4979.01,17705.50
2024-02-14 20:30,4992.41,17764.60
2024-02-14 21:00,5000.32,17806.37
2024-02-15 15:30,5007.49,17756.04
2024-02-15 16:30,5005.79,17765.27
2024-02-15 17:30,5015.56,17801.70
2024-02-15 18:30,5025.50,17853.63
2024-02-15 19:30,5026.08,17841.56
2024-02-15 20:30,5027.27,17829.53
2024-02-15 21:00,5029.67,17847.68
2024-02-16 15:30,5012.96,17706.54
2024-02-16 16:30,5029.50,17802.33
2024-02-16 17:30,5032.58,17816.25
2024-02-16 18:30,5026.80,17771.58
2024-02-16 19:30,5036.69,17825.61
2024-02-16 20:30,5016.12,17726.77
2024-02-16 21:00,5005.15,17683.69
2024-02-20 15:30,4971.61,17450.18
2024-02-20 16:30,4979.02,17513.45
2024-02-20 17:30,4960.27,17416.30
2024-02-20 18:30,4961.88,17436.43
2024-02-20 19:30,4969.46,17478.52
2024-02-20 20:30,4976.97,17527.43
2024-02-20 21:00,4975.99,17550.77
2024-02-21 15:30,4963.71,17419.57
2024-02-21 16:30,4967.95,17432.41
2024-02-21 17:30,4960.42,17391.47
2024-02-21 18:30,4962.36,17397.69
2024-02-21 19:30,4956.35,17355.74
2024-02-21 20:30,4953.75,17359.85
2024-02-21 21:00,4981.91,17478.22
2024-02-22 15:30,5063.30,17902.21
2024-02-22 16:30,5063.99,17905.13
2024-02-22 17:30,5069.57,17938.84
2024-02-22 18:30,5077.88,17971.49
2024-02-22 19:30,5094.05,18033.69
2024-02-22 20:30,5087.30,18008.15
2024-02-22 21:00,5086.19,17998.55
2024-02-23 15:30,5102.41,18002.25
2024-02-23 16:30,5091.62,17959.75
2024-02-23 17:30,5092.57,17972.68
2024-02-23 18:30,5099.31,18004.15
2024-02-23 19:30,5087.74,17947.84
2024-02-23 20:30,5089.05,17925.29
2024-02-23 21:00,5089.31,17937.28
2024-02-26 15:30,5089.56,17976.50
2024-02-26 16:30,5083.68,17971.54
2024-02-26 17:30,5088.07,18004.76
2024-02-26 18:30,5076.11,17955.24
2024-02-26 19:30,5081.45,17985.27
2024-02-26 20:30,5078.37,17968.47
2024-02-26 21:00,5069.09,17931.81
2024-02-27 15:30,5071.69,17966.46
2024-02-27 16:30,5066.23,17934.92
2024-02-27 17:30,5065.00,17933.05
2024-02-27 18:30,5061.96,17900.88
2024-02-27 19:30,5072.55,17962.25
2024-02-27 20:30,5076.97,17981.20
2024-02-27 21:00,5079.48,17974.48
2024-02-28 15:30,5065.31,17859.90
2024-02-28 16:30,5073.75,17918.22
2024-02-28 17:30,5069.29,17891.57
2024-02-28 18:30,5073.75,17897.56
2024-02-28 19:30,5066.79,17870.33
2024-02-28 20:30,5070.53,17885.08
2024-02-28 21:00,5070.27,17876.81
2024-02-29 15:30,5085.35,17979.08
2024-02-29 16:30,5079.97,17942.56
2024-02-29 17:30,5073.49,17933.92
2024-02-29 18:30,5085.91,18004.63
2024-02-29 19:30,5085.08,17987.13
2024-02-29 20:30,5089.61,18009.00
2024-02-29 21:00,5097.54,18038.93
2024-03-01 15:30,5111.78,18143.86
2024-03-01 16:30,5116.37,18193.18
2024-03-01 17:30,5123.68,18228.61
2024-03-01 18:30,5129.75,18279.65
2024-03-01 19:30,5139.30,18329.59
2024-03-01 20:30,5136.84,18307.02
2024-03-01 21:00,5137.04,18304.81
2024-03-04 15:30,5133.14,18255.70
2024-03-04 16:30,5132.36,18271.32
2024-03-04 17:30,5139.28,18289.52
2024-03-04 18:30,5133.91,18253.89
2024-03-04 19:30,5137.31,18268.68
2024-03-04 20:30,5142.81,18288.71
2024-03-04 21:00,5131.04,18227.95
2024-03-05 15:30,5091.37,17931.23
2024-03-05 16:30,5089.35,17926.89
2024-03-05 17:30,5092.20,17945.30
2024-03-05 18:30,5084.66,17893.88
2024-03-05 19:30,5077.73,17867.77
2024-03-05 20:30,5057.63,17810.10
2024-03-05 21:00,5078.86,17898.28
2024-03-06 15:30,5101.55,17990.17
2024-03-06 16:30,5120.18,18067.52
2024-03-06 17:30,5125.08,18127.50
2024-03-06 18:30,5125.78,18123.96
2024-03-06 19:30,5108.68,18048.57
2024-03-06 20:30,5098.64,17989.42
2024-03-06 21:00,5105.73,18015.80
2024-03-07 15:30,5148.75,18217.01
2024-03-07 16:30,5151.33,18267.61
2024-03-07 17:30,5152.16,18291.02
2024-03-07 18:30,5156.89,18306.44
2024-03-07 19:30,5159.20,18319.65
2024-03-07 20:30,5153.10,18282.85
2024-03-07 21:00,5158.28,18301.64
2024-03-08 15:30,5186.49,18408.61
2024-03-08 16:30,5153.25,18178.63
2024-03-08 17:30,5152.11,18166.22
2024-03-08 18:30,5129.56,18042.94
2024-03-08 19:30,5140.91,18098.64
2024-03-08 20:30,5125.98,18036.46
2024-03-08 21:00,5124.37,18020.67
2024-03-11 14:30,5096.05,17910.88
2024-03-11 15:30,5100.52,17914.41
2024-03-11 16:30,5111.49,17955.86
2024-03-11 17:30,5118.65,17974.06
2024-03-11 18:30,5118.14,17974.92
2024-03-11 19:30,5114.87,17942.05
2024-03-11 20:00,5118.46,17953.34
2024-03-12 14:30,5157.04,18105.08
2024-03-12 15:30,5168.95,18193.14
2024-03-12 16:30,5157.41,18124.39
2024-03-12 17:30,5155.62,18122.95
2024-03-12 18:30,5170.71,18179.47
2024-03-12 19:30,5177.71,18206.17
2024-03-12 20:00,5174.94,18217.64
2024-03-13 14:30,5170.40,18092.48
2024-03-13 15:30,5166.39,18065.74
2024-03-13 16:30,5168.71,18075.53
2024-03-13 17:30,5177.81,18122.17
2024-03-13 18:30,5174.54,18123.47
2024-03-13 19:30,5157.36,18056.13
2024-03-13 20:00,5165.61,18068.33
2024-03-14 14:30,5155.52,18062.02
2024-03-14 15:30,5148.34,18026.19
2024-03-14 16:30,5151.68,18029.38
2024-03-14 17:30,5136.76,17985.50
2024-03-14 18:30,5151.70,18048.97
2024-03-14 19:30,5131.20,17943.69
2024-03-14 20:00,5151.43,18020.71
2024-03-15 14:30,5124.80,17863.56
2024-03-15 15:30,5127.53,17857.44
2024-03-15 16:30,5111.93,17794.93
2024-03-15 17:30,5113.33,17806.24
2024-03-15 18:30,5115.71,17812.14
2024-03-15 19:30,5121.82,17842.47
2024-03-15 20:00,5117.42,17811.34
2024-03-18 14:30,5172.25,18112.52
2024-03-18 15:30,5167.70,18068.13
2024-03-18 16:30,5162.38,18043.32
2024-03-18 17:30,5162.41,18035.38
2024-03-18 18:30,5164.11,18057.89
2024-03-18 19:30,5159.39,18033.54
2024-03-18 20:00,5149.42,17984.28
2024-03-19 14:30,5134.99,17835.30
2024-03-19 15:30,5147.56,17885.13
2024-03-19 16:30,5160.84,17952.98
2024-03-19 17:30,5169.54,18005.83
2024-03-19 18:30,5171.16,18022.45
2024-03-19 19:30,5166.05,17987.51
2024-03-19 20:00,5178.01,18028.55
2024-03-20 14:30,5183.85,18052.17
2024-03-20 15:30,5182.45,18044.75
2024-03-20 16:30,5178.07,18036.73
2024-03-20 17:30,5174.61,18021.08
2024-03-20 18:30,5196.17,18121.92
2024-03-20 19:30,5224.21,18236.73
2024-03-20 20:00,5223.29,18238.61
2024-03-21 14:30,5257.55,18420.41
2024-03-21 15:30,5254.06,18415.80
2024-03-21 16:30,5260.34,18461.84
2024-03-21 17:30,5254.38,18424.46
2024-03-21 18:30,5250.35,18375.24
2024-03-21 19:30,5247.77,18347.46
2024-03-21 20:00,5241.02,18317.10
2024-03-22 14:30,5238.28,18296.78
2024-03-22 15:30,5236.85,18317.25
2024-03-22 16:30,5234.48,18316.58
2024-03-22 17:30,5240.53,18360.20
2024-03-22 18:30,5245.14,18372.67
2024-03-22 19:30,5237.13,18335.16
2024-03-22 20:00,5234.27,18339.91
2024-03-25 14:30,5224.68,18280.68
2024-03-25 15:30,5226.20,18296.80
2024-03-25 16:30,5224.90,18293.07
2024-03-25 17:30,5225.31,18312.79
2024-03-25 18:30,5228.55,18327.67
2024-03-25 19:30,5222.46,18299.34
2024-03-25 20:00,5219.06,18279.07
2024-03-26 14:30,5230.47,18330.90
2024-03-26 15:30,5232.81,18340.23
2024-03-26 16:30,5231.27,18333.08
2024-03-26 17:30,5228.50,18320.82
2024-03-26 18:30,5229.47,18329.02
2024-03-26 19:30,5221.77,18281.26
2024-03-26 20:00,5204.18,18213.69
2024-03-27 14:30,5217.95,18193.67
2024-03-27 15:30,5216.27,18183.72
2024-03-27 16:30,5219.76,18213.83
2024-03-27 17:30,5222.35,18206.71
2024-03-27 18:30,5227.36,18232.17
2024-03-27 19:30,5227.54,18211.10
2024-03-27 20:00,5249.13,18283.42
2024-03-28 14:30,5250.34,18265.88
2024-03-28 15:30,5254.57,18279.18
2024-03-28 16:30,5253.38,18264.06
2024-03-28 17:30,5250.10,18243.32
2024-03-28 18:30,5254.15,18254.98
2024-03-28 19:30,5263.30,18280.95
2024-03-28 20:00,5255.60,18242.98
2024-04-01 14:30,5249.45,18324.64
2024-04-01 15:30,5240.39,18261.29
2024-04-01 16:30,5238.99,18264.74
2024-04-01 17:30,5235.04,18240.49
2024-04-01 18:30,5238.06,18261.53
2024-04-01 19:30,5237.73,18259.06
2024-04-01 20:00,5243.41,18290.73
2024-04-02 14:30,5190.69,18035.23
2024-04-02 15:30,5194.99,18062.50
2024-04-02 16:30,5192.91,18048.26
2024-04-02 17:30,5195.29,18075.31
2024-04-02 18:30,5197.55,18078.11
2024-04-02 19:30,5202.67,18098.86
2024-04-02 20:00,5205.87,18122.09
2024-04-03 14:30,5223.18,18201.05
2024-04-03 15:30,5227.08,18232.69
2024-04-03 16:30,5224.94,18213.86
2024-04-03 17:30,5224.82,18212.85
2024-04-03 18:30,5221.02,18202.16
2024-04-03 19:30,5203.99,18126.59
2024-04-03 20:00,5213.18,18161.21
2024-04-04 14:30,5247.19,18306.26
2024-04-04 15:30,5245.53,18297.50
2024-04-04 16:30,5253.13,18349.41
2024-04-04 17:30,5249.73,18338.44
2024-04-04 18:30,5198.43,18138.27
2024-04-04 19:30,5155.19,17915.79
2024-04-04 20:00,5147.08,17876.18
2024-04-05 14:30,5172.64,18008.33
2024-04-05 15:30,5196.03,18082.32
2024-04-05 16:30,5214.71,18157.64
2024-04-05 17:30,5210.56,18166.88
2024-04-05 18:30,5196.74,18087.74
2024-04-05 19:30,5200.00,18092.24
2024-04-05 20:00,5204.80,18105.88
2024-04-08 14:30,5213.63,18146.28
2024-04-08 15:30,5213.04,18141.29
2024-04-08 16:30,5203.69,18089.51
2024-04-08 17:30,5210.54,18114.74
2024-04-08 18:30,5210.18,18121.73
2024-04-08 19:30,5210.64,18119.55
2024-04-08 20:00,5203.62,18103.05
2024-04-09 14:30,5193.32,18091.87
2024-04-09 15:30,5176.65,18035.49
2024-04-09 16:30,5189.76,18095.23
2024-04-09 17:30,5188.49,18085.43
2024-04-09 18:30,5183.84,18070.49
2024-04-09 19:30,5202.58,18132.83
2024-04-09 20:00,5210.06,18170.84
2024-04-10 14:30,5164.86,17996.95
2024-04-10 15:30,5161.25,17992.63
2024-04-10 16:30,5151.08,17965.04
2024-04-10 17:30,5156.44,17997.10
2024-04-10 18:30,5149.29,17961.80
2024-04-10 19:30,5160.09,18000.46
2024-04-10 20:00,5159.83,18010.08
2024-04-11 14:30,5143.17,18034.73
2024-04-11 15:30,5152.75,18071.51
2024-04-11 16:30,5165.94,18120.93
2024-04-11 17:30,5192.52,18233.24
2024-04-11 18:30,5207.83,18312.90
2024-04-11 19:30,5206.80,18322.13
2024-04-11 20:00,5198.17,18306.98
2024-04-12 14:30,5155.44,18105.65
2024-04-12 15:30,5151.26,18089.90
2024-04-12 16:30,5134.84,18032.88
2024-04-12 17:30,5113.70,17965.69
2024-04-12 18:30,5122.63,17996.56
2024-04-12 19:30,5111.57,17966.85
2024-04-12 20:00,5123.60,18005.96
2024-04-15 14:30,5141.74,18056.50
2024-04-15 15:30,5132.12,18023.24
2024-04-15 16:30,5122.36,17966.62
2024-04-15 17:30,5082.24,17786.44
2024-04-15 18:30,5067.74,17731.37
2024-04-15 19:30,5058.62,17693.51
2024-04-15 20:00,5061.62,17707.81
2024-04-16 14:30,5048.65,17700.89
2024-04-16 15:30,5057.65,17745.20
2024-04-16 16:30,5060.73,17734.99
2024-04-16 17:30,5058.78,17734.24
2024-04-16 18:30,5046.63,17694.53
2024-04-16 19:30,5072.26,17779.68
2024-04-16 20:00,5050.59,17711.69
2024-04-17 14:30,5059.72,17688.77
2024-04-17 15:30,5037.66,17615.80
2024-04-17 16:30,5020.71,17523.78
2024-04-17 17:30,5032.45,17549.06
2024-04-17 18:30,5034.27,17553.38
2024-04-17 19:30,5022.72,17494.33
2024-04-17 20:00,5021.42,17491.16
2024-04-18 14:30,5036.17,17506.23
2024-04-18 15:30,5048.15,17555.89
2024-04-18 16:30,5041.85,17533.25
2024-04-18 17:30,5017.54,17437.41
2024-04-18 18:30,5010.71,17412.26
2024-04-18 19:30,5013.14,17410.54
2024-04-18 20:00,5010.19,17394.11
2024-04-19 14:30,4999.10,17220.98
2024-04-19 15:30,4993.57,17186.54
2024-04-19 16:30,4967.22,17064.10
2024-04-19 17:30,4980.83,17118.75
2024-04-19 18:30,4970.23,17071.26
2024-04-19 19:30,4966.13,17038.79
2024-04-19 20:00,4967.20,17038.07
2024-04-22 14:30,4979.17,17049.47
2024-04-22 15:30,4979.22,17062.19
2024-04-22 16:30,4992.58,17118.35
2024-04-22 17:30,5015.08,17199.38
2024-04-22 18:30,5035.98,17286.28
2024-04-22 19:30,5021.42,17249.48
2024-04-22 20:00,5011.48,17212.79
2024-04-23 14:30,5059.61,17425.78
2024-04-23 15:30,5064.47,17449.87
2024-04-23 16:30,5068.89,17465.49
2024-04-23 17:30,5069.27,17458.10
2024-04-23 18:30,5075.09,17507.79
2024-04-23 19:30,5069.57,17487.27
2024-04-23 20:00,5069.41,17471.73
2024-04-24 14:30,5078.47,17590.82
2024-04-24 15:30,5061.14,17520.86
2024-04-24 16:30,5056.19,17470.03
2024-04-24 17:30,5067.07,17515.27
2024-04-24 18:30,5065.94,17502.87
2024-04-24 19:30,5073.82,17533.27
2024-04-24 20:00,5072.21,17528.63
2024-04-25 14:30,5011.44,17306.91
2024-04-25 15:30,5012.30,17278.41
2024-04-25 16:30,5029.33,17333.62
2024-04-25 17:30,5032.49,17366.73
2024-04-25 18:30,5036.33,17390.55
2024-04-25 19:30,5056.92,17468.95
2024-04-25 20:00,5049.33,17431.90
2024-04-26 14:30,5096.85,17675.45
2024-04-26 15:30,5097.73,17709.61
2024-04-26 16:30,5104.26,17718.58
2024-04-26 17:30,5111.96,17763.23
2024-04-26 18:30,5105.23,17721.03
2024-04-26 19:30,5112.35,17759.12
2024-04-26 20:00,5098.69,17712.14
2024-04-29 14:30,5117.83,17771.32
2024-04-29 15:30,5111.55,17754.19
2024-04-29 16:30,5116.54,17780.46
2024-04-29 17:30,5119.50,17799.07
2024-04-29 18:30,5112.16,17763.21
2024-04-29 19:30,5101.33,17722.92
2024-04-29 20:00,5116.84,17783.93
2024-04-30 14:30,5099.41,17710.96
2024-04-30 15:30,5083.80,17649.13
2024-04-30 16:30,5081.93,17643.67
2024-04-30 17:30,5067.35,17578.48
2024-04-30 18:30,5067.19,17571.43
2024-04-30 19:30,5062.24,17569.29
2024-04-30 20:00,5036.25,17445.04
2024-05-01 14:30,5022.94,17352.29
2024-05-01 15:30,5022.47,17336.27
2024-05-01 16:30,5025.26,17346.02
2024-05-01 17:30,5021.89,17331.24
2024-05-01 18:30,5045.75,17443.55
2024-05-01 19:30,5079.19,17598.71
2024-05-01 20:00,5017.57,17316.34
2024-05-02 14:30,5034.40,17390.93
2024-05-02 15:30,5036.39,17415.76
2024-05-02 16:30,5037.42,17431.38
2024-05-02 17:30,5055.74,17496.13
2024-05-02 18:30,5059.33,17519.12
2024-05-02 19:30,5068.51,17564.24
2024-05-02 20:00,5065.36,17545.36
2024-05-03 14:30,5111.95,17834.10
2024-05-03 15:30,5112.21,17834.31
2024-05-03 16:30,5123.63,17875.40
2024-05-03 17:30,5126.17,17881.85
2024-05-03 18:30,5132.71,17908.99
2024-05-03 19:30,5131.65,17908.11
2024-05-03 20:00,5127.77,17891.28
2024-05-06 14:30,5158.95,17994.79
2024-05-06 15:30,5155.79,17992.58
2024-05-06 16:30,5156.14,17982.09
2024-05-06 17:30,5160.91,18005.52
2024-05-06 18:30,5170.26,18038.77
2024-05-06 19:30,5166.29,18035.29
2024-05-06 20:00,5180.70,18093.48
2024-05-07 14:30,5187.10,18083.70
2024-05-07 15:30,5194.65,18139.65
2024-05-07 16:30,5196.70,18150.28
2024-05-07 17:30,5198.75,18147.11
2024-05-07 18:30,5182.87,18079.08
2024-05-07 19:30,5186.00,18092.65
2024-05-07 20:00,5187.52,18091.04
2024-05-08 14:30,5184.32,18101.82
2024-05-08 15:30,5185.17,18084.13
2024-05-08 16:30,5182.70,18076.44
2024-05-08 17:30,5177.78,18043.09
2024-05-08 18:30,5187.22,18081.35
2024-05-08 19:30,5187.71,18080.91
2024-05-08 20:00,5187.61,18084.64
2024-05-09 14:30,5194.36,18055.01
2024-05-09 15:30,5206.91,18128.83
2024-05-09 16:30,5201.93,18100.09
2024-05-09 17:30,5208.52,18121.96
2024-05-09 18:30,5208.48,18117.65
2024-05-09 19:30,5210.37,18112.32
2024-05-09 20:00,5214.58,18115.75
2024-05-10 14:30,5220.51,18135.55
2024-05-10 15:30,5218.22,18142.07
2024-05-10 16:30,5216.36,18138.64
2024-05-10 17:30,5214.11,18129.29
2024-05-10 18:30,5219.68,18152.69
2024-05-10 19:30,5223.03,18161.09
2024-05-10 20:00,5222.04,18158.58
2024-05-13 14:30,5229.79,18210.59
2024-05-13 15:30,5222.25,18185.66
2024-05-13 16:30,5225.88,18207.82
2024-05-13 17:30,5221.46,18197.96
2024-05-13 18:30,5220.98,18187.89
2024-05-13 19:30,5221.04,18192.44
2024-05-13 20:00,5221.74,18199.72
2024-05-14 14:30,5234.50,18267.71
2024-05-14 15:30,5231.25,18264.22
2024-05-14 16:30,5221.51,18218.06
2024-05-14 17:30,5222.61,18227.77
2024-05-14 18:30,5235.16,18283.20
2024-05-14 19:30,5246.93,18323.45
2024-05-14 20:00,5245.63,18319.70
2024-05-15 14:30,5275.46,18436.66
2024-05-15 15:30,5292.16,18498.87
2024-05-15 16:30,5291.48,18512.98
2024-05-15 17:30,5299.48,18556.27
2024-05-15 18:30,5301.46,18585.69
2024-05-15 19:30,5302.42,18597.98
2024-05-15 20:00,5308.67,18599.13
2024-05-16 14:30,5317.35,18627.69
2024-05-16 15:30,5322.46,18656.10
2024-05-16 16:30,5315.69,18634.13
2024-05-16 17:30,5308.12,18599.40
2024-05-16 18:30,5305.18,18586.06
2024-05-16 19:30,5309.60,18597.10
2024-05-16 20:00,5297.87,18557.98
2024-05-17 14:30,5302.00,18575.97
2024-05-17 15:30,5297.81,18565.58
2024-05-17 16:30,5296.09,18552.53
2024-05-17 17:30,5297.04,18534.32
2024-05-17 18:30,5289.23,18484.85
2024-05-17 19:30,5302.23,18543.39
2024-05-17 20:00,5303.89,18549.36
2024-05-20 14:30,5322.49,18663.87
2024-05-20 15:30,5323.57,18664.30
2024-05-20 16:30,5317.96,18660.98
2024-05-20 17:30,5313.59,18659.16
2024-05-20 18:30,5311.52,18660.44
2024-05-20 19:30,5312.19,18688.86
2024-05-20 20:00,5309.12,18677.91
2024-05-21 14:30,5309.54,18646.63
2024-05-21 15:30,5314.58,18669.88
2024-05-21 16:30,5311.29,18680.08
2024-05-21 17:30,5310.76,18671.16
2024-05-21 18:30,5313.21,18671.90
2024-05-21 19:30,5317.71,18687.86
2024-05-21 20:00,5321.97,18714.74
2024-05-22 14:30,5321.29,18735.70
2024-05-22 15:30,5319.86,18752.65
2024-05-22 16:30,5319.67,18739.61
2024-05-22 17:30,5318.60,18737.03
2024-05-22 18:30,5287.65,18613.46
2024-05-22 19:30,5296.93,18656.23
2024-05-22 20:00,5306.59,18706.81
2024-05-23 14:30,5313.66,18818.62
2024-05-23 15:30,5314.85,18822.13
2024-05-23 16:30,5322.08,18853.54
2024-05-23 17:30,5304.74,18775.24
2024-05-23 18:30,5266.87,18612.48
2024-05-23 19:30,5261.30,18580.27
2024-05-23 20:00,5268.33,18625.94
2024-05-24 14:30,5295.12,18759.53
2024-05-24 15:30,5306.75,18828.93
2024-05-24 16:30,5307.37,18834.80
2024-05-24 17:30,5305.85,18825.24
2024-05-24 18:30,5303.59,18827.43
2024-05-24 19:30,5298.82,18792.06
2024-05-24 20:00,5304.70,18809.05
2024-05-28 14:30,5305.88,18829.42
2024-05-28 15:30,5308.44,18858.23
2024-05-28 16:30,5307.37,18845.91
2024-05-28 17:30,5304.71,18856.60
2024-05-28 18:30,5292.21,18811.31
2024-05-28 19:30,5292.75,18811.56
2024-05-28 20:00,5307.11,18874.47
2024-05-29 14:30,5276.50,18787.63
2024-05-29 15:30,5273.91,18786.02
2024-05-29 16:30,5277.08,18788.48
2024-05-29 17:30,5278.31,18785.98
2024-05-29 18:30,5275.25,18777.04
2024-05-29 19:30,5277.51,18784.15
2024-05-29 20:00,5265.78,18731.55
2024-05-30 14:30,5248.56,18659.13
2024-05-30 15:30,5241.69,18610.45
2024-05-30 16:30,5248.85,18622.07
2024-05-30 17:30,5258.02,18651.69
2024-05-30 18:30,5250.25,18612.44
2024-05-30 19:30,5241.97,18568.35
2024-05-30 20:00,5236.17,18537.19
2024-05-31 14:30,5218.76,18370.73
2024-05-31 15:30,5208.87,18283.69
2024-05-31 16:30,5196.08,18204.61
2024-05-31 17:30,5216.15,18303.17
2024-05-31 18:30,5215.74,18267.96
2024-05-31 19:30,5230.74,18357.15
2024-05-31 20:00,5280.01,18540.82
2024-06-03 14:30,5291.97,18652.86
2024-06-03 15:30,5272.41,18568.36
2024-06-03 16:30,5247.06,18457.89
2024-06-03 17:30,5253.76,18479.81
2024-06-03 18:30,5259.24,18494.46
2024-06-03 19:30,5270.41,18540.62
2024-06-03 20:00,5282.82,18601.30
2024-06-04 14:30,5277.34,18568.62
2024-06-04 15:30,5266.34,18554.50
2024-06-04 16:30,5267.42,18558.22
2024-06-04 17:30,5276.83,18589.27
2024-06-04 18:30,5296.60,18681.21
2024-06-04 19:30,5283.86,18620.06
2024-06-04 20:00,5290.74,18651.34
2024-06-05 14:30,5310.26,18840.66
2024-06-05 15:30,5327.16,18915.09
2024-06-05 16:30,5329.50,18925.56
2024-06-05 17:30,5335.36,18948.82
2024-06-05 18:30,5343.16,18979.84
2024-06-05 19:30,5345.20,18987.47
2024-06-05 20:00,5353.64,19033.08
2024-06-06 14:30,5358.42,19037.62
2024-06-06 15:30,5352.18,19023.59
2024-06-06 16:30,5344.31,19010.39
2024-06-06 17:30,5348.86,19035.49
2024-06-06 18:30,5344.09,19008.06
2024-06-06 19:30,5352.30,19021.36
2024-06-06 20:00,5352.91,19017.77
2024-06-07 14:30,5353.33,19003.65
2024-06-07 15:30,5355.76,19025.61
2024-06-07 16:30,5365.65,19075.55
2024-06-07 17:30,5368.29,19087.83
2024-06-07 18:30,5353.90,19009.35
2024-06-07 19:30,5353.99,19011.27
2024-06-07 20:00,5346.30,19000.05
2024-06-10 14:30,5342.32,19001.56
2024-06-10 15:30,5350.23,19055.06
2024-06-10 16:30,5354.92,19071.07
2024-06-10 17:30,5349.29,19029.81
2024-06-10 18:30,5351.13,19016.33
2024-06-10 19:30,5361.84,19078.53
2024-06-10 20:00,5360.66,19075.72
2024-06-11 14:30,5343.51,19054.95
2024-06-11 15:30,5350.67,19087.39
2024-06-11 16:30,5344.67,19065.42
2024-06-11 17:30,5348.62,19087.33
2024-06-11 18:30,5368.04,19178.25
2024-06-11 19:30,5364.74,19160.69
2024-06-11 20:00,5375.81,19210.55
2024-06-12 14:30,5446.14,19510.46
2024-06-12 15:30,5438.77,19501.67
2024-06-12 16:30,5431.88,19469.94
2024-06-12 17:30,5436.06,19493.61
2024-06-12 18:30,5433.52,19495.82
2024-06-12 19:30,5416.76,19433.70
2024-06-12 20:00,5421.14,19465.85
2024-06-13 14:30,5416.59,19544.35
2024-06-13 15:30,5418.37,19550.84
2024-06-13 16:30,5403.90,19479.98
2024-06-13 17:30,5423.67,19545.85
2024-06-13 18:30,5427.00,19559.51
2024-06-13 19:30,5431.98,19575.89
2024-06-13 20:00,5432.81,19572.77
2024-06-14 14:30,5414.08,19606.37
2024-06-14 15:30,5419.23,19596.14
2024-06-14 16:30,5416.35,19588.08
2024-06-14 17:30,5426.43,19639.85
2024-06-14 18:30,5424.03,19635.81
2024-06-14 19:30,5428.49,19650.14
2024-06-14 20:00,5432.35,19663.34
2024-06-17 14:30,5427.96,19667.25
2024-06-17 15:30,5442.68,19729.45
2024-06-17 16:30,5458.19,19796.29
2024-06-17 17:30,5467.78,19868.26
2024-06-17 18:30,5484.63,19947.81
2024-06-17 19:30,5487.19,19970.02
2024-06-17 20:00,5473.67,19904.20
2024-06-18 14:30,5479.08,19895.35
2024-06-18 15:30,5475.06,19868.58
2024-06-18 16:30,5478.50,19888.38
2024-06-18 17:30,5485.07,19927.61
2024-06-18 18:30,5481.86,19898.93
2024-06-18 19:30,5483.14,19906.30
2024-06-18 20:00,5486.81,19906.62
2024-06-20 14:30,5495.52,19887.38
2024-06-20 15:30,5492.77,19910.31
2024-06-20 16:30,5473.76,19787.31
2024-06-20 17:30,5464.11,19731.54
2024-06-20 18:30,5484.67,19793.38
2024-06-20 19:30,5475.23,19748.86
2024-06-20 20:00,5472.46,19753.07
2024-06-21 14:30,5464.96,19697.75
2024-06-21 15:30,5465.90,19728.63
2024-06-21 16:30,5474.25,19773.45
2024-06-21 17:30,5462.57,19707.94
2024-06-21 18:30,5468.78,19728.44
2024-06-21 19:30,5465.44,19723.56
2024-06-21 20:00,5467.65,19704.86
2024-06-24 14:30,5474.85,19619.56
2024-06-24 15:30,5482.27,19638.30
2024-06-24 16:30,5481.13,19630.49
2024-06-24 17:30,5463.81,19551.08
2024-06-24 18:30,5458.25,19512.64
2024-06-24 19:30,5463.19,19562.69
2024-06-24 20:00,5448.93,19477.43
2024-06-25 14:30,5460.86,19613.62
2024-06-25 15:30,5462.61,19665.76
2024-06-25 16:30,5458.06,19656.06
2024-06-25 17:30,5457.89,19629.72
2024-06-25 18:30,5470.14,19695.03
2024-06-25 19:30,5472.72,19711.89
2024-06-25 20:00,5470.44,19706.34
2024-06-26 14:30,5458.99,19695.54
2024-06-26 15:30,5460.65,19695.58
2024-06-26 16:30,5472.95,19741.73
2024-06-26 17:30,5466.11,19699.17
2024-06-26 18:30,5468.73,19709.86
2024-06-26 19:30,5467.76,19700.39
2024-06-26 20:00,5478.61,19748.06
2024-06-27 14:30,5486.91,19820.72
2024-06-27 15:30,5473.67,19737.27
2024-06-27 16:30,5479.71,19774.57
2024-06-27 17:30,5484.19,19795.96
2024-06-27 18:30,5469.25,19756.15
2024-06-27 19:30,5478.74,19795.21
2024-06-27 20:00,5482.10,19785.82
2024-06-28 14:30,5516.01,19968.47
2024-06-28 15:30,5498.02,19854.33
2024-06-28 16:30,5490.23,19822.61
2024-06-28 17:30,5483.53,19803.88
2024-06-28 18:30,5474.62,19769.04
2024-06-28 19:30,5468.39,19745.87
2024-06-28 20:00,5459.16,19673.00
2024-07-01 14:30,5463.00,19691.54
2024-07-01 15:30,5462.93,19710.22
2024-07-01 16:30,5472.92,19773.88
2024-07-01 17:30,5471.02,19765.33
2024-07-01 18:30,5468.75,19765.09
2024-07-01 19:30,5464.35,19765.53
2024-07-01 20:00,5474.50,19807.04
2024-07-02 14:30,5473.43,19816.98
2024-07-02 15:30,5481.10,19880.08
2024-07-02 16:30,5479.10,19864.99
2024-07-02 17:30,5487.47,19932.92
2024-07-02 18:30,5498.39,19980.19
2024-07-02 19:30,5500.67,19982.57
2024-07-02 20:00,5509.28,20013.03
2024-07-03 14:30,5512.61,20027.41
2024-07-03 15:30,5521.51,20110.84
2024-07-03 16:30,5532.54,20182.45
2024-07-03 17:30,5537.02,20186.63
2024-07-05 14:30,5541.17,20286.55
2024-07-05 15:30,5549.12,20326.35
2024-07-05 16:30,5556.09,20380.03
2024-07-05 17:30,5558.59,20378.89
2024-07-05 18:30,5560.13,20367.92
2024-07-05 19:30,5563.82,20390.81
2024-07-05 20:00,5566.69,20389.24
2024-07-08 14:30,5574.51,20398.34
2024-07-08 15:30,5574.01,20433.42
2024-07-08 16:30,5565.59,20395.71
2024-07-08 17:30,5568.54,20423.54
2024-07-08 18:30,5571.96,20425.02
2024-07-08 19:30,5565.68,20395.92
2024-07-08 20:00,5572.13,20438.37
2024-07-09 14:30,5579.51,20476.84
2024-07-09 15:30,5579.65,20460.66
2024-07-09 16:30,5586.37,20475.80
2024-07-09 17:30,5579.38,20408.91
2024-07-09 18:30,5576.69,20427.85
2024-07-09 19:30,5577.00,20438.04
2024-07-09 20:00,5577.52,20453.96
2024-07-10 14:30,5592.80,20545.10
2024-07-10 15:30,5596.36,20528.06
2024-07-10 16:30,5608.31,20584.72
2024-07-10 17:30,5612.73,20625.52
2024-07-10 18:30,5614.52,20639.41
2024-07-10 19:30,5619.38,20642.90
2024-07-10 20:00,5632.98,20673.42
2024-07-11 14:30,5616.36,20472.47
2024-07-11 15:30,5591.40,20317.23
2024-07-11 16:30,5590.93,20294.01
2024-07-11 17:30,5589.29,20267.75
2024-07-11 18:30,5580.90,20200.37
2024-07-11 19:30,5584.16,20222.91
2024-07-11 20:00,5585.51,20217.98
2024-07-12 14:30,5616.63,20343.10
2024-07-12 15:30,5636.66,20443.57
2024-07-12 16:30,5625.40,20380.95
2024-07-12 17:30,5643.18,20456.94
2024-07-12 18:30,5648.82,20491.64
2024-07-12 19:30,5647.22,20468.82
2024-07-12 20:00,5615.93,20332.22
2024-07-15 14:30,5646.24,20478.00
2024-07-15 15:30,5656.44,20537.73
2024-07-15 16:30,5647.49,20456.23
2024-07-15 17:30,5635.28,20402.98
2024-07-15 18:30,5636.33,20394.09
2024-07-15 19:30,5639.22,20416.95
2024-07-15 20:00,5632.56,20392.84
2024-07-16 14:30,5644.42,20319.51
2024-07-16 15:30,5653.70,20355.87
2024-07-16 16:30,5644.38,20285.96
2024-07-16 17:30,5645.76,20311.57
2024-07-16 18:30,5652.23,20332.33
2024-07-16 19:30,5662.67,20374.78
2024-07-16 20:00,5667.56,20397.32
2024-07-17 14:30,5605.17,19935.18
2024-07-17 15:30,5603.63,19932.00
2024-07-17 16:30,5591.41,19838.62
2024-07-17 17:30,5591.52,19851.13
2024-07-17 18:30,5598.28,19865.36
2024-07-17 19:30,5598.47,19861.21
2024-07-17 20:00,5588.19,19799.69
2024-07-18 14:30,5606.88,19858.63
2024-07-18 15:30,5555.64,19632.16
2024-07-18 16:30,5547.33,19644.95
2024-07-18 17:30,5561.40,19713.19
2024-07-18 18:30,5544.18,19663.96
2024-07-18 19:30,5532.16,19635.01
2024-07-18 20:00,5545.25,19706.31
2024-07-19 14:30,5528.84,19626.31
2024-07-19 15:30,5514.26,19571.16
2024-07-19 16:30,5518.61,19568.85
2024-07-19 17:30,5503.34,19511.60
2024-07-19 18:30,5504.19,19517.23
2024-07-19 19:30,5517.93,19588.10
2024-07-19 20:00,5505.73,19523.57
2024-07-22 14:30,5549.22,19776.47
2024-07-22 15:30,5535.47,19663.60
2024-07-22 16:30,5539.02,19713.27
2024-07-22 17:30,5559.37,19801.61
2024-07-22 18:30,5564.33,19842.88
2024-07-22 19:30,5563.05,19817.15
2024-07-22 20:00,5563.96,19829.06
2024-07-23 14:30,5578.42,19843.76
2024-07-23 15:30,5582.28,19885.71
2024-07-23 16:30,5568.91,19795.36
2024-07-23 17:30,5565.87,19788.22
2024-07-23 18:30,5566.20,19786.38
2024-07-23 19:30,5570.00,19814.71
2024-07-23 20:00,5556.27,19751.66
2024-07-24 14:30,5477.68,19323.33
2024-07-24 15:30,5464.76,19235.89
2024-07-24 16:30,5458.53,19167.07
2024-07-24 17:30,5459.89,19187.10
2024-07-24 18:30,5450.35,19127.18
2024-07-24 19:30,5433.26,19054.74
2024-07-24 20:00,5428.38,19037.09
2024-07-25 14:30,5423.51,18924.04
2024-07-25 15:30,5449.85,19043.92
2024-07-25 16:30,5478.86,19179.45
2024-07-25 17:30,5464.44,19106.67
2024-07-25 18:30,5446.77,19061.69
2024-07-25 19:30,5448.59,19056.91
2024-07-25 20:00,5399.32,18828.61
2024-07-26 14:30,5454.25,18994.14
2024-07-26 15:30,5448.45,18960.37
2024-07-26 16:30,5472.52,19081.00
2024-07-26 17:30,5487.32,19137.51
2024-07-26 18:30,5462.19,19029.83
2024-07-26 19:30,5464.39,19029.82
2024-07-26 20:00,5459.51,19023.92
2024-07-29 14:30,5471.83,19145.16
2024-07-29 15:30,5457.75,19042.43
2024-07-29 16:30,5477.02,19153.46
2024-07-29 17:30,5470.64,19115.25
2024-07-29 18:30,5466.33,19072.88
2024-07-29 19:30,5471.03,19092.48
2024-07-29 20:00,5463.68,19059.50
2024-07-30 14:30,5466.29,19023.38
2024-07-30 15:30,5438.48,18884.30
2024-07-30 16:30,5424.29,18793.62
2024-07-30 17:30,5421.06,18763.78
2024-07-30 18:30,5435.61,18829.10
2024-07-30 19:30,5433.27,18791.25
2024-07-30 20:00,5435.39,18791.09
2024-07-31 14:30,5519.39,19289.06
2024-07-31 15:30,5528.28,19340.95
2024-07-31 16:30,5522.44,19303.57
2024-07-31 17:30,5520.72,19296.49
2024-07-31 18:30,5527.17,19329.34
2024-07-31 19:30,5513.57,19294.92
2024-07-31 20:00,5520.95,19360.57
2024-08-01 14:30,5515.90,19315.05
2024-08-01 15:30,5477.55,19127.74
2024-08-01 16:30,5466.40,19018.50
2024-08-01 17:30,5439.19,18882.78
2024-08-01 18:30,5418.61,18783.87
2024-08-01 19:30,5430.74,18840.39
2024-08-01 20:00,5446.77,18889.07
2024-08-02 14:30,5321.29,18370.40
2024-08-02 15:30,5310.29,18361.04
2024-08-02 16:30,5343.66,18470.98
2024-08-02 17:30,5321.63,18362.47
2024-08-02 18:30,5332.77,18427.24
2024-08-02 19:30,5338.55,18427.66
2024-08-02 20:00,5345.52,18438.06
2024-08-05 14:30,5163.10,17755.60
2024-08-05 15:30,5212.74,17996.40
2024-08-05 16:30,5250.74,18163.65
2024-08-05 17:30,5212.08,17982.25
2024-08-05 18:30,5205.27,17926.01
2024-08-05 19:30,5179.23,17865.46
2024-08-05 20:00,5188.41,17902.06
2024-08-06 14:30,5244.33,18058.33
2024-08-06 15:30,5239.63,18084.22
2024-08-06 16:30,5275.45,18223.92
2024-08-06 17:30,5293.26,18308.02
2024-08-06 18:30,5303.84,18344.28
2024-08-06 19:30,5282.07,18231.28
2024-08-06 20:00,5237.31,18068.84
2024-08-07 14:30,5302.48,18328.25
2024-08-07 15:30,5311.27,18360.45
2024-08-07 16:30,5291.77,18274.23
2024-08-07 17:30,5251.41,18094.79
2024-08-07 18:30,5222.13,17976.15
2024-08-07 19:30,5225.62,17985.06
2024-08-07 20:00,5201.21,17864.78
2024-08-08 14:30,5293.32,18270.69
2024-08-08 15:30,5294.39,18285.56
2024-08-08 16:30,5299.59,18331.90
2024-08-08 17:30,5314.22,18385.81
2024-08-08 18:30,5318.74,18405.54
2024-08-08 19:30,5308.42,18339.72
2024-08-08 20:00,5318.59,18416.40
2024-08-09 14:30,5321.19,18402.05
2024-08-09 15:30,5324.05,18415.07
2024-08-09 16:30,5317.44,18383.22
2024-08-09 17:30,5354.71,18549.15
2024-08-09 18:30,5335.49,18491.62
2024-08-09 19:30,5342.20,18508.14
2024-08-09 20:00,5343.97,18514.56
2024-08-12 14:30,5355.40,18594.85
2024-08-12 15:30,5342.58,18529.43
2024-08-12 16:30,5354.90,18595.67
2024-08-12 17:30,5348.18,18555.41
2024-08-12 18:30,5341.01,18527.35
2024-08-12 19:30,5340.48,18523.45
2024-08-12 20:00,5345.02,18544.14
2024-08-13 14:30,5388.11,18804.14
2024-08-13 15:30,5401.93,18868.84
2024-08-13 16:30,5411.35,18913.45
2024-08-13 17:30,5421.85,18967.78
2024-08-13 18:30,5423.38,18969.07
2024-08-13 19:30,5426.33,18962.16
2024-08-13 20:00,5434.16,19004.23
2024-08-14 14:30,5432.97,18917.21
2024-08-14 15:30,5446.03,19011.09
2024-08-14 16:30,5440.50,18979.51
2024-08-14 17:30,5445.66,18987.97
2024-08-14 18:30,5447.85,18992.74
2024-08-14 19:30,5445.30,18961.57
2024-08-14 20:00,5453.26,19018.16
2024-08-15 14:30,5517.40,19378.23
2024-08-15 15:30,5527.07,19403.25
2024-08-15 16:30,5538.60,19464.54
2024-08-15 17:30,5533.59,19443.32
2024-08-15 18:30,5541.34,19483.19
2024-08-15 19:30,5543.88,19482.99
2024-08-15 20:00,5542.88,19488.71
2024-08-16 14:30,5542.45,19478.49
2024-08-16 15:30,5538.93,19439.19
2024-08-16 16:30,5551.43,19521.14
2024-08-16 17:30,5558.19,19543.37
2024-08-16 18:30,5555.08,19518.47
2024-08-16 19:30,5553.42,19508.00
2024-08-16 20:00,5554.22,19508.81
2024-08-19 14:30,5565.57,19521.91
2024-08-19 15:30,5576.55,19565.88
2024-08-19 16:30,5579.95,19571.74
2024-08-19 17:30,5583.23,19602.54
2024-08-19 18:30,5588.92,19648.69
2024-08-19 19:30,5594.10,19690.42
2024-08-19 20:00,5607.52,19763.91
2024-08-20 14:30,5602.52,19732.53
2024-08-20 15:30,5591.29,19706.04
2024-08-20 16:30,5597.53,19719.53
2024-08-20 17:30,5593.27,19698.07
2024-08-20 18:30,5605.25,19759.05
2024-08-20 19:30,5598.48,19733.12
2024-08-20 20:00,5596.41,19716.68
2024-08-21 14:30,5613.24,19791.93
2024-08-21 15:30,5611.12,19778.29
2024-08-21 16:30,5605.46,19750.35
2024-08-21 17:30,5611.35,19769.79
2024-08-21 18:30,5623.68,19839.56
2024-08-21 19:30,5612.40,19781.59
2024-08-21 20:00,5620.42,19822.58
2024-08-22 14:30,5622.14,19830.27
2024-08-22 15:30,5602.24,19725.07
2024-08-22 16:30,5608.16,19727.24
2024-08-22 17:30,5586.35,19628.52
2024-08-22 18:30,5581.20,19574.72
2024-08-22 19:30,5568.41,19496.33
2024-08-22 20:00,5573.36,19495.25
2024-08-23 14:30,5638.44,19807.42
2024-08-23 15:30,5628.32,19693.43
2024-08-23 16:30,5597.02,19582.63
2024-08-23 17:30,5614.39,19649.42
2024-08-23 18:30,5619.55,19674.82
2024-08-23 19:30,5633.06,19724.05
2024-08-23 20:00,5633.31,19721.09
2024-08-26 14:30,5629.70,19541.53
2024-08-26 15:30,5618.03,19537.06
2024-08-26 16:30,5622.54,19540.26
2024-08-26 17:30,5620.44,19523.18
2024-08-26 18:30,5613.59,19504.68
2024-08-26 19:30,5615.56,19515.67
2024-08-26 20:00,5618.19,19516.96
2024-08-27 14:30,5621.40,19553.11
2024-08-27 15:30,5620.01,19563.68
2024-08-27 16:30,5618.51,19551.85
2024-08-27 17:30,5628.42,19597.59
2024-08-27 18:30,5628.04,19592.47
2024-08-27 19:30,5625.81,19578.29
2024-08-27 20:00,5626.39,19584.60
2024-08-28 14:30,5621.88,19511.05
2024-08-28 15:30,5592.93,19319.86
2024-08-28 16:30,5585.72,19330.20
2024-08-28 17:30,5589.77,19362.63
2024-08-28 18:30,5567.51,19263.52
2024-08-28 19:30,5595.78,19388.52
2024-08-28 20:00,5592.18,19351.25
2024-08-29 14:30,5626.54,19532.59
2024-08-29 15:30,5630.87,19563.16
2024-08-29 16:30,5643.36,19601.88
2024-08-29 17:30,5635.06,19552.89
2024-08-29 18:30,5616.23,19439.96
2024-08-29 19:30,5601.32,19341.08
2024-08-29 20:00,5592.56,19328.30
2024-08-30 14:30,5622.57,19493.02
2024-08-30 15:30,5600.94,19416.13
2024-08-30 16:30,5591.19,19370.73
2024-08-30 17:30,5599.01,19415.38
2024-08-30 18:30,5606.21,19426.36
2024-08-30 19:30,5627.37,19507.78
2024-08-30 20:00,5646.96,19571.96
2024-09-03 14:30,5580.62,19271.69
2024-09-03 15:30,5572.26,19150.95
2024-09-03 16:30,5564.76,19119.00
2024-09-03 17:30,5565.19,19124.31
2024-09-03 18:30,5538.86,18991.63
2024-09-03 19:30,5533.75,18985.99
2024-09-03 20:00,5529.11,18959.56
2024-09-04 14:30,5532.70,18935.30
2024-09-04 15:30,5530.72,18971.29
2024-09-04 16:30,5530.06,18998.57
2024-09-04 17:30,5521.09,18977.33
2024-09-04 18:30,5522.14,18968.33
2024-09-04 19:30,5515.48,18919.05
2024-09-04 20:00,5519.09,18919.67
2024-09-05 14:30,5538.87,19064.35
2024-09-05 15:30,5487.19,18830.99
2024-09-05 16:30,5493.89,18900.12
2024-09-05 17:30,5486.50,18852.96
2024-09-05 18:30,5508.27,18949.01
2024-09-05 19:30,5501.68,18923.05
2024-09-05 20:00,5503.12,18930.52
2024-09-06 14:30,5454.07,18616.06
2024-09-06 15:30,5421.90,18471.35
2024-09-06 16:30,5406.49,18418.05
2024-09-06 17:30,5416.40,18462.36
2024-09-06 18:30,5407.18,18424.01
2024-09-06 19:30,5421.05,18481.60
2024-09-06 20:00,5409.65,18423.66
2024-09-09 14:30,5454.52,18588.69
2024-09-09 15:30,5448.77,18533.94
2024-09-09 16:30,5476.31,18643.57
2024-09-09 17:30,5480.69,18680.70
2024-09-09 18:30,5456.79,18566.06
2024-09-09 19:30,5462.89,18611.08
2024-09-09 20:00,5471.05,18662.70
2024-09-10 14:30,5478.13,18754.46
2024-09-10 15:30,5481.84,18746.16
2024-09-10 16:30,5449.91,18614.56
2024-09-10 17:30,5470.64,18717.66
2024-09-10 18:30,5485.96,18796.30
2024-09-10 19:30,5494.54,18827.61
2024-09-10 20:00,5495.22,18835.70
2024-09-11 14:30,5420.37,18637.16
2024-09-11 15:30,5431.84,18664.69
2024-09-11 16:30,5474.90,18883.90
2024-09-11 17:30,5496.54,18959.33
2024-09-11 18:30,5517.39,19093.09
2024-09-11 19:30,5540.22,19172.45
2024-09-11 20:00,5551.81,19232.49
2024-09-12 14:30,5565.54,19315.96
2024-09-12 15:30,5557.16,19270.99
2024-09-12 16:30,5561.44,19296.42
2024-09-12 17:30,5585.83,19383.55
2024-09-12 18:30,5598.18,19446.78
2024-09-12 19:30,5594.54,19422.07
2024-09-12 20:00,5596.99,19425.24
2024-09-13 14:30,5617.72,19448.69
2024-09-13 15:30,5624.45,19502.66
2024-09-13 16:30,5622.06,19481.03
2024-09-13 17:30,5633.83,19543.60
2024-09-13 18:30,5620.85,19497.78
2024-09-13 19:30,5624.31,19510.13
2024-09-13 20:00,5625.53,19512.74
2024-09-16 14:30,5619.95,19373.04
2024-09-16 15:30,5613.45,19369.81
2024-09-16 16:30,5618.87,19348.09
2024-09-16 17:30,5621.86,19369.83
2024-09-16 18:30,5630.72,19419.21
2024-09-16 19:30,5627.62,19403.70
2024-09-16 20:00,5633.86,19425.21
2024-09-17 14:30,5664.59,19553.79
2024-09-17 15:30,5656.94,19521.14
2024-09-17 16:30,5642.75,19444.70
2024-09-17 17:30,5632.70,19432.30
2024-09-17 18:30,5631.45,19413.72
2024-09-17 19:30,5626.69,19399.83
2024-09-17 20:00,5635.74,19434.01
2024-09-18 14:30,5636.33,19449.83
2024-09-18 15:30,5632.51,19417.54
2024-09-18 16:30,5635.06,19424.15
2024-09-18 17:30,5641.95,19457.42
2024-09-18 18:30,5663.64,19562.79
2024-09-18 19:30,5654.19,19500.14
2024-09-18 20:00,5618.89,19344.55
2024-09-19 14:30,5718.52,19879.88
2024-09-19 15:30,5713.92,19888.40
2024-09-19 16:30,5722.00,19912.88
2024-09-19 17:30,5723.86,19914.71
2024-09-19 18:30,5724.81,19906.19
2024-09-19 19:30,5717.02,19860.44
2024-09-19 20:00,5713.21,19841.32
2024-09-20 14:30,5695.43,19767.97
2024-09-20 15:30,5682.62,19677.93
2024-09-20 16:30,5702.66,19783.79
2024-09-20 17:30,5704.42,19770.20
2024-09-20 18:30,5689.03,19725.12
2024-09-20 19:30,5704.83,19807.15
2024-09-20 20:00,5702.51,19793.76
2024-09-23 14:30,5720.54,19870.41
2024-09-23 15:30,5719.69,19859.52
2024-09-23 16:30,5712.01,19838.95
2024-09-23 17:30,5710.22,19815.97
2024-09-23 18:30,5715.50,19842.44
2024-09-23 19:30,5717.31,19849.86
2024-09-23 20:00,5718.26,19851.08
2024-09-24 14:30,5705.23,19769.40
2024-09-24 15:30,5721.54,19889.63
2024-09-24 16:30,5727.83,19960.14
2024-09-24 17:30,5728.57,19947.18
2024-09-24 18:30,5724.98,19921.21
2024-09-24 19:30,5728.64,19927.85
2024-09-24 20:00,5734.52,19945.33
2024-09-25 14:30,5733.41,20004.21
2024-09-25 15:30,5730.18,19980.95
2024-09-25 16:30,5728.60,19986.42
2024-09-25 17:30,5720.07,19961.36
2024-09-25 18:30,5723.89,19970.38
2024-09-25 19:30,5720.93,19957.93
2024-09-25 20:00,5722.95,19972.80
2024-09-26 14:30,5747.74,20121.84
2024-09-26 15:30,5736.11,20030.81
2024-09-26 16:30,5734.35,20034.23
2024-09-26 17:30,5732.64,20022.32
2024-09-26 18:30,5746.52,20119.25
2024-09-26 19:30,5743.22,20121.54
2024-09-26 20:00,5744.52,20113.67
2024-09-27 14:30,5760.27,20095.84
2024-09-27 15:30,5754.52,20048.47
2024-09-27 16:30,5744.56,20033.76
2024-09-27 17:30,5739.26,20014.61
2024-09-27 18:30,5733.74,19984.68
2024-09-27 19:30,5741.81,20020.99
2024-09-27 20:00,5737.26,20005.38
2024-09-30 14:30,5730.53,19966.49
2024-09-30 15:30,5737.38,20007.84
2024-09-30 16:30,5740.90,20019.23
2024-09-30 17:30,5732.07,19963.62
2024-09-30 18:30,5714.23,19881.14
2024-09-30 19:30,5730.35,19938.02
2024-09-30 20:00,5760.92,20046.49
2024-10-01 14:30,5695.55,19707.07
2024-10-01 15:30,5700.76,19692.74
2024-10-01 16:30,5708.91,19749.56
2024-10-01 17:30,5685.27,19654.42
2024-10-01 18:30,5726.26,19850.46
2024-10-01 19:30,5723.97,19832.68
2024-10-01 20:00,5708.47,19772.84
2024-10-02 14:30,5705.13,19796.35
2024-10-02 15:30,5716.32,19850.14
2024-10-02 16:30,5716.06,19861.44
2024-10-02 17:30,5705.99,19811.66
2024-10-02 18:30,5705.23,19811.20
2024-10-02 19:30,5713.03,19839.56
2024-10-02 20:00,5709.20,19799.60
2024-10-03 14:30,5693.32,19765.96
2024-10-03 15:30,5695.80,19789.90
2024-10-03 16:30,5708.43,19832.08
2024-10-03 17:30,5686.49,19748.45
2024-10-03 18:30,5691.31,19750.99
2024-10-03 19:30,5686.32,19727.48
2024-10-03 20:00,5698.93,19790.62
2024-10-04 14:30,5708.21,19845.20
2024-10-04 15:30,5706.95,19864.50
2024-10-04 16:30,5718.10,19908.64
2024-10-04 17:30,5730.77,19950.33
2024-10-04 18:30,5727.70,19945.60
2024-10-04 19:30,5740.33,19996.23
2024-10-04 20:00,5749.63,20031.05
2024-10-07 14:30,5736.03,19984.64
2024-10-07 15:30,5736.97,19967.51
2024-10-07 16:30,5729.93,19959.18
2024-10-07 17:30,5724.67,19950.44
2024-10-07 18:30,5715.33,19915.96
2024-10-07 19:30,5698.51,19806.99
2024-10-07 20:00,5696.31,19797.85
2024-10-08 14:30,5729.27,19991.71
2024-10-08 15:30,5738.81,20037.78
2024-10-08 16:30,5740.55,20042.52
2024-10-08 17:30,5733.12,20004.21
2024-10-08 18:30,5740.01,20043.00
2024-10-08 19:30,5749.12,20096.43
2024-10-08 20:00,5750.69,20103.31
2024-10-09 14:30,5761.57,20154.24
2024-10-09 15:30,5777.14,20191.79
2024-10-09 16:30,5782.65,20218.85
2024-10-09 17:30,5784.98,20224.91
2024-10-09 18:30,5784.39,20260.13
2024-10-09 19:30,5786.85,20240.58
2024-10-09 20:00,5791.99,20268.69
2024-10-10 14:30,5778.74,20215.44
2024-10-10 15:30,5782.15,20242.43
2024-10-10 16:30,5790.64,20275.64
2024-10-10 17:30,5782.92,20269.52
2024-10-10 18:30,5772.90,20218.99
2024-10-10 19:30,5773.03,20230.07
2024-10-10 20:00,5780.27,20241.63
2024-10-11 14:30,5817.11,20284.56
2024-10-11 15:30,5810.90,20251.96
2024-10-11 16:30,5807.04,20262.31
2024-10-11 17:30,5807.71,20261.77
2024-10-11 18:30,5813.80,20278.08
2024-10-11 19:30,5819.70,20303.22
2024-10-11 20:00,5814.91,20271.06
2024-10-14 14:30,5854.37,20463.69
2024-10-14 15:30,5847.39,20371.34
2024-10-14 16:30,5856.63,20425.98
2024-10-14 17:30,5857.32,20428.92
2024-10-14 18:30,5859.81,20437.09
2024-10-14 19:30,5864.35,20458.61
2024-10-14 20:00,5860.72,20438.42
2024-10-15 14:30,5851.18,20342.41
2024-10-15 15:30,5841.52,20228.48
2024-10-15 16:30,5839.53,20208.13
2024-10-15 17:30,5829.64,20175.59
2024-10-15 18:30,5823.97,20188.38
2024-10-15 19:30,5811.63,20119.38
2024-10-15 20:00,5817.87,20165.54
2024-10-16 14:30,5827.71,20162.43
2024-10-16 15:30,5824.66,20138.10
2024-10-16 16:30,5827.11,20128.56
2024-10-16 17:30,5830.24,20139.91
2024-10-16 18:30,5844.82,20194.05
2024-10-16 19:30,5842.26,20173.84
2024-10-16 20:00,5842.33,20174.43
2024-10-17 14:30,5857.48,20267.48
2024-10-17 15:30,5859.20,20281.11
2024-10-17 16:30,5862.04,20310.70
2024-10-17 17:30,5861.26,20301.01
2024-10-17 18:30,5845.68,20223.13
2024-10-17 19:30,5844.80,20210.70
2024-10-17 20:00,5841.48,20191.38
2024-10-18 14:30,5853.36,20334.98
2024-10-18 15:30,5861.50,20345.89
2024-10-18 16:30,5860.32,20300.32
2024-10-18 17:30,5864.72,20329.81
2024-10-18 18:30,5870.27,20336.91
2024-10-18 19:30,5863.34,20327.67
2024-10-18 20:00,5864.52,20323.68
2024-10-21 14:30,5857.78,20349.17
2024-10-21 15:30,5826.47,20204.29
2024-10-21 16:30,5840.36,20281.37
2024-10-21 17:30,5847.59,20312.13
2024-10-21 18:30,5845.09,20310.94
2024-10-21 19:30,5847.87,20316.97
2024-10-21 20:00,5854.78,20362.81
2024-10-22 14:30,5833.21,20330.57
2024-10-22 15:30,5838.88,20319.92
2024-10-22 16:30,5835.58,20280.80
2024-10-22 17:30,5845.15,20344.66
2024-10-22 18:30,5854.94,20391.69
2024-10-22 19:30,5854.36,20387.78
2024-10-22 20:00,5851.09,20382.10
2024-10-23 14:30,5828.15,20263.23
2024-10-23 15:30,5806.58,20162.94
2024-10-23 16:30,5799.55,20109.79
2024-10-23 17:30,5787.82,20042.52
2024-10-23 18:30,5773.27,19977.94
2024-10-23 19:30,5790.85,20038.19
2024-10-23 20:00,5797.59,20066.67
2024-10-24 14:30,5807.04,20165.36
2024-10-24 15:30,5804.48,20191.22
2024-10-24 16:30,5798.36,20174.19
2024-10-24 17:30,5808.47,20208.46
2024-10-24 18:30,5806.86,20215.61
2024-10-24 19:30,5812.20,20238.84
2024-10-24 20:00,5809.26,20231.79
2024-10-25 14:30,5860.79,20544.00
2024-10-25 15:30,5843.21,20485.13
2024-10-25 16:30,5845.35,20511.52
2024-10-25 17:30,5823.31,20425.84
2024-10-25 18:30,5816.67,20392.53
2024-10-25 19:30,5813.66,20370.58
2024-10-25 20:00,5808.00,20352.70
2024-10-28 14:30,5841.77,20454.64
2024-10-28 15:30,5834.10,20416.65
2024-10-28 16:30,5833.31,20413.69
2024-10-28 17:30,5831.49,20398.24
2024-10-28 18:30,5831.36,20392.26
2024-10-28 19:30,5832.92,20388.11
2024-10-28 20:00,5824.56,20351.55
2024-10-29 14:30,5822.38,20403.28
2024-10-29 15:30,5827.94,20453.94
2024-10-29 16:30,5831.81,20475.71
2024-10-29 17:30,5837.71,20522.02
2024-10-29 18:30,5841.42,20550.63
2024-10-29 19:30,5846.75,20596.49
2024-10-29 20:00,5834.78,20554.78
2024-10-30 14:30,5845.61,20550.98
2024-10-30 15:30,5846.99,20540.50
2024-10-30 16:30,5843.01,20511.36
2024-10-30 17:30,5833.28,20483.42
2024-10-30 18:30,5829.94,20459.23
2024-10-30 19:30,5824.25,20436.24
2024-10-30 20:00,5816.91,20391.97
2024-10-31 14:30,5736.93,20010.34
2024-10-31 15:30,5728.01,19966.14
2024-10-31 16:30,5732.34,19953.88
2024-10-31 17:30,5728.91,19938.54
2024-10-31 18:30,5721.83,19906.01
2024-10-31 19:30,5728.57,19948.32
2024-10-31 20:00,5703.28,19883.27
2024-11-01 14:30,5771.40,20142.30
2024-11-01 15:30,5769.73,20160.57
2024-11-01 16:30,5751.47,20104.71
2024-11-01 17:30,5754.45,20123.79
2024-11-01 18:30,5736.85,20040.65
2024-11-01 19:30,5735.31,20039.65
2024-11-01 20:00,5728.43,20036.80
2024-11-04 15:30,5737.52,20061.72
2024-11-04 16:30,5728.03,20062.20
2024-11-04 17:30,5716.30,19993.10
2024-11-04 18:30,5722.04,20020.30
2024-11-04 19:30,5720.69,20017.24
2024-11-04 20:30,5718.88,19999.78
2024-11-04 21:00,5713.66,19966.28
2024-11-05 15:30,5756.87,20149.90
2024-11-05 16:30,5764.46,20180.82
2024-11-05 17:30,5773.75,20230.90
2024-11-05 18:30,5770.72,20204.47
2024-11-05 19:30,5771.43,20200.87
2024-11-05 20:30,5774.16,20214.82
2024-11-05 21:00,5783.07,20227.05
2024-11-06 15:30,5905.25,20674.22
2024-11-06 16:30,5897.98,20652.67
2024-11-06 17:30,5904.65,20675.48
2024-11-06 18:30,5919.32,20735.63
2024-11-06 19:30,5922.39,20761.46
2024-11-06 20:30,5928.41,20779.18
2024-11-06 21:00,5927.80,20779.13
2024-11-07 15:30,5960.42,20993.30
2024-11-07 16:30,5963.70,21035.92
2024-11-07 17:30,5969.90,21059.30
2024-11-07 18:30,5965.95,21054.17
2024-11-07 19:30,5965.29,21066.72
2024-11-07 20:30,5978.81,21112.52
2024-11-07 21:00,5973.12,21101.64
2024-11-08 15:30,5989.58,21084.15
2024-11-08 16:30,5996.46,21099.65
2024-11-08 17:30,5993.17,21094.28
2024-11-08 18:30,5998.46,21123.82
2024-11-08 19:30,6008.74,21150.50
2024-11-08 20:30,5999.27,21109.37
2024-11-08 21:00,5996.62,21121.93
2024-11-11 15:30,6005.55,21081.33
2024-11-11 16:30,6007.39,21100.12
2024-11-11 17:30,6004.51,21060.75
2024-11-11 18:30,5994.23,21030.84
2024-11-11 19:30,5997.77,21052.74
2024-11-11 20:30,5999.22,21084.10
2024-11-11 21:00,6003.58,21109.81
2024-11-12 15:30,5996.31,21106.61
2024-11-12 16:30,5987.33,21071.01
2024-11-12 17:30,5980.65,21048.22
2024-11-12 18:30,5973.73,21010.02
2024-11-12 19:30,5995.66,21078.73
2024-11-12 20:30,5990.17,21072.34
2024-11-12 21:00,5984.18,21072.71
2024-11-13 15:30,5979.01,20994.89
2024-11-13 16:30,5995.36,21048.33
2024-11-13 17:30,6000.03,21076.65
2024-11-13 18:30,6003.28,21117.91
2024-11-13 19:30,5995.08,21096.99
2024-11-13 20:30,5991.65,21068.62
2024-11-13 21:00,5986.97,21041.15
2024-11-14 15:30,5979.40,20991.99
2024-11-14 16:30,5980.09,21004.92
2024-11-14 17:30,5962.80,20954.80
2024-11-14 18:30,5966.53,20987.66
2024-11-14 19:30,5966.01,20953.80
2024-11-14 20:30,5956.24,20913.93
2024-11-14 21:00,5949.75,20898.71
2024-11-15 15:30,5881.61,20496.32
2024-11-15 16:30,5886.14,20485.01
2024-11-15 17:30,5868.56,20401.29
2024-11-15 18:30,5868.29,20384.61
2024-11-15 19:30,5854.60,20327.48
2024-11-15 20:30,5867.44,20385.07
2024-11-15 21:00,5869.75,20390.92
2024-11-18 15:30,5887.37,20554.04
2024-11-18 16:30,5900.40,20598.09
2024-11-18 17:30,5896.81,20558.43
2024-11-18 18:30,5894.60,20549.69
2024-11-18 19:30,5885.84,20502.81
2024-11-18 20:30,5897.28,20556.51
2024-11-18 21:00,5894.25,20540.69
2024-11-19 15:30,5877.24,20510.40
2024-11-19 16:30,5901.83,20591.15
2024-11-19 17:30,5903.01,20591.98
2024-11-19 18:30,5909.05,20636.27
2024-11-19 19:30,5914.83,20656.72
2024-11-19 20:30,5912.04,20660.65
2024-11-19 21:00,5915.85,20682.54
2024-11-20 15:30,5870.98,20441.10
2024-11-20 16:30,5872.74,20483.58
2024-11-20 17:30,5885.19,20545.69
2024-11-20 18:30,5889.10,20543.25
2024-11-20 19:30,5879.22,20489.73
2024-11-20 20:30,5897.49,20571.25
2024-11-20 21:00,5916.83,20667.93
2024-11-21 15:30,5890.28,20458.33
2024-11-21 16:30,5939.63,20693.14
2024-11-21 17:30,5941.74,20705.33
2024-11-21 18:30,5956.54,20759.05
2024-11-21 19:30,5956.03,20747.55
2024-11-21 20:30,5961.48,20785.80
2024-11-21 21:00,5948.48,20744.05
2024-11-22 15:30,5949.24,20668.93
2024-11-22 16:30,5957.65,20703.49
2024-11-22 17:30,5968.10,20759.72
2024-11-22 18:30,5967.58,20772.07
2024-11-22 19:30,5962.04,20747.61
2024-11-22 20:30,5959.71,20745.36
2024-11-22 21:00,5968.26,20771.48
2024-11-25 15:30,6002.97,20853.35
2024-11-25 16:30,5992.48,20865.52
2024-11-25 17:30,5971.70,20747.27
2024-11-25 18:30,5983.44,20794.32
2024-11-25 19:30,5982.17,20779.56
2024-11-25 20:30,5983.22,20782.28
2024-11-25 21:00,5987.15,20804.94
2024-11-26 15:30,5999.14,20882.94
2024-11-26 16:30,6007.27,20879.45
2024-11-26 17:30,6005.08,20868.84
2024-11-26 18:30,6010.37,20883.53
2024-11-26 19:30,6008.40,20848.68
2024-11-26 20:30,6015.52,20879.71
2024-11-26 21:00,6020.74,20923.89
2024-11-27 15:30,6004.58,20707.51
2024-11-27 16:30,5995.64,20660.91
2024-11-27 17:30,5993.69,20658.98
2024-11-27 18:30,5996.34,20706.99
2024-11-27 19:30,5998.19,20737.11
2024-11-27 20:30,5997.07,20733.84
2024-11-27 21:00,5998.72,20746.20
2024-11-29 15:30,6025.38,20885.95
2024-11-29 16:30,6034.30,20926.73
2024-11-29 17:30,6039.18,20920.36
2024-11-29 18:30,6032.38,20930.37
2024-12-02 15:30,6043.05,21122.29
2024-12-02 16:30,6043.45,21123.87
2024-12-02 17:30,6045.83,21174.43
2024-12-02 18:30,6047.06,21154.35
2024-12-02 19:30,6044.34,21129.16
2024-12-02 20:30,6053.35,21178.48
2024-12-02 21:00,6046.88,21162.10
2024-12-03 15:30,6035.32,21126.24
2024-12-03 16:30,6044.48,21195.63
2024-12-03 17:30,6040.25,21151.08
2024-12-03 18:30,6045.80,21174.30
2024-12-03 19:30,6046.16,21178.92
2024-12-03 20:30,6049.80,21202.42
2024-12-03 21:00,6049.67,21227.02
2024-12-04 15:30,6067.39,21404.51
2024-12-04 16:30,6074.31,21419.15
2024-12-04 17:30,6074.11,21432.43
2024-12-04 18:30,6069.27,21416.90
2024-12-04 19:30,6078.71,21454.80
2024-12-04 20:30,6083.23,21467.42
2024-12-04 21:00,6086.23,21489.46
2024-12-05 15:30,6081.15,21471.87
2024-12-05 16:30,6086.05,21479.20
2024-12-05 17:30,6090.37,21508.06
2024-12-05 18:30,6082.86,21449.36
2024-12-05 19:30,6081.31,21450.11
2024-12-05 20:30,6077.33,21422.64
2024-12-05 21:00,6075.95,21427.37
2024-12-06 15:30,6097.76,21587.78
2024-12-06 16:30,6089.52,21576.22
2024-12-06 17:30,6086.83,21592.36
2024-12-06 18:30,6090.22,21618.21
2024-12-06 19:30,6081.13,21578.51
2024-12-06 20:30,6085.62,21603.65
2024-12-06 21:00,6088.76,21618.06
2024-12-09 15:30,6071.83,21515.56
2024-12-09 16:30,6066.04,21468.76
2024-12-09 17:30,6064.42,21461.74
2024-12-09 18:30,6065.32,21480.39
2024-12-09 19:30,6061.66,21448.96
2024-12-09 20:30,6052.58,21404.40
2024-12-09 21:00,6054.58,21446.10
2024-12-10 15:30,6059.29,21523.98
2024-12-10 16:30,6054.65,21433.55
2024-12-10 17:30,6053.08,21439.53
2024-12-10 18:30,6052.19,21436.95
2024-12-10 19:30,6048.05,21412.16
2024-12-10 20:30,6035.01,21328.58
2024-12-10 21:00,6036.32,21370.08
2024-12-11 15:30,6073.68,21649.59
2024-12-11 16:30,6083.82,21720.64
2024-12-11 17:30,6086.57,21741.56
2024-12-11 18:30,6091.89,21763.12
2024-12-11 19:30,6087.83,21762.79
2024-12-11 20:30,6089.94,21782.29
2024-12-11 21:00,6084.20,21762.11
2024-12-12 15:30,6073.69,21675.86
2024-12-12 16:30,6077.21,21688.43
2024-12-12 17:30,6073.50,21687.48
2024-12-12 18:30,6073.76,21703.15
2024-12-12 19:30,6058.28,21641.44
2024-12-12 20:30,6057.32,21624.93
2024-12-12 21:00,6051.70,21618.34
2024-12-13 15:30,6057.40,21784.93
2024-12-13 16:30,6043.81,21677.48
2024-12-13 17:30,6039.80,21677.74
2024-12-13 18:30,6047.52,21720.15
2024-12-13 19:30,6051.32,21784.57
2024-12-13 20:30,6050.68,21791.42
2024-12-13 21:00,6050.83,21775.21
2024-12-16 15:30,6072.04,21978.85
2024-12-16 16:30,6073.98,22012.74
2024-12-16 17:30,6076.02,22042.29
2024-12-16 18:30,6083.50,22100.59
2024-12-16 19:30,6080.47,22106.92
2024-12-16 20:30,6083.07,22124.53
2024-12-16 21:00,6074.48,22094.60
2024-12-17 15:30,6037.84,21928.48
2024-12-17 16:30,6049.45,22018.40
2024-12-17 17:30,6051.30,22017.12
2024-12-17 18:30,6048.17,21993.45
2024-12-17 19:30,6042.98,21965.79
2024-12-17 20:30,6037.21,21950.54
2024-12-17 21:00,6050.31,22000.29
2024-12-18 15:30,6060.59,21996.91
2024-12-18 16:30,6062.55,21998.72
2024-12-18 17:30,6063.51,21989.83
2024-12-18 18:30,6058.56,21979.59
2024-12-18 19:30,6007.45,21778.88
2024-12-18 20:30,5937.09,21421.80
2024-12-18 21:00,5869.22,21192.89
2024-12-19 15:30,5892.47,21220.19
2024-12-19 16:30,5914.57,21326.92
2024-12-19 17:30,5885.74,21178.36
2024-12-19 18:30,5902.36,21254.54
2024-12-19 19:30,5898.14,21225.64
2024-12-19 20:30,5892.20,21215.95
2024-12-19 21:00,5866.07,21107.85
2024-12-20 15:30,5895.50,21199.93
2024-12-20 16:30,5948.09,21401.10
2024-12-20 17:30,5981.34,21539.97
2024-12-20 18:30,5947.31,21401.98
2024-12-20 19:30,5958.07,21444.42
2024-12-20 20:30,5943.92,21384.61
2024-12-20 21:00,5932.80,21298.18
2024-12-23 15:30,5918.58,21286.82
2024-12-23 16:30,5932.21,21374.01
2024-12-23 17:30,5946.65,21410.84
2024-12-23 18:30,5957.55,21454.70
2024-12-23 19:30,5963.73,21493.31
2024-12-23 20:30,5958.08,21447.06
2024-12-23 21:00,5972.23,21496.22
2024-12-24 15:30,6008.54,21671.54
2024-12-24 16:30,6018.19,21726.65
2024-12-24 17:30,6027.76,21741.17
2024-12-24 18:30,6040.04,21797.65
2024-12-26 15:30,6028.69,21758.25
2024-12-26 16:30,6034.12,21758.80
2024-12-26 17:30,6040.70,21794.59
2024-12-26 18:30,6041.75,21800.87
2024-12-26 19:30,6034.65,21773.02
2024-12-26 20:30,6043.51,21814.16
2024-12-26 21:00,6037.09,21764.85
2024-12-27 15:30,5957.31,21353.10
2024-12-27 16:30,5968.98,21427.96
2024-12-27 17:30,5939.64,21321.95
2024-12-27 18:30,5949.63,21373.25
2024-12-27 19:30,5963.65,21424.20
2024-12-27 20:30,5960.85,21428.67
2024-12-27 21:00,5972.25,21476.26
2024-12-30 15:30,5872.47,21070.26
2024-12-30 16:30,5904.10,21182.61
2024-12-30 17:30,5928.32,21297.31
2024-12-30 18:30,5929.77,21305.16
2024-12-30 19:30,5927.23,21291.29
2024-12-30 20:30,5920.22,21252.56
2024-12-30 21:00,5907.43,21193.42
2024-12-31 15:30,5919.76,21212.82
2024-12-31 16:30,5893.38,21098.21
2024-12-31 17:30,5882.39,21059.27
2024-12-31 18:30,5874.43,21018.42
2024-12-31 19:30,5873.42,20996.01
2024-12-31 20:30,5895.66,21097.92
2024-12-31 21:00,5884.01,21019.09
2025-01-02 15:30,5902.54,21088.21
2025-01-02 16:30,5898.77,21092.00
2025-01-02 17:30,5868.51,20960.87
2025-01-02 18:30,5846.50,20866.48
2025-01-02 19:30,5856.21,20914.07
2025-01-02 20:30,5867.65,20961.09
2025-01-02 21:00,5868.84,20976.13
2025-01-03 15:30,5905.63,21140.22
2025-01-03 16:30,5919.77,21226.48
2025-01-03 17:30,5925.09,21252.51
2025-01-03 18:30,5937.80,21303.83
2025-01-03 19:30,5944.14,21339.08
2025-01-03 20:30,5943.15,21328.75
2025-01-03 21:00,5941.88,21323.23
2025-01-06 15:30,6012.38,21683.59
2025-01-06 16:30,6018.77,21695.31
2025-01-06 17:30,6009.63,21636.78
2025-01-06 18:30,5997.13,21594.29
2025-01-06 19:30,5977.08,21521.77
2025-01-06 20:30,5973.99,21538.72
2025-01-06 21:00,5976.50,21562.01
2025-01-07 15:30,5959.35,21417.85
2025-01-07 16:30,5954.26,21374.91
2025-01-07 17:30,5929.20,21247.80
2025-01-07 18:30,5945.75,21325.81
2025-01-07 19:30,5933.61,21275.47
2025-01-07 20:30,5901.40,21149.31
2025-01-07 21:00,5909.54,21175.25
2025-01-08 15:30,5887.75,21105.20
2025-01-08 16:30,5903.70,21149.69
2025-01-08 17:30,5878.49,21009.01
2025-01-08 18:30,5914.27,21198.91
2025-01-08 19:30,5925.32,21232.50
2025-01-08 20:30,5913.49,21167.07
2025-01-08 21:00,5916.55,21178.29
2025-01-10 15:30,5840.84,20863.20
2025-01-10 16:30,5819.64,20776.36
2025-01-10 17:30,5821.81,20793.17
2025-01-10 18:30,5853.76,20942.80
2025-01-10 19:30,5847.95,20931.48
2025-01-10 20:30,5824.94,20844.35
2025-01-10 21:00,5826.50,20846.13
2025-01-13 15:30,5780.98,20558.42
2025-01-13 16:30,5791.46,20594.43
2025-01-13 17:30,5803.49,20679.63
2025-01-13 18:30,5818.02,20722.72
2025-01-13 19:30,5824.16,20724.83
2025-01-13 20:30,5822.11,20717.88
2025-01-13 21:00,5836.11,20781.92
2025-01-14 15:30,5852.49,20856.71
2025-01-14 16:30,5831.25,20753.87
2025-01-14 17:30,5818.39,20698.66
2025-01-14 18:30,5841.37,20778.55
2025-01-14 19:30,5851.66,20820.53
2025-01-14 20:30,5825.93,20676.92
2025-01-14 21:00,5843.31,20758.91
2025-01-15 15:30,5943.88,21218.74
2025-01-15 16:30,5931.25,21163.77
2025-01-15 17:30,5931.84,21158.74
2025-01-15 18:30,5943.00,21217.91
2025-01-15 19:30,5952.10,21247.71
2025-01-15 20:30,5957.66,21273.78
2025-01-15 21:00,5948.82,21235.88
2025-01-16 15:30,5943.74,21215.87
2025-01-16 16:30,5954.99,21248.07
2025-01-16 17:30,5958.99,21261.64
2025-01-16 18:30,5943.75,21186.92
2025-01-16 19:30,5946.22,21187.37
2025-01-16 20:30,5944.25,21174.98
2025-01-16 21:00,5937.38,21090.52
2025-01-17 15:30,5990.66,21377.00
2025-01-17 16:30,6008.94,21472.85
2025-01-17 17:30,6011.49,21467.65
2025-01-17 18:30,6012.13,21497.94
2025-01-17 19:30,6005.96,21475.24
2025-01-17 20:30,6002.07,21445.00
2025-01-17 21:00,5997.07,21440.87
2025-01-21 15:30,6024.20,21488.84
2025-01-21 16:30,6028.47,21479.93
2025-01-21 17:30,6037.74,21545.40
2025-01-21 18:30,6047.06,21600.14
2025-01-21 19:30,6045.64,21593.61
2025-01-21 20:30,6048.59,21595.40
2025-01-21 21:00,6049.23,21566.32
2025-01-22 15:30,6089.23,21861.59
2025-01-22 16:30,6094.18,21899.89
2025-01-22 17:30,6097.74,21920.60
2025-01-22 18:30,6092.09,21865.89
2025-01-22 19:30,6090.48,21869.77
2025-01-22 20:30,6092.21,21865.57
2025-01-22 21:00,6085.66,21851.98
2025-01-23 15:30,6079.05,21757.97
2025-01-23 16:30,6096.75,21802.53
2025-01-23 17:30,6093.50,21782.35
2025-01-23 18:30,6101.13,21815.00
2025-01-23 19:30,6097.78,21799.94
2025-01-23 20:30,6101.81,21824.76
2025-01-23 21:00,6118.22,21897.85
2025-01-24 15:30,6113.38,21857.31
2025-01-24 16:30,6119.12,21875.97
2025-01-24 17:30,6114.85,21841.27
2025-01-24 18:30,6105.24,21799.96
2025-01-24 19:30,6094.77,21736.21
2025-01-24 20:30,6090.90,21728.42
2025-01-24 21:00,6100.82,21770.49
2025-01-27 15:30,6010.32,21239.67
2025-01-27 16:30,5984.91,21084.05
2025-01-27 17:30,5996.72,21098.81
2025-01-27 18:30,5980.35,21018.85
2025-01-27 19:30,6009.67,21121.72
2025-01-27 20:30,5993.87,21043.26
2025-01-27 21:00,6013.39,21131.55
2025-01-28 15:30,6046.18,21347.88
2025-01-28 16:30,6034.81,21282.12
2025-01-28 17:30,6058.23,21427.48
2025-01-28 18:30,6062.75,21428.22
2025-01-28 19:30,6061.66,21435.39
2025-01-28 20:30,6071.94,21493.60
2025-01-28 21:00,6066.96,21458.33
2025-01-29 15:30,6050.67,21381.83
2025-01-29 16:30,6045.10,21369.90
2025-01-29 17:30,6051.13,21404.79
2025-01-29 18:30,6043.52,21369.17
2025-01-29 19:30,6014.44,21285.19
2025-01-29 20:30,6054.27,21462.76
2025-01-29 21:00,6038.67,21409.25
2025-01-30 15:30,6046.87,21417.03
2025-01-30 16:30,6049.54,21425.54
2025-01-30 17:30,6043.84,21402.44
2025-01-30 18:30,6059.82,21429.61
2025-01-30 19:30,6070.20,21492.20
2025-01-30 20:30,6083.93,21568.86
2025-01-30 21:00,6069.66,21505.21
2025-01-31 15:30,6110.93,21778.87
2025-01-31 16:30,6111.41,21802.35
2025-01-31 17:30,6116.16,21816.77
2025-01-31 18:30,6088.21,21702.81
2025-01-31 19:30,6065.41,21601.14
2025-01-31 20:30,6036.79,21444.84
2025-01-31 21:00,6040.07,21476.77
2025-02-03 15:30,5982.67,21238.11
2025-02-03 16:30,5998.61,21297.04
2025-02-03 17:30,5993.83,21287.16
2025-02-03 18:30,5996.84,21302.47
2025-02-03 19:30,6014.74,21380.37
2025-02-03 20:30,6004.38,21347.75
2025-02-03 21:00,5995.08,21293.29
2025-02-04 15:30,6024.91,21529.41
2025-02-04 16:30,6039.67,21571.24
2025-02-04 17:30,6017.05,21453.77
2025-02-04 18:30,6031.00,21525.95
2025-02-04 19:30,6038.31,21551.26
2025-02-04 20:30,6030.49,21523.75
2025-02-04 21:00,6037.08,21564.11
2025-02-05 15:30,6026.06,21474.46
2025-02-05 16:30,6032.07,21514.64
2025-02-05 17:30,6044.96,21605.06
2025-02-05 18:30,6045.00,21584.67
2025-02-05 19:30,6052.02,21611.43
2025-02-05 20:30,6056.87,21637.98
2025-02-05 21:00,6061.89,21657.73
2025-02-06 15:30,6069.11,21693.81
2025-02-06 16:30,6075.41,21697.77
2025-02-06 17:30,6070.99,21682.76
2025-02-06 18:30,6075.31,21725.24
2025-02-06 19:30,6064.81,21694.32
2025-02-06 20:30,6066.58,21688.24
2025-02-06 21:00,6082.86,21770.13
2025-02-07 15:30,6066.11,21658.08
2025-02-07 16:30,6039.98,21564.71
2025-02-07 17:30,6036.53,21536.67
2025-02-07 18:30,6052.66,21617.53
2025-02-07 19:30,6025.95,21491.07
2025-02-07 20:30,6022.76,21481.57
2025-02-07 21:00,6025.94,21492.48
2025-02-10 15:30,6065.87,21764.26
2025-02-10 16:30,6061.45,21755.39
2025-02-10 17:30,6055.03,21729.16
2025-02-10 18:30,6065.53,21768.72
2025-02-10 19:30,6070.62,21773.71
2025-02-10 20:30,6067.54,21769.01
2025-02-10 21:00,6066.66,21755.63
2025-02-11 15:30,6059.96,21743.78
2025-02-11 16:30,6064.13,21732.17
2025-02-11 17:30,6061.51,21695.31
2025-02-11 18:30,6058.10,21683.98
2025-02-11 19:30,6065.17,21707.24
2025-02-11 20:30,6070.75,21719.14
2025-02-11 21:00,6068.92,21694.52
2025-02-12 15:30,6032.62,21606.82
2025-02-12 16:30,6023.96,21575.93
2025-02-12 17:30,6056.25,21700.92
2025-02-12 18:30,6053.11,21710.42
2025-02-12 19:30,6048.24,21701.87
2025-02-12 20:30,6050.99,21725.95
2025-02-12 21:00,6051.01,21715.17
2025-02-13 15:30,6078.92,21883.39
2025-02-13 16:30,6085.04,21915.94
2025-02-13 17:30,6082.97,21883.29
2025-02-13 18:30,6079.56,21857.94
2025-02-13 19:30,6100.15,21940.28
2025-02-13 20:30,6112.86,21995.19
2025-02-13 21:00,6114.94,22029.69
2025-02-14 15:30,6119.51,22060.29
2025-02-14 16:30,6117.08,22061.44
2025-02-14 17:30,6109.53,22021.90
2025-02-14 18:30,6115.76,22076.71
2025-02-14 19:30,6117.55,22096.33
2025-02-14 20:30,6113.15,22104.76
2025-02-14 21:00,6113.74,22110.41
2025-02-18 15:30,6111.34,22061.84
2025-02-18 16:30,6119.84,22125.73
2025-02-18 17:30,6115.73,22094.26
2025-02-18 18:30,6114.06,22084.97
2025-02-18 19:30,6107.61,22073.56
2025-02-18 20:30,6113.21,22092.24
2025-02-18 21:00,6129.39,22163.98
2025-02-19 15:30,6116.97,22076.70
2025-02-19 16:30,6127.53,22144.44
2025-02-19 17:30,6126.12,22147.25
2025-02-19 18:30,6132.04,22169.25
2025-02-19 19:30,6143.65,22197.63
2025-02-19 20:30,6136.12,22140.78
2025-02-19 21:00,6143.95,22174.78
2025-02-20 15:30,6105.77,22009.86
2025-02-20 16:30,6096.75,21985.10
2025-02-20 17:30,6102.49,22002.86
2025-02-20 18:30,6094.18,21970.97
2025-02-20 19:30,6106.63,22017.33
2025-02-20 20:30,6112.80,22027.25
2025-02-20 21:00,6118.01,22069.87
2025-02-21 15:30,6081.88,21940.11
2025-02-21 16:30,6083.73,21928.95
2025-02-21 17:30,6070.96,21858.54
2025-02-21 18:30,6035.87,21732.75
2025-02-21 19:30,6012.15,21611.12
2025-02-21 20:30,6019.24,21634.60
2025-02-21 21:00,6013.46,21615.22
2025-02-24 15:30,5992.24,21435.65
2025-02-24 16:30,6014.92,21529.08
2025-02-24 17:30,6025.00,21566.65
2025-02-24 18:30,6028.09,21581.60
2025-02-24 19:30,6014.20,21505.40
2025-02-24 20:30,6004.41,21455.99
2025-02-24 21:00,5984.30,21355.15
2025-02-25 15:30,5920.60,20986.11
2025-02-25 16:30,5921.56,20974.91
2025-02-25 17:30,5949.69,21126.06
2025-02-25 18:30,5950.54,21111.43
2025-02-25 19:30,5944.49,21072.13
2025-02-25 20:30,5972.13,21159.87
2025-02-25 21:00,5955.92,21090.61
2025-02-26 15:30,5992.63,21219.91
2025-02-26 16:30,6000.24,21309.40
2025-02-26 17:30,6000.06,21321.00
2025-02-26 18:30,5953.13,21118.85
2025-02-26 19:30,5947.66,21073.11
2025-02-26 20:30,5949.99,21098.34
2025-02-26 21:00,5957.43,21133.42
2025-02-27 15:30,5968.18,21073.69
2025-02-27 16:30,5954.95,21016.30
2025-02-27 17:30,5952.38,20999.34
2025-02-27 18:30,5959.25,21040.97
2025-02-27 19:30,5920.93,20845.16
2025-02-27 20:30,5876.37,20637.84
2025-02-27 21:00,5862.79,20546.62
2025-02-28 15:30,5896.89,20712.94
2025-02-28 16:30,5873.97,20593.27
2025-02-28 17:30,5882.98,20651.72
2025-02-28 18:30,5859.88,20543.39
2025-02-28 19:30,5868.25,20555.31
2025-02-28 20:30,5908.68,20718.08
2025-02-28 21:00,5952.28,20874.93
2025-03-03 15:30,5952.71,20908.72
2025-03-03 16:30,5937.19,20848.50
2025-03-03 17:30,5949.51,20894.14
2025-03-03 18:30,5892.63,20643.07
2025-03-03 19:30,5896.58,20670.14
2025-03-03 20:30,5823.27,20338.50
2025-03-03 21:00,5851.33,20427.16
2025-03-04 15:30,5756.58,20118.11
2025-03-04 16:30,5740.78,20096.97
2025-03-04 17:30,5790.17,20355.25
2025-03-04 18:30,5786.87,20337.12
2025-03-04 19:30,5826.12,20524.46
2025-03-04 20:30,5851.50,20637.14
2025-03-04 21:00,5777.44,20350.58
2025-03-05 15:30,5770.71,20298.39
2025-03-05 16:30,5759.90,20265.54
2025-03-05 17:30,5798.36,20435.12
2025-03-05 18:30,5803.94,20464.10
2025-03-05 19:30,5839.57,20603.36
2025-03-05 20:30,5853.64,20655.99
2025-03-05 21:00,5840.95,20621.20
2025-03-06 15:30,5796.36,20426.45
2025-03-06 16:30,5797.25,20375.98
2025-03-06 17:30,5736.63,20122.62
2025-03-06 18:30,5736.08,20101.88
2025-03-06 19:30,5716.72,19993.06
2025-03-06 20:30,5740.78,20070.60
2025-03-06 21:00,5738.49,20050.38
2025-03-07 15:30,5732.80,20021.86
2025-03-07 16:30,5685.08,19837.56
2025-03-07 17:30,5689.61,19840.76
2025-03-07 18:30,5735.65,20021.76
2025-03-07 19:30,5775.84,20220.45
2025-03-07 20:30,5769.81,20196.79
2025-03-07 21:00,5769.15,20197.06
2025-03-10 14:30,5663.10,19636.54
2025-03-10 15:30,5659.16,19604.06
2025-03-10 16:30,5644.94,19545.22
2025-03-10 17:30,5626.30,19475.74
2025-03-10 18:30,5605.89,19400.25
2025-03-10 19:30,5605.03,19406.67
2025-03-10 20:00,5615.00,19432.88
2025-03-11 14:30,5567.41,19293.97
2025-03-11 15:30,5580.27,19406.10
2025-03-11 16:30,5566.94,19359.37
2025-03-11 17:30,5530.07,19189.45
2025-03-11 18:30,5592.71,19480.59
2025-03-11 19:30,5604.31,19526.14
2025-03-11 20:00,5571.79,19375.06
2025-03-12 14:30,5599.38,19611.70
2025-03-12 15:30,5577.44,19500.85
2025-03-12 16:30,5611.00,19656.08
2025-03-12 17:30,5622.48,19677.74
2025-03-12 18:30,5610.17,19616.24
2025-03-12 19:30,5605.01,19600.44
2025-03-12 20:00,5598.28,19592.23
2025-03-13 14:30,5579.22,19463.22
2025-03-13 15:30,5550.91,19339.83
2025-03-13 16:30,5533.50,19284.70
2025-03-13 17:30,5519.16,19202.36
2025-03-13 18:30,5537.27,19305.51
2025-03-13 19:30,5522.25,19239.33
2025-03-13 20:00,5521.56,19226.63
2025-03-14 14:30,5576.02,19455.37
2025-03-14 15:30,5617.39,19629.88
2025-03-14 16:30,5609.39,19602.00
2025-03-14 17:30,5621.47,19637.35
2025-03-14 18:30,5613.74,19614.48
2025-03-14 19:30,5625.24,19654.05
2025-03-14 20:00,5636.86,19700.25
2025-03-17 14:30,5652.42,19706.89
2025-03-17 15:30,5648.55,19670.38
2025-03-17 16:30,5644.92,19654.88
2025-03-17 17:30,5664.18,19744.33
2025-03-17 18:30,5693.62,19903.70
2025-03-17 19:30,5696.92,19905.15
2025-03-17 20:00,5676.16,19814.56
2025-03-18 14:30,5619.19,19486.56
2025-03-18 15:30,5606.36,19458.53
2025-03-18 16:30,5621.61,19528.01
2025-03-18 17:30,5611.30,19484.28
2025-03-18 18:30,5611.48,19487.13
2025-03-18 19:30,5617.42,19493.49
2025-03-18 20:00,5615.37,19486.68
2025-03-19 14:30,5651.69,19633.88
2025-03-19 15:30,5652.34,19659.85
2025-03-19 16:30,5662.20,19692.54
2025-03-19 17:30,5639.99,19596.49
2025-03-19 18:30,5652.24,19656.30
2025-03-19 19:30,5678.21,19743.17
2025-03-19 20:00,5675.28,19737.38
2025-03-20 14:30,5701.27,19841.10
2025-03-20 15:30,5697.28,19820.34
2025-03-20 16:30,5667.10,19672.62
2025-03-20 17:30,5652.89,19627.68
2025-03-20 18:30,5647.18,19600.10
2025-03-20 19:30,5652.36,19625.78
2025-03-20 20:00,5662.07,19670.83
2025-03-21 14:30,5621.50,19542.26
2025-03-21 15:30,5621.01,19519.13
2025-03-21 16:30,5646.77,19642.00
2025-03-21 17:30,5643.68,19620.89
2025-03-21 18:30,5643.61,19638.97
2025-03-21 19:30,5642.45,19635.66
2025-03-21 20:00,5666.68,19751.31
2025-03-24 14:30,5754.19,20135.46
2025-03-24 15:30,5759.67,20149.05
2025-03-24 16:30,5756.18,20136.56
2025-03-24 17:30,5752.77,20131.20
2025-03-24 18:30,5746.42,20129.20
2025-03-24 19:30,5761.89,20164.95
2025-03-24 20:00,5765.15,20169.38
2025-03-25 14:30,5781.35,20251.22
2025-03-25 15:30,5780.40,20275.28
2025-03-25 16:30,5767.97,20233.10
2025-03-25 17:30,5764.37,20207.55
2025-03-25 18:30,5766.51,20229.87
2025-03-25 19:30,5764.58,20237.94
2025-03-25 20:00,5776.83,20287.66
2025-03-26 14:30,5755.77,20084.85
2025-03-26 15:30,5745.68,20078.13
2025-03-26 16:30,5732.97,20007.08
2025-03-26 17:30,5712.37,19928.76
2025-03-26 18:30,5715.26,19939.72
2025-03-26 19:30,5699.22,19866.72
2025-03-26 20:00,5712.11,19918.08
2025-03-27 14:30,5717.86,19920.96
2025-03-27 15:30,5720.91,19938.58
2025-03-27 16:30,5708.93,19883.97
2025-03-27 17:30,5690.47,19812.22
2025-03-27 18:30,5701.89,19863.53
2025-03-27 19:30,5719.90,19914.57
2025-03-27 20:00,5692.36,19792.28
2025-03-28 14:30,5616.95,19452.46
2025-03-28 15:30,5611.10,19413.90
2025-03-28 16:30,5590.49,19320.73
2025-03-28 17:30,5575.05,19270.62
2025-03-28 18:30,5581.88,19298.16
2025-03-28 19:30,5579.16,19278.05
2025-03-28 20:00,5580.28,19279.01
2025-03-31 14:30,5516.27,18881.65
2025-03-31 15:30,5546.41,19009.02
2025-03-31 16:30,5566.14,19103.76
2025-03-31 17:30,5557.08,19066.33
2025-03-31 18:30,5590.50,19192.83
2025-03-31 19:30,5595.38,19189.84
2025-03-31 20:00,5611.33,19273.91
2025-04-01 14:30,5574.15,19168.71
2025-04-01 15:30,5630.84,19398.28
2025-04-01 16:30,5629.85,19384.96
2025-04-01 17:30,5615.56,19353.41
2025-04-01 18:30,5588.72,19232.53
2025-04-01 19:30,5606.46,19305.90
2025-04-01 20:00,5632.92,19437.34
2025-04-02 14:30,5629.90,19422.03
2025-04-02 15:30,5655.20,19521.35
2025-04-02 16:30,5664.36,19593.82
2025-04-02 17:30,5682.87,19660.90
2025-04-02 18:30,5634.11,19444.88
2025-04-02 19:30,5653.10,19517.05
2025-04-02 20:00,5669.25,19584.32
2025-04-03 14:30,5451.80,18760.93
2025-04-03 15:30,5438.42,18663.67
2025-04-03 16:30,5479.06,18802.79
2025-04-03 17:30,5443.09,18679.00
2025-04-03 18:30,5427.81,18615.69
2025-04-03 19:30,5410.82,18566.52
2025-04-03 20:00,5398.31,18518.31
2025-04-04 14:30,5180.65,17769.86
2025-04-04 15:30,5182.93,17798.54
2025-04-04 16:30,5141.80,17617.96
2025-04-04 17:30,5129.98,17574.19
2025-04-04 18:30,5107.22,17523.46
2025-04-04 19:30,5123.24,17601.26
2025-04-04 20:00,5075.24,17395.99
2025-04-07 14:30,5005.34,17251.25
2025-04-07 15:30,4956.26,17068.73
2025-04-07 16:30,5013.10,17262.73
2025-04-07 17:30,5073.93,17492.33
2025-04-07 18:30,5068.19,17458.35
2025-04-07 19:30,5024.46,17300.19
2025-04-07 20:00,5059.86,17418.23
2025-04-08 14:30,5253.86,18147.65
2025-04-08 15:30,5161.15,17851.36
2025-04-08 16:30,5157.04,17781.08
2025-04-08 17:30,5042.61,17376.75
2025-04-08 18:30,5041.77,17370.67
2025-04-08 19:30,4993.21,17139.41
2025-04-08 20:00,4985.67,17104.42
2025-04-09 14:30,5007.88,17312.66
2025-04-09 15:30,5000.12,17265.67
2025-04-09 16:30,5009.69,17321.07
2025-04-09 17:30,5256.32,18250.48
2025-04-09 18:30,5403.97,18903.07
2025-04-09 19:30,5423.82,18997.92
2025-04-09 20:00,5451.61,19122.24
2025-04-10 14:30,5301.35,18518.03
2025-04-10 15:30,5255.38,18326.64
2025-04-10 16:30,5136.34,17875.41
2025-04-10 17:30,5209.93,18145.53
2025-04-10 18:30,5300.92,18468.23
2025-04-10 19:30,5244.19,18255.18
2025-04-10 20:00,5268.18,18344.36
2025-04-11 14:30,5225.14,18174.94
2025-04-11 15:30,5248.36,18280.37
2025-04-11 16:30,5291.36,18431.98
2025-04-11 17:30,5315.66,18503.16
2025-04-11 18:30,5349.21,18621.63
2025-04-11 19:30,5365.30,18686.41
2025-04-11 20:00,5361.20,18675.09
2025-04-14 14:30,5438.45,18993.02
2025-04-14 15:30,5403.47,18811.39
2025-04-14 16:30,5376.91,18681.12
2025-04-14 17:30,5392.42,18734.56
2025-04-14 18:30,5421.90,18858.85
2025-04-14 19:30,5431.90,18901.82
2025-04-14 20:00,5405.56,18796.73
2025-04-15 14:30,5412.69,18835.85
2025-04-15 15:30,5419.96,18877.67
2025-04-15 16:30,5428.09,18930.46
2025-04-15 17:30,5395.76,18791.10
2025-04-15 18:30,5392.48,18781.44
2025-04-15 19:30,5401.38,18823.86
2025-04-15 20:00,5396.70,18828.18
2025-04-16 14:30,5335.48,18491.34
2025-04-16 15:30,5363.75,18576.52
2025-04-16 16:30,5332.26,18461.48
2025-04-16 17:30,5332.91,18460.29
2025-04-16 18:30,5277.89,18228.06
2025-04-16 19:30,5223.67,18009.33
2025-04-16 20:00,5276.26,18260.11
2025-04-17 14:30,5268.86,18197.96
2025-04-17 15:30,5283.66,18221.38
2025-04-17 16:30,5311.84,18324.50
2025-04-17 17:30,5293.64,18250.94
2025-04-17 18:30,5317.30,18362.88
2025-04-17 19:30,5289.81,18254.41
2025-04-17 20:00,5283.50,18261.74
2025-04-21 14:30,5171.78,17807.37
2025-04-21 15:30,5147.37,17755.76
2025-04-21 16:30,5132.42,17701.71
2025-04-21 17:30,5115.57,17638.57
2025-04-21 18:30,5115.21,17641.47
2025-04-21 19:30,5119.71,17663.59
2025-04-21 20:00,5157.81,17808.77
2025-04-22 14:30,5245.96,18162.11
2025-04-22 15:30,5266.31,18237.73
2025-04-22 16:30,5304.88,18378.99
2025-04-22 17:30,5243.44,18151.46
2025-04-22 18:30,5270.06,18232.50
2025-04-22 19:30,5263.32,18161.86
2025-04-22 20:00,5286.81,18272.61
2025-04-23 14:30,5455.20,18980.14
2025-04-23 15:30,5401.58,18791.89
2025-04-23 16:30,5379.27,18717.59
2025-04-23 17:30,5399.90,18807.75
2025-04-23 18:30,5382.73,18760.82
2025-04-23 19:30,5363.78,18664.52
2025-04-23 20:00,5372.42,18678.18
2025-04-24 14:30,5439.87,19027.78
2025-04-24 15:30,5441.64,19034.50
2025-04-24 16:30,5460.82,19109.21
2025-04-24 17:30,5467.06,19135.92
2025-04-24 18:30,5472.25,19167.84
2025-04-24 19:30,5466.75,19127.78
2025-04-24 20:00,5483.59,19208.30
2025-04-25 14:30,5463.90,19164.53
2025-04-25 15:30,5482.45,19246.03
2025-04-25 16:30,5502.06,19317.05
2025-04-25 17:30,5527.71,19442.08
2025-04-25 18:30,5515.35,19379.92
2025-04-25 19:30,5514.42,19381.01
2025-04-25 20:00,5523.52,19427.30
2025-04-28 14:30,5528.02,19383.79
2025-04-28 15:30,5489.36,19213.70
2025-04-28 16:30,5477.34,19176.71
2025-04-28 17:30,5471.48,19174.23
2025-04-28 18:30,5502.94,19303.89
2025-04-28 19:30,5523.42,19401.98
2025-04-28 20:00,5528.64,19426.82
2025-04-29 14:30,5516.66,19393.83
2025-04-29 15:30,5540.28,19452.79
2025-04-29 16:30,5546.61,19464.38
2025-04-29 17:30,5543.98,19455.11
2025-04-29 18:30,5566.18,19569.62
2025-04-29 19:30,5563.45,19543.40
2025-04-29 20:00,5560.30,19543.92
2025-04-30 14:30,5481.06,19211.05
2025-04-30 15:30,5507.82,19314.30
2025-04-30 16:30,5498.72,19286.85
2025-04-30 17:30,5517.20,19350.97
2025-04-30 18:30,5521.59,19392.84
2025-04-30 19:30,5515.66,19380.56
2025-04-30 20:00,5560.16,19548.00
2025-05-01 14:30,5639.12,19903.33
2025-05-01 15:30,5650.39,19976.59
2025-05-01 16:30,5620.99,19869.69
2025-05-01 17:30,5630.27,19899.88
2025-05-01 18:30,5636.16,19916.08
2025-05-01 19:30,5637.76,19919.26
2025-05-01 20:00,5602.31,19776.85
2025-05-02 14:30,5679.94,20083.64
2025-05-02 15:30,5663.88,20047.45
2025-05-02 16:30,5689.80,20127.08
2025-05-02 17:30,5685.37,20116.29
2025-05-02 18:30,5694.22,20150.64
2025-05-02 19:30,5693.88,20126.61
2025-05-02 20:00,5685.73,20100.34
2025-05-05 14:30,5653.96,19968.58
2025-05-05 15:30,5665.55,20010.18
2025-05-05 16:30,5674.27,20043.55
2025-05-05 17:30,5669.06,20042.84
2025-05-05 18:30,5679.00,20073.46
2025-05-05 19:30,5665.03,20024.38
2025-05-05 20:00,5651.20,19966.53
2025-05-06 14:30,5622.95,19805.06
2025-05-06 15:30,5633.71,19855.83
2025-05-06 16:30,5623.05,19821.38
2025-05-06 17:30,5613.56,19795.25
2025-05-06 18:30,5621.68,19838.23
2025-05-06 19:30,5624.73,19861.52
2025-05-06 20:00,5605.52,19787.17
2025-05-07 14:30,5635.55,19888.55
2025-05-07 15:30,5608.42,19730.91
2025-05-07 16:30,5609.00,19730.52
2025-05-07 17:30,5630.03,19815.91
2025-05-07 18:30,5596.79,19688.80
2025-05-07 19:30,5596.30,19692.82
2025-05-07 20:00,5629.75,19865.76
2025-05-08 14:30,5661.57,20007.43
2025-05-08 15:30,5678.53,20092.81
2025-05-08 16:30,5704.83,20195.68
2025-05-08 17:30,5709.18,20216.27
2025-05-08 18:30,5697.30,20181.32
2025-05-08 19:30,5707.19,20231.89
2025-05-08 20:00,5663.86,20061.90
2025-05-09 14:30,5659.54,20053.88
2025-05-09 15:30,5661.32,20056.61
2025-05-09 16:30,5654.91,20027.97
2025-05-09 17:30,5655.85,20027.45
2025-05-09 18:30,5658.68,20045.76
2025-05-09 19:30,5665.60,20080.39
2025-05-09 20:00,5659.15,20058.44
2025-05-12 14:30,5797.68,20653.50
2025-05-12 15:30,5804.26,20701.55
2025-05-12 16:30,5809.24,20751.76
2025-05-12 17:30,5829.36,20817.30
2025-05-12 18:30,5835.43,20840.46
2025-05-12 19:30,5830.40,20798.46
2025-05-12 20:00,5844.58,20867.99
2025-05-13 14:30,5885.41,21131.98
2025-05-13 15:30,5893.93,21195.42
2025-05-13 16:30,5892.94,21218.03
2025-05-13 17:30,5899.23,21231.14
2025-05-13 18:30,5895.68,21221.86
2025-05-13 19:30,5900.90,21240.39
2025-05-13 20:00,5884.87,21192.22
2025-05-14 14:30,5891.15,21265.83
2025-05-14 15:30,5895.59,21297.57
2025-05-14 16:30,5895.50,21305.44
2025-05-14 17:30,5879.33,21236.11
2025-05-14 18:30,5884.12,21264.68
2025-05-14 19:30,5886.50,21275.85
2025-05-14 20:00,5891.51,21312.40
2025-05-15 14:30,5872.95,21206.41
2025-05-15 15:30,5898.37,21323.64
2025-05-15 16:30,5907.09,21361.29
2025-05-15 17:30,5921.96,21436.44
2025-05-15 18:30,5909.35,21326.13
2025-05-15 19:30,5901.98,21239.17
2025-05-15 20:00,5917.44,21324.29
2025-05-16 14:30,5923.25,21336.88
2025-05-16 15:30,5923.33,21319.21
2025-05-16 16:30,5934.98,21355.27
2025-05-16 17:30,5945.32,21381.38
2025-05-16 18:30,5946.82,21382.08
2025-05-16 19:30,5952.57,21415.24
2025-05-16 20:00,5958.40,21428.79
2025-05-19 14:30,5935.35,21323.53
2025-05-19 15:30,5936.67,21325.37
2025-05-19 16:30,5953.45,21391.95
2025-05-19 17:30,5964.33,21443.59
2025-05-19 18:30,5950.37,21383.57
2025-05-19 19:30,5948.46,21381.73
2025-05-19 20:00,5964.16,21450.18
2025-05-20 14:30,5942.15,21323.41
2025-05-20 15:30,5947.40,21350.79
2025-05-20 16:30,5939.84,21357.10
2025-05-20 17:30,5947.31,21379.52
2025-05-20 18:30,5921.38,21278.32
2025-05-20 19:30,5926.22,21301.65
2025-05-20 20:00,5940.83,21371.23
2025-05-21 14:30,5909.77,21317.16
2025-05-21 15:30,5930.61,21445.88
2025-05-21 16:30,5930.78,21457.63
2025-05-21 17:30,5858.95,21132.81
2025-05-21 18:30,5865.40,21167.78
2025-05-21 19:30,5835.30,21026.97
2025-05-21 20:00,5844.17,21080.73
2025-05-22 14:30,5840.86,21162.03
2025-05-22 15:30,5839.12,21144.04
2025-05-22 16:30,5855.63,21199.47
2025-05-22 17:30,5858.68,21192.89
2025-05-22 18:30,5867.76,21220.82
2025-05-22 19:30,5877.14,21253.50
2025-05-22 20:00,5841.00,21109.47
2025-05-23 14:30,5788.88,20888.07
2025-05-23 15:30,5796.29,20902.02
2025-05-23 16:30,5799.10,20912.36
2025-05-23 17:30,5823.58,21013.87
2025-05-23 18:30,5819.04,20979.54
2025-05-23 19:30,5810.61,20954.94
2025-05-23 20:00,5804.16,20911.92
2025-05-27 14:30,5890.40,21315.13
2025-05-27 15:30,5899.81,21333.75
2025-05-27 16:30,5905.33,21353.63
2025-05-27 17:30,5913.21,21396.12
2025-05-27 18:30,5918.48,21403.58
2025-05-27 19:30,5914.69,21379.24
2025-05-27 20:00,5921.17,21410.55
2025-05-28 14:30,5914.32,21402.86
2025-05-28 15:30,5905.83,21403.01
2025-05-28 16:30,5910.46,21416.48
2025-05-28 17:30,5914.24,21426.59
2025-05-28 18:30,5912.25,21425.14
2025-05-28 19:30,5906.81,21405.18
2025-05-28 20:00,5889.50,21321.03
2025-05-29 14:30,5912.61,21404.20
2025-05-29 15:30,5919.14,21449.55
2025-05-29 16:30,5902.24,21376.03
2025-05-29 17:30,5905.34,21365.92
2025-05-29 18:30,5892.16,21282.62
2025-05-29 19:30,5900.75,21319.71
2025-05-29 20:00,5912.16,21364.22
2025-05-30 14:30,5907.20,21339.31
2025-05-30 15:30,5902.65,21320.83
2025-05-30 16:30,5860.10,21147.03
2025-05-30 17:30,5869.60,21123.43
2025-05-30 18:30,5893.80,21238.28
2025-05-30 19:30,5917.35,21340.45
2025-05-30 20:00,5907.06,21327.24
2025-06-02 14:30,5895.93,21336.56
2025-06-02 15:30,5895.78,21327.71
2025-06-02 16:30,5904.06,21378.86
2025-06-02 17:30,5909.11,21404.29
2025-06-02 18:30,5925.23,21460.15
2025-06-02 19:30,5934.08,21490.56
2025-06-02 20:00,5937.40,21494.75
2025-06-03 14:30,5948.52,21580.40
2025-06-03 15:30,5959.57,21630.04
2025-06-03 16:30,5971.18,21665.29
2025-06-03 17:30,5978.17,21705.16
2025-06-03 18:30,5972.01,21645.83
2025-06-03 19:30,5972.73,21665.00
2025-06-03 20:00,5970.53,21654.86
2025-06-04 14:30,5986.88,21706.74
2025-06-04 15:30,5980.57,21730.76
2025-06-04 16:30,5969.84,21688.41
2025-06-04 17:30,5983.47,21736.30
2025-06-04 18:30,5986.18,21742.16
2025-06-04 19:30,5980.58,21745.57
2025-06-04 20:00,5971.16,21725.82
2025-06-05 14:30,5971.31,21762.15
2025-06-05 15:30,5996.36,21880.45
2025-06-05 16:30,5989.40,21824.40
2025-06-05 17:30,5974.63,21736.04
2025-06-05 18:30,5963.03,21667.57
2025-06-05 19:30,5933.81,21547.93
2025-06-05 20:00,5939.68,21542.29
2025-06-06 14:30,6001.03,21754.30
2025-06-06 15:30,5992.71,21757.28
2025-06-06 16:30,5995.75,21760.20
2025-06-06 17:30,5991.83,21759.32
2025-06-06 18:30,6005.25,21812.86
2025-06-06 19:30,6003.00,21779.36
2025-06-06 20:00,5999.66,21771.79
2025-06-09 14:30,6006.77,21825.15
2025-06-09 15:30,6001.21,21796.36
2025-06-09 16:30,6006.99,21801.16
2025-06-09 17:30,6017.07,21828.96
2025-06-09 18:30,6019.43,21839.28
2025-06-09 19:30,6014.08,21828.77
2025-06-09 20:00,6004.20,21807.46
2025-06-10 14:30,6020.99,21848.05
2025-06-10 15:30,6020.46,21832.07
2025-06-10 16:30,6027.60,21881.85
2025-06-10 17:30,6027.71,21864.95
2025-06-10 18:30,6018.29,21848.55
2025-06-10 19:30,6035.50,21941.12
2025-06-10 20:00,6039.83,21943.29
2025-06-11 14:30,6057.00,22017.94
2025-06-11 15:30,6051.77,22000.82
2025-06-11 16:30,6040.73,21954.66
2025-06-11 17:30,6052.09,21982.21
2025-06-11 18:30,6016.01,21828.79
2025-06-11 19:30,6014.00,21829.05
2025-06-11 20:00,6023.72,21866.51
2025-06-12 14:30,6033.85,21897.34
2025-06-12 15:30,6032.68,21892.86
2025-06-12 16:30,6038.86,21932.71
2025-06-12 17:30,6037.97,21918.53
2025-06-12 18:30,6036.82,21896.26
2025-06-12 19:30,6041.63,21913.70
2025-06-12 20:00,6045.20,21913.30
2025-06-13 14:30,5975.90,21613.84
2025-06-13 15:30,6013.55,21781.12
2025-06-13 16:30,6016.65,21803.55
2025-06-13 17:30,6003.78,21759.86
2025-06-13 18:30,5979.44,21660.25
2025-06-13 19:30,5970.88,21619.48
2025-06-13 20:00,5977.48,21633.22
2025-06-16 14:30,6046.73,21958.55
2025-06-16 15:30,6040.18,21947.33
2025-06-16 16:30,6037.14,21929.91
2025-06-16 17:30,6040.32,21955.26
2025-06-16 18:30,6032.31,21934.04
2025-06-16 19:30,6027.07,21926.94
2025-06-16 20:00,6033.38,21937.87
2025-06-17 14:30,6018.68,21869.60
2025-06-17 15:30,6011.68,21855.88
2025-06-17 16:30,6018.50,21876.31
2025-06-17 17:30,5996.86,21786.27
2025-06-17 18:30,5980.31,21700.80
2025-06-17 19:30,5988.85,21751.49
2025-06-17 20:00,5982.06,21716.01
2025-06-18 14:30,6014.61,21843.40
2025-06-18 15:30,6006.73,21817.14
2025-06-18 16:30,6001.40,21798.68
2025-06-18 17:30,5994.77,21746.48
2025-06-18 18:30,5999.65,21778.95
2025-06-18 19:30,5975.81,21699.34
2025-06-18 20:00,5980.33,21719.61
2025-06-20 14:30,5985.23,21712.74
2025-06-20 15:30,5974.83,21650.86
2025-06-20 16:30,5972.83,21645.09
2025-06-20 17:30,5959.68,21583.88
2025-06-20 18:30,5972.21,21660.12
2025-06-20 19:30,5958.39,21595.30
2025-06-20 20:00,5968.34,21625.81
2025-06-23 14:30,5999.65,21767.31
2025-06-23 15:30,5990.82,21744.41
2025-06-23 16:30,5966.51,21644.11
2025-06-23 17:30,6000.78,21796.42
2025-06-23 18:30,6007.63,21824.06
2025-06-23 19:30,6016.07,21835.66
2025-06-23 20:00,6024.75,21856.23
2025-06-24 14:30,6069.25,22088.66
2025-06-24 15:30,6081.17,22148.98
2025-06-24 16:30,6089.11,22172.36
2025-06-24 17:30,6087.33,22165.99
2025-06-24 18:30,6093.81,22191.57
2025-06-24 19:30,6098.76,22197.20
2025-06-24 20:00,6093.28,22190.95
2025-06-25 14:30,6100.83,22269.20
2025-06-25 15:30,6095.19,22241.42
2025-06-25 16:30,6093.32,22214.63
2025-06-25 17:30,6093.83,22234.51
2025-06-25 18:30,6087.45,22207.74
2025-06-25 19:30,6094.05,22219.69
2025-06-25 20:00,6093.86,22238.66
2025-06-26 14:30,6123.20,22346.29
2025-06-26 15:30,6124.69,22346.76
2025-06-26 16:30,6132.45,22391.97
2025-06-26 17:30,6135.35,22412.59
2025-06-26 18:30,6140.90,22451.37
2025-06-26 19:30,6140.15,22447.48
2025-06-26 20:00,6142.62,22444.21
2025-06-27 14:30,6173.00,22567.44
2025-06-27 15:30,6176.83,22567.35
2025-06-27 16:30,6186.76,22580.77
2025-06-27 17:30,6177.35,22559.67
2025-06-27 18:30,6147.33,22469.11
2025-06-27 19:30,6147.55,22447.41
2025-06-27 20:00,6171.97,22518.73
2025-06-30 14:30,6189.10,22610.86
2025-06-30 15:30,6184.56,22598.23
2025-06-30 16:30,6185.72,22618.45
2025-06-30 17:30,6187.97,22618.08
2025-06-30 18:30,6183.49,22603.32
2025-06-30 19:30,6202.32,22663.66
2025-06-30 20:00,6203.60,22677.24
2025-07-01 14:30,6193.73,22556.27
2025-07-01 15:30,6195.88,22477.41
2025-07-01 16:30,6196.14,22470.66
2025-07-01 17:30,6203.49,22514.51
2025-07-01 18:30,6202.86,22514.16
2025-07-01 19:30,6206.12,22510.98
2025-07-01 20:00,6197.58,22478.75
2025-07-02 14:30,6209.14,22578.48
2025-07-02 15:30,6210.94,22593.37
2025-07-02 16:30,6214.74,22617.26
2025-07-02 17:30,6217.40,22610.85
2025-07-02 18:30,6218.60,22620.83
2025-07-02 19:30,6220.46,22617.97
2025-07-02 20:00,6227.27,22640.29
2025-07-03 14:30,6271.87,22853.69
2025-07-03 15:30,6276.59,22860.46
2025-07-03 16:30,6279.15,22871.53
2025-07-03 17:30,6279.35,22866.97
2025-07-07 14:30,6252.38,22740.80
2025-07-07 15:30,6242.78,22722.86
2025-07-07 16:30,6227.99,22697.18
2025-07-07 17:30,6223.59,22674.11
2025-07-07 18:30,6201.63,22622.96
2025-07-07 19:30,6216.78,22651.19
2025-07-07 20:00,6230.76,22690.39
2025-07-08 14:30,6222.38,22678.76
2025-07-08 15:30,6221.76,22674.27
2025-07-08 16:30,6240.90,22750.38
2025-07-08 17:30,6230.01,22714.46
2025-07-08 18:30,6228.53,22716.48
2025-07-08 19:30,6226.88,22693.33
2025-07-08 20:00,6225.48,22701.99
2025-07-09 14:30,6256.08,22876.88
2025-07-09 15:30,6243.03,22788.21
2025-07-09 16:30,6240.49,22783.01
2025-07-09 17:30,6245.46,22791.68
2025-07-09 18:30,6250.74,22822.35
2025-07-09 19:30,6257.85,22844.04
2025-07-09 20:00,6262.27,22861.04
2025-07-10 14:30,6258.75,22745.79
2025-07-10 15:30,6276.66,22811.25
2025-07-10 16:30,6277.06,22820.89
2025-07-10 17:30,6282.60,22825.95
2025-07-10 18:30,6287.68,22846.62
2025-07-10 19:30,6283.49,22842.28
2025-07-10 20:00,6280.14,22829.80
2025-07-11 14:30,6261.97,22816.37
2025-07-11 15:30,6254.66,22767.51
2025-07-11 16:30,6260.93,22810.97
2025-07-11 17:30,6265.47,22824.95
2025-07-11 18:30,6263.83,22818.75
2025-07-11 19:30,6265.98,22799.60
2025-07-11 20:00,6258.35,22776.59
2025-07-14 14:30,6248.64,22764.65
2025-07-14 15:30,6262.41,22832.29
2025-07-14 16:30,6260.58,22836.81
2025-07-14 17:30,6268.85,22871.71
2025-07-14 18:30,6271.26,22871.93
2025-07-14 19:30,6268.59,22863.68
2025-07-14 20:00,6268.11,22857.02
2025-07-15 14:30,6276.73,23000.78
2025-07-15 15:30,6272.43,22981.71
2025-07-15 16:30,6263.54,22972.96
2025-07-15 17:30,6259.47,22941.76
2025-07-15 18:30,6267.10,22989.91
2025-07-15 19:30,6254.05,22909.47
2025-07-15 20:00,6243.10,22902.20
2025-07-16 14:30,6245.79,22835.81
2025-07-16 15:30,6234.35,22781.35
2025-07-16 16:30,6237.37,22809.49
2025-07-16 17:30,6251.88,22869.88
2025-07-16 18:30,6254.43,22872.64
2025-07-16 19:30,6262.40,22899.22
2025-07-16 20:00,6263.58,22915.22
2025-07-17 14:30,6275.66,22985.59
2025-07-17 15:30,6287.81,23058.58
2025-07-17 16:30,6289.63,23089.46
2025-07-17 17:30,6291.26,23087.14
2025-07-17 18:30,6299.90,23084.36
2025-07-17 19:30,6300.39,23088.81
2025-07-17 20:00,6299.02,23081.22
2025-07-18 14:30,6293.89,23035.00
2025-07-18 15:30,6296.45,23055.82
2025-07-18 16:30,6289.77,23042.44
2025-07-18 17:30,6289.84,23053.89
2025-07-18 18:30,6291.53,23058.81
2025-07-18 19:30,6294.17,23052.17
2025-07-18 20:00,6296.68,23064.98
2025-07-21 14:30,6333.74,23253.56
2025-07-21 15:30,6333.52,23240.53
2025-07-21 16:30,6328.45,23210.77
2025-07-21 17:30,6334.94,23256.21
2025-07-21 18:30,6332.49,23254.57
2025-07-21 19:30,6314.84,23207.83
2025-07-21 20:00,6307.46,23174.76
2025-07-22 14:30,6290.88,23009.46
2025-07-22 15:30,6296.98,23053.62
2025-07-22 16:30,6292.37,23037.63
2025-07-22 17:30,6310.86,23076.88
2025-07-22 18:30,6305.10,23068.31
2025-07-22 19:30,6312.78,23090.34
2025-07-22 20:00,6309.13,23063.63
2025-07-23 14:30,6327.33,23038.65
2025-07-23 15:30,6328.53,23051.75
2025-07-23 16:30,6337.22,23059.55
2025-07-23 17:30,6341.62,23084.25
2025-07-23 18:30,6353.22,23143.50
2025-07-23 19:30,6353.99,23136.93
2025-07-23 20:00,6359.91,23151.91
2025-07-24 14:30,6368.89,23184.72
2025-07-24 15:30,6375.46,23231.45
2025-07-24 16:30,6366.15,23196.86
2025-07-24 17:30,6373.97,23249.97
2025-07-24 18:30,6377.63,23261.96
2025-07-24 19:30,6375.06,23260.23
2025-07-24 20:00,6364.02,23236.23
2025-07-25 14:30,6375.25,23261.58
2025-07-25 15:30,6380.72,23270.47
2025-07-25 16:30,6388.17,23321.50
2025-07-25 17:30,6390.80,23300.23
2025-07-25 18:30,6393.47,23305.51
2025-07-25 19:30,6393.41,23297.51
2025-07-25 20:00,6389.59,23275.07
2025-07-28 14:30,6398.09,23364.27
2025-07-28 15:30,6391.09,23337.69
2025-07-28 16:30,6394.26,23353.32
2025-07-28 17:30,6383.25,23324.52
2025-07-28 18:30,6380.11,23319.79
2025-07-28 19:30,6380.40,23319.70
2025-07-28 20:00,6389.58,23353.18
2025-07-29 14:30,6397.24,23417.86
2025-07-29 15:30,6372.86,23325.47
2025-07-29 16:30,6376.32,23335.73
2025-07-29 17:30,6382.46,23367.68
2025-07-29 18:30,6373.47,23339.24
2025-07-29 19:30,6371.17,23318.84
2025-07-29 20:00,6371.63,23308.40
2025-07-30 14:30,6383.16,23366.24
2025-07-30 15:30,6373.40,23349.48
2025-07-30 16:30,6385.97,23397.20
2025-07-30 17:30,6382.46,23389.36
2025-07-30 18:30,6387.91,23415.81
2025-07-30 19:30,6340.60,23259.04
2025-07-30 20:00,6364.83,23349.80
2025-07-31 14:30,6408.06,23503.46
2025-07-31 15:30,6382.28,23400.99
2025-07-31 16:30,6400.82,23474.42
2025-07-31 17:30,6368.02,23321.43
2025-07-31 18:30,6361.62,23283.12
2025-07-31 19:30,6347.52,23241.81
2025-07-31 20:00,6341.54,23226.43
2025-08-01 14:30,6252.30,22861.18
2025-08-01 15:30,6234.25,22783.01
2025-08-01 16:30,6261.97,22891.65
2025-08-01 17:30,6224.38,22728.70
2025-08-01 18:30,6235.03,22768.04
2025-08-01 19:30,6237.22,22757.54
2025-08-01 20:00,6237.30,22766.08
2025-08-04 14:30,6313.52,23132.45
2025-08-04 15:30,6309.97,23102.83
2025-08-04 16:30,6317.10,23157.73
2025-08-04 17:30,6322.39,23161.11
2025-08-04 18:30,6319.35,23149.13
2025-08-04 19:30,6321.68,23151.24
2025-08-04 20:00,6329.54,23186.64
2025-08-05 14:30,6317.00,23156.86
2025-08-05 15:30,6298.41,23056.63
2025-08-05 16:30,6309.87,23082.80
2025-08-05 17:30,6316.23,23099.25
2025-08-05 18:30,6306.19,23070.94
2025-08-05 19:30,6308.87,23046.59
2025-08-05 20:00,6299.19,23009.95
2025-08-06 14:30,6306.94,23073.17
2025-08-06 15:30,6338.94,23214.95
2025-08-06 16:30,6342.86,23251.88
2025-08-06 17:30,6342.14,23264.07
2025-08-06 18:30,6348.69,23307.25
2025-08-06 19:30,6349.01,23316.39
2025-08-06 20:00,6344.78,23310.32
2025-08-07 14:30,6356.62,23448.25
2025-08-07 15:30,6338.81,23423.12
2025-08-07 16:30,6341.83,23389.29
2025-08-07 17:30,6319.45,23303.28
2025-08-07 18:30,6318.04,23261.34
2025-08-07 19:30,6321.90,23284.00
2025-08-07 20:00,6341.08,23391.35
2025-08-08 14:30,6383.08,23572.83
2025-08-08 15:30,6379.00,23568.26
2025-08-08 16:30,6388.21,23588.79
2025-08-08 17:30,6382.45,23557.44
2025-08-08 18:30,6390.60,23597.28
2025-08-08 19:30,6391.02,23599.66
2025-08-08 20:00,6390.19,23602.91
2025-08-11 14:30,6390.80,23647.52
2025-08-11 15:30,6388.76,23632.68
2025-08-11 16:30,6403.63,23673.14
2025-08-11 17:30,6389.60,23624.66
2025-08-11 18:30,6382.81,23579.21
2025-08-11 19:30,6380.61,23558.71
2025-08-11 20:00,6374.49,23515.80
2025-08-12 14:30,6410.87,23654.42
2025-08-12 15:30,6422.28,23747.05
2025-08-12 16:30,6432.06,23778.31
2025-08-12 17:30,6433.12,23790.14
2025-08-12 18:30,6440.36,23816.97
2025-08-12 19:30,6441.24,23818.40
2025-08-12 20:00,6445.30,23838.96
2025-08-13 14:30,6460.20,23863.30
2025-08-13 15:30,6454.53,23840.73
2025-08-13 16:30,6450.85,23825.50
2025-08-13 17:30,6454.28,23843.03
2025-08-13 18:30,6456.98,23827.62
2025-08-13 19:30,6460.77,23839.07
2025-08-13 20:00,6466.79,23851.32
2025-08-14 14:30,6460.56,23854.71
2025-08-14 15:30,6451.38,23788.46
2025-08-14 16:30,6449.48,23788.81
2025-08-14 17:30,6467.93,23878.60
2025-08-14 18:30,6458.34,23808.64
2025-08-14 19:30,6467.57,23824.32
2025-08-14 20:00,6467.80,23832.19
2025-08-15 14:30,6458.50,23781.26
2025-08-15 15:30,6451.36,23717.49
2025-08-15 16:30,6449.20,23684.26
2025-08-15 17:30,6457.91,23715.66
2025-08-15 18:30,6461.80,23730.80
2025-08-15 19:30,6454.28,23720.03
2025-08-15 20:00,6450.12,23711.18
2025-08-18 14:30,6446.60,23700.29
2025-08-18 15:30,6443.00,23664.17
2025-08-18 16:30,6446.75,23684.74
2025-08-18 17:30,6447.21,23682.70
2025-08-18 18:30,6443.27,23677.86
2025-08-18 19:30,6447.96,23703.12
2025-08-18 20:00,6449.24,23727.50
2025-08-19 14:30,6445.21,23604.88
2025-08-19 15:30,6430.94,23474.15
2025-08-19 16:30,6418.58,23458.66
2025-08-19 17:30,6412.68,23408.49
2025-08-19 18:30,6406.16,23393.67
2025-08-19 19:30,6406.97,23376.04
2025-08-19 20:00,6411.80,23367.25
2025-08-20 14:30,6353.49,23054.34
2025-08-20 15:30,6378.55,23150.46
2025-08-20 16:30,6389.04,23199.67
2025-08-20 17:30,6380.30,23160.87
2025-08-20 18:30,6372.97,23146.71
2025-08-20 19:30,6397.97,23269.21
2025-08-20 20:00,6394.88,23247.31
2025-08-21 14:30,6393.39,23242.34
2025-08-21 15:30,6381.26,23182.74
2025-08-21 16:30,6366.47,23104.77
2025-08-21 17:30,6358.03,23068.21
2025-08-21 18:30,6369.45,23122.28
2025-08-21 19:30,6373.38,23163.71
2025-08-21 20:00,6370.18,23137.28
2025-08-22 14:30,6456.15,23457.31
2025-08-22 15:30,6473.61,23537.98
2025-08-22 16:30,6462.24,23458.58
2025-08-22 17:30,6476.01,23544.59
2025-08-22 18:30,6467.83,23524.80
2025-08-22 19:30,6464.78,23505.34
2025-08-22 20:00,6466.35,23489.52
2025-08-25 14:30,6455.48,23471.26
2025-08-25 15:30,6463.67,23532.04
2025-08-25 16:30,6463.78,23531.92
2025-08-25 17:30,6460.31,23512.53
2025-08-25 18:30,6455.77,23497.56
2025-08-25 19:30,6451.05,23482.16
2025-08-25 20:00,6439.45,23425.59
2025-08-26 14:30,6444.85,23479.05
2025-08-26 15:30,6437.94,23457.57
2025-08-26 16:30,6447.02,23478.71
2025-08-26 17:30,6448.49,23472.09
2025-08-26 18:30,6448.64,23466.28
2025-08-26 19:30,6459.08,23499.33
2025-08-26 20:00,6465.70,23519.73
2025-08-27 14:30,6474.85,23537.15
2025-08-27 15:30,6476.92,23530.53
2025-08-27 16:30,6473.05,23490.46
2025-08-27 17:30,6478.17,23541.66
2025-08-27 18:30,6486.52,23585.65
2025-08-27 19:30,6480.22,23538.29
2025-08-27 20:00,6480.85,23578.60
2025-08-28 14:30,6473.47,23570.67
2025-08-28 15:30,6476.40,23624.41
2025-08-28 16:30,6495.20,23695.91
2025-08-28 17:30,6494.98,23695.83
2025-08-28 18:30,6500.34,23715.46
2025-08-28 19:30,6502.93,23716.28
2025-08-28 20:00,6502.31,23704.69
2025-08-29 14:30,6459.11,23446.97
2025-08-29 15:30,6456.99,23433.89
2025-08-29 16:30,6454.80,23404.38
2025-08-29 17:30,6452.24,23375.71
2025-08-29 18:30,6455.56,23390.91
2025-08-29 19:30,6458.48,23415.37
2025-08-29 20:00,6461.82,23418.88
2025-09-02 14:30,6405.62,23209.20
2025-09-02 15:30,6377.26,23067.25
2025-09-02 16:30,6367.83,23023.35
2025-09-02 17:30,6387.70,23115.38
2025-09-02 18:30,6388.54,23119.77
2025-09-02 19:30,6402.59,23187.93
2025-09-02 20:00,6414.95,23232.79
2025-09-03 14:30,6435.41,23395.00
2025-09-03 15:30,6435.70,23382.96
2025-09-03 16:30,6435.98,23393.19
2025-09-03 17:30,6434.09,23384.77
2025-09-03 18:30,6423.06,23309.00
2025-09-03 19:30,6421.77,23316.31
2025-09-03 20:00,6447.81,23396.74
2025-09-04 14:30,6459.79,23435.42
2025-09-04 15:30,6473.54,23503.71
2025-09-04 16:30,6470.32,23486.76
2025-09-04 17:30,6479.54,23535.82
2025-09-04 18:30,6483.16,23555.04
2025-09-04 19:30,6490.49,23591.48
2025-09-04 20:00,6501.50,23625.78
2025-09-05 14:30,6475.87,23619.31
2025-09-05 15:30,6472.89,23599.31
2025-09-05 16:30,6467.82,23585.95
2025-09-05 17:30,6469.13,23600.37
2025-09-05 18:30,6467.38,23608.10
2025-09-05 19:30,6481.98,23652.80
2025-09-05 20:00,6482.16,23651.10
2025-09-08 14:30,6498.48,23820.78
2025-09-08 15:30,6507.96,23830.63
2025-09-08 16:30,6496.59,23795.21
2025-09-08 17:30,6495.03,23771.78
2025-09-08 18:30,6493.95,23773.52
2025-09-08 19:30,6485.69,23734.08
2025-09-08 20:00,6496.06,23763.42
2025-09-09 14:30,6497.80,23780.27
2025-09-09 15:30,6497.93,23753.34
2025-09-09 16:30,6498.77,23785.31
2025-09-09 17:30,6505.86,23808.48
2025-09-09 18:30,6508.09,23800.00
2025-09-09 19:30,6510.62,23827.54
2025-09-09 20:00,6512.40,23838.15
2025-09-10 14:30,6549.13,23937.60
2025-09-10 15:30,6538.04,23903.65
2025-09-10 16:30,6537.05,23887.07
2025-09-10 17:30,6532.77,23851.03
2025-09-10 18:30,6526.20,23820.96
2025-09-10 19:30,6518.41,23781.84
2025-09-10 20:00,6531.90,23858.97
2025-09-11 14:30,6569.11,23929.03
2025-09-11 15:30,6583.97,24006.02
2025-09-11 16:30,6583.34,23999.21
2025-09-11 17:30,6581.25,23997.11
2025-09-11 18:30,6582.90,23987.73
2025-09-11 19:30,6587.31,24005.99
2025-09-11 20:00,6586.70,24007.99
2025-09-12 14:30,6589.04,24046.96
2025-09-12 15:30,6586.27,24067.29
2025-09-12 16:30,6590.59,24086.55
2025-09-12 17:30,6590.72,24083.76
2025-09-12 18:30,6594.38,24102.44
2025-09-12 19:30,6591.48,24102.31
2025-09-12 20:00,6583.97,24106.68
2025-09-15 14:30,6615.54,24227.73
2025-09-15 15:30,6612.57,24238.87
2025-09-15 16:30,6614.53,24251.47
2025-09-15 17:30,6606.11,24238.04
2025-09-15 18:30,6607.19,24244.51
2025-09-15 19:30,6609.09,24258.08
2025-09-15 20:00,6615.97,24295.33
2025-09-16 14:30,6607.65,24288.16
2025-09-16 15:30,6604.29,24273.19
2025-09-16 16:30,6607.29,24267.34
2025-09-16 17:30,6610.68,24288.48
2025-09-16 18:30,6609.73,24275.27
2025-09-16 19:30,6609.27,24284.76
2025-09-16 20:00,6606.64,24285.21
2025-09-17 14:30,6599.16,24193.73
2025-09-17 15:30,6597.42,24160.06
2025-09-17 16:30,6597.18,24160.24
2025-09-17 17:30,6594.43,24155.55
2025-09-17 18:30,6611.06,24187.92
2025-09-17 19:30,6610.65,24280.08
2025-09-17 20:00,6600.89,24207.87
2025-09-18 14:30,6652.62,24529.21
2025-09-18 15:30,6641.25,24522.44
2025-09-18 16:30,6642.62,24516.14
2025-09-18 17:30,6641.88,24510.00
2025-09-18 18:30,6636.68,24487.03
2025-09-18 19:30,6635.38,24469.12
2025-09-18 20:00,6631.17,24452.48
2025-09-19 14:30,6645.57,24538.73
2025-09-19 15:30,6634.13,24479.49
2025-09-19 16:30,6651.29,24571.34
2025-09-19 17:30,6651.13,24551.75
2025-09-19 18:30,6651.59,24563.85
2025-09-19 19:30,6664.38,24597.78
2025-09-19 20:00,6662.84,24640.52
2025-09-22 14:30,6667.63,24649.35
2025-09-22 15:30,6676.02,24678.25
2025-09-22 16:30,6685.53,24729.86
2025-09-22 17:30,6691.60,24745.25
2025-09-22 18:30,6692.47,24761.40
2025-09-22 19:30,6697.97,24770.09
2025-09-22 20:00,6693.76,24761.77
2025-09-23 14:30,6692.21,24710.39
2025-09-23 15:30,6687.95,24717.67
2025-09-23 16:30,6678.68,24687.96
2025-09-23 17:30,6663.83,24625.66
2025-09-23 18:30,6652.24,24566.68
2025-09-23 19:30,6649.48,24559.34
2025-09-23 20:00,6658.09,24584.99
2025-09-24 14:30,6657.86,24576.03
2025-09-24 15:30,6652.95,24555.99
2025-09-24 16:30,6634.73,24459.04
2025-09-24 17:30,6639.48,24491.60
2025-09-24 18:30,6629.83,24462.20
2025-09-24 19:30,6633.57,24481.88
2025-09-24 20:00,6636.68,24500.84
2025-09-25 14:30,6610.77,24383.88
2025-09-25 15:30,6600.50,24363.26
2025-09-25 16:30,6605.25,24394.95
2025-09-25 17:30,6598.80,24360.57
2025-09-25 18:30,6595.60,24346.64
2025-09-25 19:30,6599.88,24371.82
2025-09-25 20:00,6604.20,24393.95
2025-09-26 14:30,6613.30,24337.67
2025-09-26 15:30,6624.56,24404.24
2025-09-26 16:30,6630.18,24433.11
2025-09-26 17:30,6641.74,24480.72
2025-09-26 18:30,6642.87,24487.78
2025-09-26 19:30,6641.83,24498.09
2025-09-26 20:00,6643.54,24503.74
2025-09-29 14:30,6673.13,24727.43
2025-09-29 15:30,6661.48,24642.40
2025-09-29 16:30,6660.22,24623.53
2025-09-29 17:30,6650.90,24607.31
2025-09-29 18:30,6660.40,24634.58
2025-09-29 19:30,6651.36,24581.35
2025-09-29 20:00,6661.71,24611.66
2025-09-30 14:30,6653.18,24557.20
2025-09-30 15:30,6646.76,24554.52
2025-09-30 16:30,6658.70,24582.29
2025-09-30 17:30,6645.97,24525.18
2025-09-30 18:30,6663.95,24601.42
2025-09-30 19:30,6678.81,24637.14
2025-09-30 20:00,6687.06,24678.75
2025-10-01 14:30,6680.81,24667.00
2025-10-01 15:30,6688.57,24673.04
2025-10-01 16:30,6694.69,24727.51
2025-10-01 17:30,6704.43,24762.97
2025-10-01 18:30,6712.64,24792.11
2025-10-01 19:30,6715.72,24798.26
2025-10-01 20:00,6710.92,24813.36
2025-10-02 14:30,6711.55,24861.71
2025-10-02 15:30,6701.51,24829.89
2025-10-02 16:30,6706.72,24852.14
2025-10-02 17:30,6710.41,24879.74
2025-10-02 18:30,6721.46,24895.18
2025-10-02 19:30,6720.09,24911.76
2025-10-02 20:00,6715.80,24887.39
2025-10-03 14:30,6738.27,24873.28
2025-10-03 15:30,6742.28,24927.16
2025-10-03 16:30,6748.88,24919.54
2025-10-03 17:30,6728.14,24824.44
2025-10-03 18:30,6729.74,24812.96
2025-10-03 19:30,6720.63,24796.06
2025-10-03 20:00,6715.86,24782.43
2025-10-06 14:30,6728.99,24939.98
2025-10-06 15:30,6735.39,24967.56
2025-10-06 16:30,6742.47,24991.13
2025-10-06 17:30,6745.02,25008.47
2025-10-06 18:30,6746.75,25033.59
2025-10-06 19:30,6741.44,25014.54
2025-10-06 20:00,6740.29,24982.10
2025-10-07 14:30,6736.69,25005.88
2025-10-07 15:30,6715.60,24866.80
2025-10-07 16:30,6707.78,24841.97
2025-10-07 17:30,6713.47,24846.09
2025-10-07 18:30,6709.65,24838.06
2025-10-07 19:30,6709.70,24830.92
2025-10-07 20:00,6714.28,24838.81
2025-10-08 14:30,6742.49,25014.53
2025-10-08 15:30,6749.42,25032.91
2025-10-08 16:30,6750.44,25045.85
2025-10-08 17:30,6753.30,25063.49
2025-10-08 18:30,6752.18,25087.35
2025-10-08 19:30,6753.13,25110.38
2025-10-08 20:00,6753.58,25138.70
2025-10-09 14:30,6735.89,25054.33
2025-10-09 15:30,6731.57,25035.28
2025-10-09 16:30,6733.73,25059.36
2025-10-09 17:30,6718.46,24983.83
2025-10-09 18:30,6722.08,25036.20
2025-10-09 19:30,6729.12,25072.17
2025-10-09 20:00,6734.91,25095.87
2025-10-10 14:30,6748.26,25147.65
2025-10-10 15:30,6646.71,24641.26
2025-10-10 16:30,6638.37,24633.40
2025-10-10 17:30,6620.11,24536.21
2025-10-10 18:30,6613.90,24523.85
2025-10-10 19:30,6581.77,24362.17
2025-10-10 20:00,6552.80,24227.26
2025-10-13 14:30,6631.74,24634.48
2025-10-13 15:30,6649.57,24686.44
2025-10-13 16:30,6657.47,24730.67
2025-10-13 17:30,6654.38,24718.98
2025-10-13 18:30,6662.82,24765.22
2025-10-13 19:30,6651.06,24737.66
2025-10-13 20:00,6653.91,24754.90
2025-10-14 14:30,6621.04,24549.86
2025-10-14 15:30,6619.37,24530.12
2025-10-14 16:30,6659.44,24684.80
2025-10-14 17:30,6675.64,24751.17
2025-10-14 18:30,6674.16,24731.41
2025-10-14 19:30,6670.94,24726.89
2025-10-14 20:00,6643.91,24588.77
2025-10-15 14:30,6718.61,24924.09
2025-10-15 15:30,6699.89,24895.71
2025-10-15 16:30,6678.66,24801.97
2025-10-15 17:30,6630.73,24575.79
2025-10-15 18:30,6665.40,24721.43
2025-10-15 19:30,6676.15,24766.00
2025-10-15 20:00,6671.50,24718.84
2025-10-16 14:30,6691.60,24901.13
2025-10-16 15:30,6680.77,24859.72
2025-10-16 16:30,6646.76,24713.95
2025-10-16 17:30,6657.68,24752.41
2025-10-16 18:30,6605.79,24520.55
2025-10-16 19:30,6611.13,24559.90
2025-10-16 20:00,6629.00,24658.92
2025-10-17 14:30,6645.01,24744.73
2025-10-17 15:30,6614.89,24569.62
2025-10-17 16:30,6653.11,24778.95
2025-10-17 17:30,6633.65,24698.16
2025-10-17 18:30,6668.84,24846.66
2025-10-17 19:30,6673.27,24860.27
2025-10-17 20:00,6662.91,24814.87
2025-10-20 14:30,6725.06,25112.86
2025-10-20 15:30,6730.77,25150.20
2025-10-20 16:30,6729.78,25143.72
2025-10-20 17:30,6738.75,25168.07
2025-10-20 18:30,6740.58,25167.25
2025-10-20 19:30,6739.16,25154.31
2025-10-20 20:00,6734.77,25148.65
2025-10-21 14:30,6728.69,25050.76
2025-10-21 15:30,6741.20,25118.28
2025-10-21 16:30,6748.61,25171.53
2025-10-21 17:30,6738.02,25107.82
2025-10-21 18:30,6745.19,25149.83
2025-10-21 19:30,6741.22,25145.46
2025-10-21 20:00,6734.76,25146.41
2025-10-22 14:30,6715.53,24960.08
2025-10-22 15:30,6700.63,24869.81
2025-10-22 16:30,6698.46,24874.33
2025-10-22 17:30,6675.70,24747.00
2025-10-22 18:30,6678.39,24757.97
2025-10-22 19:30,6696.48,24840.47
2025-10-22 20:00,6699.78,24878.74
2025-10-23 14:30,6716.21,25003.90
2025-10-23 15:30,6722.47,25019.64
2025-10-23 16:30,6728.03,25037.61
2025-10-23 17:30,6732.25,25049.18
2025-10-23 18:30,6747.23,25114.35
2025-10-23 19:30,6746.94,25114.87
2025-10-23 20:00,6738.17,25100.11
2025-10-24 14:30,6790.55,25359.16
2025-10-24 15:30,6803.83,25388.76
2025-10-24 16:30,6802.04,25388.57
2025-10-24 17:30,6802.76,25401.71
2025-10-24 18:30,6803.41,25395.80
2025-10-24 19:30,6804.88,25412.06
2025-10-24 20:00,6791.14,25363.54
2025-10-27 14:30,6853.26,25698.31
2025-10-27 15:30,6855.83,25754.28
2025-10-27 16:30,6857.26,25755.75
2025-10-27 17:30,6856.37,25756.42
2025-10-27 18:30,6861.34,25784.66
2025-10-27 19:30,6864.69,25778.61
2025-10-27 20:00,6874.50,25828.29
2025-10-28 14:30,6884.14,25902.74
2025-10-28 15:30,6877.86,25903.15
2025-10-28 16:30,6883.74,25946.90
2025-10-28 17:30,6892.24,25983.34
2025-10-28 18:30,6903.26,26039.33
2025-10-28 19:30,6909.99,26079.67
2025-10-28 20:00,6890.89,26024.65
2025-10-29 14:30,6912.76,26153.80
2025-10-29 15:30,6906.14,26112.78
2025-10-29 16:30,6907.73,26106.92
2025-10-29 17:30,6902.56,26081.26
2025-10-29 18:30,6902.24,26090.98
2025-10-29 19:30,6876.47,26048.29
2025-10-29 20:00,6892.17,26116.38
2025-10-30 14:30,6856.35,25879.60
2025-10-30 15:30,6870.16,25915.33
2025-10-30 16:30,6871.50,25942.75
2025-10-30 17:30,6866.64,25922.30
2025-10-30 18:30,6851.94,25859.89
2025-10-30 19:30,6834.70,25787.05
2025-10-30 20:00,6822.43,25737.04
2025-10-31 14:30,6853.95,25970.86
2025-10-31 15:30,6859.36,26000.81
2025-10-31 16:30,6838.93,25869.35
2025-10-31 17:30,6819.57,25778.28
2025-10-31 18:30,6844.78,25876.89
2025-10-31 19:30,6862.61,25953.07
2025-10-31 20:00,6840.23,25864.07
2025-11-03 15:30,6825.34,25912.52
2025-11-03 16:30,6841.95,25918.66
2025-11-03 17:30,6849.07,25972.38
2025-11-03 18:30,6857.80,26009.99
2025-11-03 19:30,6853.63,25964.35
2025-11-03 20:30,6852.62,25967.54
2025-11-03 21:00,6852.03,25973.78
2025-11-04 15:30,6814.27,25737.74
2025-11-04 16:30,6803.00,25643.05
2025-11-04 17:30,6790.52,25584.59
2025-11-04 18:30,6773.21,25498.88
2025-11-04 19:30,6783.29,25532.14
2025-11-04 20:30,6780.14,25488.71
2025-11-04 21:00,6772.40,25445.06
2025-11-05 15:30,6795.93,25565.11
2025-11-05 16:30,6804.27,25618.56
2025-11-05 17:30,6821.18,25663.45
2025-11-05 18:30,6825.08,25704.73
2025-11-05 19:30,6823.43,25731.41
2025-11-05 20:30,6818.73,25709.02
2025-11-05 21:00,6795.95,25619.52
2025-11-06 15:30,6765.85,25386.11
2025-11-06 16:30,6734.18,25217.35
2025-11-06 17:30,6715.87,25126.64
2025-11-06 18:30,6730.25,25207.64
2025-11-06 19:30,6754.76,25312.79
2025-11-06 20:30,6743.82,25236.26
2025-11-06 21:00,6721.72,25132.68
2025-11-07 15:30,6678.24,24853.18
2025-11-07 16:30,6647.47,24687.19
2025-11-07 17:30,6655.27,24726.07
2025-11-07 18:30,6673.01,24814.70
2025-11-07 19:30,6684.42,24843.87
2025-11-07 20:30,6706.84,24950.25
2025-11-07 21:00,6729.02,25065.14
2025-11-10 15:30,6808.72,25541.77
2025-11-10 16:30,6776.06,25383.52
2025-11-10 17:30,6794.19,25449.55
2025-11-10 18:30,6814.28,25526.32
2025-11-10 19:30,6827.45,25583.67
2025-11-10 20:30,6832.99,25606.84
2025-11-10 21:00,6831.82,25609.20
2025-11-11 15:30,6814.33,25439.96
2025-11-11 16:30,6812.82,25407.66
2025-11-11 17:30,6829.82,25459.40
2025-11-11 18:30,6848.23,25536.43
2025-11-11 19:30,6851.04,25555.39
2025-11-11 20:30,6848.92,25552.28
2025-11-11 21:00,6848.09,25533.65
2025-11-12 15:30,6851.38,25515.03
2025-11-12 16:30,6844.49,25481.65
2025-11-12 17:30,6844.36,25453.38
2025-11-12 18:30,6854.47,25507.68
2025-11-12 19:30,6847.05,25477.57
2025-11-12 20:30,6853.11,25501.45
2025-11-12 21:00,6852.00,25521.06
2025-11-13 15:30,6808.00,25282.95
2025-11-13 16:30,6776.22,25126.92
2025-11-13 17:30,6778.24,25136.19
2025-11-13 18:30,6746.90,24974.05
2025-11-13 19:30,6754.21,25024.15
2025-11-13 20:30,6735.28,24974.38
2025-11-13 21:00,6738.52,24999.21
2025-11-14 15:30,6715.72,24920.25
2025-11-14 16:30,6761.74,25149.67
2025-11-14 17:30,6768.05,25169.83
2025-11-14 18:30,6748.79,25073.06
2025-11-14 19:30,6757.31,25110.43
2025-11-14 20:30,6744.22,25052.67
2025-11-14 21:00,6735.10,25011.53
2025-11-17 15:30,6737.41,25050.49
2025-11-17 16:30,6721.49,24983.00
2025-11-17 17:30,6739.65,25060.18
2025-11-17 18:30,6703.84,24895.15
2025-11-17 19:30,6674.86,24779.36
2025-11-17 20:30,6653.27,24699.42
2025-11-17 21:00,6672.91,24805.14
2025-11-18 15:30,6606.26,24460.15
2025-11-18 16:30,6631.86,24561.82
2025-11-18 17:30,6602.39,24452.96
2025-11-18 18:30,6649.72,24644.13
2025-11-18 19:30,6645.05,24624.04
2025-11-18 20:30,6640.15,24607.17
2025-11-18 21:00,6616.94,24498.23
2025-11-19 15:30,6679.01,24871.39
2025-11-19 16:30,6635.84,24629.07
2025-11-19 17:30,6627.60,24551.32
2025-11-19 18:30,6625.72,24518.82
2025-11-19 19:30,6613.80,24515.22
2025-11-19 20:30,6650.81,24689.00
2025-11-19 21:00,6642.93,24637.95
2025-11-20 15:30,6762.98,25172.52
2025-11-20 16:30,6693.92,24827.52
2025-11-20 17:30,6600.22,24369.83
2025-11-20 18:30,6610.60,24424.01
2025-11-20 19:30,6584.61,24269.23
2025-11-20 20:30,6576.32,24212.27
2025-11-20 21:00,6539.18,24061.09
2025-11-21 15:30,6543.99,23972.78
2025-11-21 16:30,6573.53,24102.21
2025-11-21 17:30,6617.38,24280.95
2025-11-21 18:30,6597.96,24191.93
2025-11-21 19:30,6657.44,24509.27
2025-11-21 20:30,6611.40,24318.61
2025-11-21 21:00,6603.80,24239.83
2025-11-24 15:30,6670.05,24668.33
2025-11-24 16:30,6694.64,24793.25
2025-11-24 17:30,6696.77,24812.98
2025-11-24 18:30,6707.28,24858.90
2025-11-24 19:30,6703.82,24860.31
2025-11-24 20:30,6704.16,24865.32
2025-11-24 21:00,6704.67,24877.12
2025-11-25 15:30,6700.27,24707.26
2025-11-25 16:30,6718.62,24786.58
2025-11-25 17:30,6747.70,24921.87
2025-11-25 18:30,6754.48,24954.34
2025-11-25 19:30,6747.49,24915.37
2025-11-25 20:30,6759.84,24981.68
2025-11-25 21:00,6766.10,25018.83
2025-11-26 15:30,6795.88,25126.99
2025-11-26 16:30,6820.45,25259.38
2025-11-26 17:30,6823.91,25273.78
2025-11-26 18:30,6825.86,25280.34
2025-11-26 19:30,6826.87,25280.78
2025-11-26 20:30,6826.95,25283.12
2025-11-26 21:00,6811.76,25234.05
2025-11-28 15:30,6831.45,25316.70
2025-11-28 16:30,6836.14,25335.50
2025-11-28 17:30,6837.95,25363.89
2025-11-28 18:30,6849.09,25434.89
2025-12-01 15:30,6812.37,25276.34
2025-12-01 16:30,6824.78,25330.74
2025-12-01 17:30,6833.81,25399.95
2025-12-01 18:30,6838.16,25410.47
2025-12-01 19:30,6819.45,25342.20
2025-12-01 20:30,6820.88,25348.93
2025-12-01 21:00,6814.65,25342.91
2025-12-02 15:30,6829.64,25525.00
2025-12-02 16:30,6813.58,25414.30
2025-12-02 17:30,6838.26,25557.50
2025-12-02 18:30,6824.27,25516.48
2025-12-02 19:30,6827.43,25537.79
2025-12-02 20:30,6838.45,25585.66
2025-12-02 21:00,6827.83,25555.14
2025-12-03 15:30,6830.47,25487.18
2025-12-03 16:30,6837.38,25520.07
2025-12-03 17:30,6848.95,25576.37
2025-12-03 18:30,6852.16,25580.92
2025-12-03 19:30,6856.20,25600.97
2025-12-03 20:30,6858.72,25635.76
2025-12-03 21:00,6850.51,25608.78
2025-12-04 15:30,6849.40,25548.00
2025-12-04 16:30,6846.60,25540.31
2025-12-04 17:30,6852.81,25556.92
2025-12-04 18:30,6859.88,25579.76
2025-12-04 19:30,6834.74,25489.74
2025-12-04 20:30,6840.75,25518.84
2025-12-04 21:00,6857.96,25583.33
2025-12-05 15:30,6890.91,25796.57
2025-12-05 16:30,6871.42,25660.47
2025-12-05 17:30,6865.80,25658.02
2025-12-05 18:30,6877.59,25705.65
2025-12-05 19:30,6871.38,25684.37
2025-12-05 20:30,6871.90,25687.09
2025-12-05 21:00,6869.07,25689.45
2025-12-08 15:30,6856.64,25666.71
2025-12-08 16:30,6852.25,25627.79
2025-12-08 17:30,6837.87,25579.83
2025-12-08 18:30,6839.90,25595.83
2025-12-08 19:30,6834.06,25561.96
2025-12-08 20:30,6837.46,25578.73
2025-12-08 21:00,6847.84,25631.26
2025-12-09 15:30,6854.08,25629.84
2025-12-09 16:30,6859.40,25657.86
2025-12-09 17:30,6857.94,25674.75
2025-12-09 18:30,6853.23,25692.07
2025-12-09 19:30,6848.55,25675.38
2025-12-09 20:30,6844.72,25664.95
2025-12-09 21:00,6840.32,25667.62
2025-12-10 15:30,6841.40,25607.84
2025-12-10 16:30,6848.89,25619.29
2025-12-10 17:30,6842.53,25595.18
2025-12-10 18:30,6839.80,25578.21
2025-12-10 19:30,6852.38,25634.30
2025-12-10 20:30,6892.13,25803.88
2025-12-10 21:00,6886.95,25776.21
2025-12-11 15:30,6874.04,25574.12
2025-12-11 16:30,6857.02,25442.11
2025-12-11 17:30,6884.52,25579.01
2025-12-11 18:30,6887.61,25597.25
2025-12-11 19:30,6898.45,25669.94
2025-12-11 20:30,6894.92,25652.39
2025-12-11 21:00,6902.10,25691.60
2025-12-12 15:30,6847.61,25305.96
2025-12-12 16:30,6823.21,25206.96
2025-12-12 17:30,6824.67,25205.44
2025-12-12 18:30,6848.26,25319.12
2025-12-12 19:30,6825.03,25207.13
2025-12-12 20:30,6823.76,25195.57
2025-12-12 21:00,6827.89,25200.28
2025-12-15 15:30,6806.81,25050.79
2025-12-15 16:30,6837.30,25232.48
2025-12-15 17:30,6815.21,25128.75
2025-12-15 18:30,6809.05,25081.45
2025-12-15 19:30,6817.42,25115.84
2025-12-15 20:30,6819.83,25101.07
2025-12-15 21:00,6816.34,25066.72
2025-12-16 15:30,6785.84,24979.81
2025-12-16 16:30,6780.10,24975.75
2025-12-16 17:30,6782.81,25016.96
2025-12-16 18:30,6764.61,24948.23
2025-12-16 19:30,6779.39,25026.52
2025-12-16 20:30,6801.38,25120.11
2025-12-16 21:00,6798.51,25126.58
2025-12-17 15:30,6798.42,25077.86
2025-12-17 16:30,6755.66,24834.24
2025-12-17 17:30,6750.20,24807.51
2025-12-17 18:30,6742.77,24778.63
2025-12-17 19:30,6733.41,24706.25
2025-12-17 20:30,6733.99,24716.79
2025-12-17 21:00,6722.22,24655.73
2025-12-18 15:30,6798.67,25079.57
2025-12-18 16:30,6807.26,25112.17
2025-12-18 17:30,6767.15,24989.37
2025-12-18 18:30,6797.29,25117.31
2025-12-18 19:30,6780.24,25036.74
2025-12-18 20:30,6784.90,25064.51
2025-12-18 21:00,6774.35,25015.50
2025-12-19 15:30,6821.15,25266.09
2025-12-19 16:30,6831.03,25301.29
2025-12-19 17:30,6836.10,25331.16
2025-12-19 18:30,6836.93,25332.97
2025-12-19 19:30,6835.42,25340.59
2025-12-19 20:30,6833.48,25342.42
2025-12-19 21:00,6834.70,25344.29
2025-12-22 15:30,6866.33,25458.22
2025-12-22 16:30,6875.37,25478.61
2025-12-22 17:30,6875.14,25467.10
2025-12-22 18:30,6875.93,25458.48
2025-12-22 19:30,6875.74,25464.53
2025-12-22 20:30,6877.39,25454.06
2025-12-22 21:00,6876.49,25459.17
2025-12-23 15:30,6881.21,25442.22
2025-12-23 16:30,6894.30,25510.57
2025-12-23 17:30,6899.93,25534.14
2025-12-23 18:30,6904.27,25538.25
2025-12-23 19:30,6907.60,25554.25
2025-12-23 20:30,6906.92,25565.70
2025-12-23 21:00,6909.02,25586.73
2025-12-24 15:30,6920.21,25589.97
2025-12-24 16:30,6928.94,25628.36
2025-12-24 17:30,6934.88,25649.62
2025-12-24 18:30,6932.05,25656.15
2025-12-26 15:30,6935.80,25670.32
2025-12-26 16:30,6931.32,25667.06
2025-12-26 17:30,6929.62,25663.66
2025-12-26 18:30,6925.52,25654.63
2025-12-26 19:30,6928.69,25666.04
2025-12-26 20:30,6930.09,25657.07
2025-12-26 21:00,6930.52,25644.34
2025-12-29 15:30,6907.62,25531.46
2025-12-29 16:30,6899.48,25489.74
2025-12-29 17:30,6890.30,25447.07
2025-12-29 18:30,6900.98,25490.08
2025-12-29 19:30,6902.14,25497.97
2025-12-29 20:30,6909.67,25535.40
2025-12-29 21:00,6906.96,25528.13
2025-12-30 15:30,6896.83,25486.87
2025-12-30 16:30,6910.11,25557.42
2025-12-30 17:30,6901.34,25511.20
2025-12-30 18:30,6905.34,25524.01
2025-12-30 19:30,6905.65,25522.39
2025-12-30 20:30,6902.86,25494.66
2025-12-30 21:00,6896.45,25462.69
2025-12-31 15:30,6882.18,25396.08
2025-12-31 16:30,6878.51,25394.05
2025-12-31 17:30,6877.14,25385.15
2025-12-31 18:30,6880.72,25398.56
2025-12-31 19:30,6877.97,25378.32
2025-12-31 20:30,6854.37,25277.44
2025-12-31 21:00,6845.77,25257.51
2026-01-02 15:30,6850.09,25298.00
2026-01-02 16:30,6844.32,25192.63
2026-01-02 17:30,6850.37,25198.73
2026-01-02 18:30,6835.86,25148.03
2026-01-02 19:30,6855.05,25220.99
2026-01-02 20:30,6858.69,25247.66
2026-01-02 21:00,6858.54,25204.83
2026-01-05 15:30,6912.88,25489.83
2026-01-05 16:30,6912.83,25500.97
2026-01-05 17:30,6909.91,25443.64
2026-01-05 18:30,6910.03,25418.12
2026-01-05 19:30,6908.36,25403.01
2026-01-05 20:30,6905.57,25414.43
2026-01-05 21:00,6902.74,25402.39
2026-01-06 15:30,6932.52,25585.87
2026-01-06 16:30,6916.39,25497.51
2026-01-06 17:30,6929.85,25549.90
2026-01-06 18:30,6934.56,25577.03
2026-01-06 19:30,6945.70,25623.54
2026-01-06 20:30,6945.41,25624.55
2026-01-06 21:00,6946.35,25644.85
2026-01-07 15:30,6943.15,25685.46
2026-01-07 16:30,6948.24,25711.23
2026-01-07 17:30,6962.97,25802.25
2026-01-07 18:30,6947.48,25752.25
2026-01-07 19:30,6942.40,25721.14
2026-01-07 20:30,6928.93,25679.67
2026-01-07 21:00,6921.53,25654.55
2026-01-08 15:30,6921.84,25525.45
2026-01-08 16:30,6916.47,25450.94
2026-01-08 17:30,6918.73,25462.50
2026-01-08 18:30,6920.96,25484.71
2026-01-08 19:30,6915.06,25452.26
2026-01-08 20:30,6921.06,25497.24
2026-01-08 21:00,6921.10,25507.52
2026-01-09 15:30,6957.08,25679.04
2026-01-09 16:30,6954.65,25690.53
2026-01-09 17:30,6968.01,25739.06
2026-01-09 18:30,6964.43,25735.95
2026-01-09 19:30,6974.10,25786.70
2026-01-09 20:30,6975.74,25794.90
2026-01-09 21:00,6965.99,25762.58
2026-01-12 15:30,6961.04,25755.83
2026-01-12 16:30,6967.58,25771.13
2026-01-12 17:30,6971.11,25794.77
2026-01-12 18:30,6976.73,25823.81
2026-01-12 19:30,6978.94,25829.60
2026-01-12 20:30,6978.90,25824.15
2026-01-12 21:00,6976.72,25786.95
2026-01-13 15:30,6951.60,25677.96
2026-01-13 16:30,6960.20,25741.06
2026-01-13 17:30,6970.91,25801.78
2026-01-13 18:30,6954.60,25713.32
2026-01-13 19:30,6954.90,25701.31
2026-01-13 20:30,6944.77,25664.47
2026-01-13 21:00,6962.98,25743.80
2026-01-14 15:30,6912.24,25452.26
2026-01-14 16:30,6916.15,25417.03
2026-01-14 17:30,6895.23,25332.73
2026-01-14 18:30,6900.49,25336.71
2026-01-14 19:30,6905.27,25351.54
2026-01-14 20:30,6915.46,25398.71
2026-01-14 21:00,6928.41,25469.87
2026-01-15 15:30,6963.60,25696.89
2026-01-15 16:30,6973.45,25740.96
2026-01-15 17:30,6969.59,25718.39
2026-01-15 18:30,6973.85,25735.30
2026-01-15 19:30,6961.02,25638.10
2026-01-15 20:30,6942.70,25556.08
2026-01-15 21:00,6944.97,25545.12
2026-01-16 15:30,6940.58,25517.63
2026-01-16 16:30,6951.09,25561.07
2026-01-16 17:30,6949.24,25548.14
2026-01-16 18:30,6954.05,25563.01
2026-01-16 19:30,6944.85,25528.57
2026-01-16 20:30,6945.79,25557.41
2026-01-16 21:00,6939.46,25527.28
2026-01-20 15:30,6862.06,25214.73
2026-01-20 16:30,6862.23,25258.10
2026-01-20 17:30,6847.58,25193.08
2026-01-20 18:30,6826.80,25104.66
2026-01-20 19:30,6803.44,25015.54
2026-01-20 20:30,6796.72,24983.26
2026-01-20 21:00,6796.76,24989.30
2026-01-21 15:30,6853.43,25233.91
2026-01-21 16:30,6865.93,25315.29
2026-01-21 17:30,6821.75,25069.19
2026-01-21 18:30,6828.63,25092.81
2026-01-21 19:30,6867.57,25289.56
2026-01-21 20:30,6876.89,25342.56
2026-01-21 21:00,6875.48,25323.03
2026-01-22 15:30,6908.77,25454.53
2026-01-22 16:30,6921.78,25528.48
2026-01-22 17:30,6925.98,25535.01
2026-01-22 18:30,6928.14,25557.10
2026-01-22 19:30,6930.03,25565.12
2026-01-22 20:30,6905.60,25468.21
2026-01-22 21:00,6912.54,25517.49
2026-01-23 15:30,6917.23,25617.25
2026-01-23 16:30,6924.20,25657.89
2026-01-23 17:30,6925.37,25663.44
2026-01-23 18:30,6912.69,25620.25
2026-01-23 19:30,6918.99,25613.17
2026-01-23 20:30,6911.63,25578.06
2026-01-23 21:00,6915.16,25601.71
2026-01-26 15:30,6948.94,25711.81
2026-01-26 16:30,6954.59,25770.92
2026-01-26 17:30,6958.55,25781.74
2026-01-26 18:30,6961.23,25775.20
2026-01-26 19:30,6961.85,25769.09
2026-01-26 20:30,6958.90,25750.15
2026-01-26 21:00,6950.15,25713.26
2026-01-27 15:30,6971.82,25916.90
2026-01-27 16:30,6985.83,25958.08
2026-01-27 17:30,6983.36,25953.17
2026-01-27 18:30,6981.38,25946.89
2026-01-27 19:30,6985.16,25961.06
2026-01-27 20:30,6983.59,25965.94
2026-01-27 21:00,6978.58,25940.65
2026-01-28 15:30,6988.98,26092.91
2026-01-28 16:30,6984.31,26053.89
2026-01-28 17:30,6971.79,25998.92
2026-01-28 18:30,6974.83,26032.31
2026-01-28 19:30,6964.43,25992.63
2026-01-28 20:30,6977.68,26044.96
2026-01-28 21:00,6976.28,26018.74
2026-01-29 15:30,6912.60,25615.81
2026-01-29 16:30,6902.72,25569.33
2026-01-29 17:30,6933.71,25718.43
2026-01-29 18:30,6932.90,25727.95
2026-01-29 19:30,6943.91,25759.16
2026-01-29 20:30,6938.11,25730.13
2026-01-29 21:00,6966.27,25878.19
2026-01-30 15:30,6935.97,25681.28
2026-01-30 16:30,6932.95,25688.60
2026-02-02 19:30,6990.76,25809.79
2026-02-02 20:30,6980.08,25750.45
2026-02-02 21:00,6976.23,25737.90
2026-02-03 15:30,6944.18,25437.65
2026-02-03 16:30,6929.95,25390.89
2026-02-03 17:30,6910.27,25310.44
2026-02-03 18:30,6885.56,25225.24
2026-02-03 19:30,6882.83,25187.09
2026-02-03 20:30,6897.49,25226.33
2026-02-03 21:00,6917.40,25343.72
2026-02-04 15:30,6921.18,25142.61
2026-02-04 16:30,6905.38,25027.17
2026-02-04 17:30,6857.92,24784.03
2026-02-04 18:30,6870.46,24842.88
2026-02-04 19:30,6875.26,24857.44
2026-02-04 20:30,6897.42,24957.97
2026-02-04 21:00,6882.76,24891.27
2026-02-05 15:30,6787.15,24482.54
2026-02-05 16:30,6817.05,24674.57
2026-02-05 17:30,6837.09,24741.65
2026-02-05 18:30,6812.68,24634.54
2026-02-05 19:30,6823.42,24665.85
2026-02-05 20:30,6799.05,24534.89
2026-02-05 21:00,6799.99,24556.09
2026-02-06 15:30,6878.18,24810.62
2026-02-06 16:30,6892.76,24913.71
2026-02-06 17:30,6906.75,24979.99
2026-02-06 18:30,6911.31,25000.94
2026-02-06 19:30,6916.95,25016.69
2026-02-06 20:30,6919.81,25019.73
2026-02-06 21:00,6930.27,25072.83
2026-02-09 15:30,6941.15,25098.55
2026-02-09 16:30,6969.19,25267.68
2026-02-09 17:30,6973.30,25294.25
2026-02-09 18:30,6964.20,25255.41
2026-02-09 19:30,6979.12,25329.89
2026-02-09 20:30,6967.26,25275.94
2026-02-09 21:00,6963.17,25262.85
2026-02-10 15:30,6980.27,25318.85
2026-02-10 16:30,6969.00,25265.89
2026-02-10 17:30,6973.38,25281.90
2026-02-10 18:30,6955.49,25208.90
2026-02-10 19:30,6959.46,25214.20
2026-02-10 20:30,6953.80,25169.55
2026-02-10 21:00,6940.01,25121.17
2026-02-11 15:30,6917.72,25003.34
2026-02-11 16:30,6939.45,25117.77
2026-02-11 17:30,6955.88,25203.58
2026-02-11 18:30,6948.88,25193.68
2026-02-11 19:30,6958.60,25265.20
2026-02-11 20:30,6943.44,25202.23
2026-02-11 21:00,6939.68,25194.89
2026-02-12 15:30,6950.66,25154.55
2026-02-12 16:30,6855.39,24737.90
2026-02-12 17:30,6860.55,24795.44
2026-02-12 18:30,6851.21,24763.33
2026-02-12 19:30,6861.20,24792.09
2026-02-12 20:30,6851.88,24724.68
2026-02-12 21:00,6833.54,24693.13
2026-02-13 15:30,6848.53,24782.88
2026-02-13 16:30,6855.41,24770.00
2026-02-13 17:30,6872.91,24878.47
2026-02-13 18:30,6871.82,24877.19
2026-02-13 19:30,6861.85,24850.14
2026-02-13 20:30,6825.65,24694.94
2026-02-13 21:00,6835.08,24737.86
2026-02-17 15:30,6791.32,24462.11
2026-02-17 16:30,6834.11,24660.24
2026-02-17 17:30,6839.13,24680.41
2026-02-17 18:30,6841.37,24698.90
2026-02-17 19:30,6857.12,24766.75
2026-02-17 20:30,6847.05,24706.02
2026-02-17 21:00,6846.03,24709.65
2026-02-18 15:30,6897.08,24989.08
2026-02-18 16:30,6900.61,25024.87
2026-02-18 17:30,6900.52,25022.55
2026-02-18 18:30,6895.87,24994.68
2026-02-18 19:30,6882.24,24925.08
2026-02-18 20:30,6860.09,24812.70
2026-02-18 21:00,6879.66,24891.73
2026-02-19 15:30,6856.61,24797.83
2026-02-19 16:30,6858.65,24813.85
2026-02-19 17:30,6856.38,24796.04
2026-02-19 18:30,6841.08,24724.17
2026-02-19 19:30,6849.40,24741.30
2026-02-19 20:30,6845.59,24723.17
2026-02-19 21:00,6861.65,24795.71
2026-02-20 15:30,6884.42,24912.14
2026-02-20 16:30,6878.76,24924.96
2026-02-20 17:30,6868.05,24865.97
2026-02-20 18:30,6883.14,24909.33
2026-02-20 19:30,6902.14,24991.56
2026-02-20 20:30,6900.27,24961.42
2026-02-20 21:00,6910.22,25012.41
2026-02-23 15:30,6860.55,24815.46
2026-02-23 16:30,6844.91,24719.47
2026-02-23 17:30,6833.42,24689.76
2026-02-23 18:30,6854.25,24753.20
2026-02-23 19:30,6828.51,24659.85
2026-02-23 20:30,6830.25,24654.28
2026-02-23 21:00,6839.59,24714.08
2026-02-24 15:30,6880.14,24956.93
2026-02-24 16:30,6876.72,24959.26
2026-02-24 17:30,6891.72,25004.03
2026-02-24 18:30,6886.52,24963.99
2026-02-24 19:30,6885.39,24949.23
2026-02-24 20:30,6881.62,24945.39
2026-02-24 21:00,6891.04,24976.30
2026-02-25 15:30,6927.60,25283.97
2026-02-25 16:30,6931.33,25250.82
2026-02-25 17:30,6936.29,25269.99
2026-02-25 18:30,6939.83,25287.93
2026-02-25 19:30,6945.24,25320.22
2026-02-25 20:30,6945.93,25318.27
2026-02-25 21:00,6946.89,25331.45
2026-02-26 15:30,6873.38,24892.96
2026-02-26 16:30,6903.85,25015.98
2026-02-26 17:30,6878.43,24923.56
2026-02-26 18:30,6872.76,24875.96
2026-02-26 19:30,6902.27,25001.59
2026-02-26 20:30,6902.47,24981.27
2026-02-26 21:00,6909.01,25035.55
2026-02-27 15:30,6860.99,24927.61
2026-02-27 16:30,6868.87,24926.89
2026-02-27 17:30,6856.29,24910.02
2026-02-27 18:30,6852.76,24868.51
2026-02-27 19:30,6851.10,24864.26
2026-02-27 20:30,6871.13,24936.52
2026-02-27 21:00,6878.04,24966.83
2026-03-02 15:30,6848.24,24833.30
2026-03-02 16:30,6848.33,24831.16
2026-03-02 17:30,6880.18,25007.64
2026-03-02 18:30,6882.30,24995.77
2026-03-02 19:30,6896.80,25037.66
2026-03-02 20:30,6868.81,24929.12
2026-03-02 21:00,6880.05,24989.44
2026-03-03 15:30,6711.81,24318.51
2026-03-03 16:30,6775.58,24583.33
2026-03-03 17:30,6798.04,24670.56
2026-03-03 18:30,6812.90,24711.84
2026-03-03 19:30,6819.32,24719.89
2026-03-03 20:30,6824.79,24742.26
2026-03-03 21:00,6816.59,24725.22
2026-03-04 15:30,6875.45,25090.03
2026-03-04 16:30,6865.87,25064.97
2026-03-04 17:30,6868.74,25096.98
2026-03-04 18:30,6875.95,25134.53
2026-03-04 19:30,6880.91,25158.78
2026-03-04 20:30,6877.30,25117.03
2026-03-04 21:00,6868.95,25089.77
2026-03-05 15:30,6821.91,24968.85
2026-03-05 16:30,6809.42,24936.61
2026-03-05 17:30,6802.42,24917.08
2026-03-05 18:30,6777.19,24762.27
2026-03-05 19:30,6781.44,24808.47
2026-03-05 20:30,6808.84,24921.22
2026-03-05 21:00,6829.91,25021.14
2026-03-06 15:30,6754.44,24788.84
2026-03-06 16:30,6756.71,24812.27
2026-03-06 17:30,6752.16,24786.94
2026-03-06 18:30,6759.95,24802.51
2026-03-06 19:30,6762.11,24787.60
2026-03-06 20:30,6734.51,24623.64
2026-03-06 21:00,6738.15,24641.78
2026-03-09 14:30,6652.67,24373.66
2026-03-09 15:30,6710.02,24617.32
2026-03-09 16:30,6721.03,24660.76
2026-03-09 17:30,6700.95,24584.13
2026-03-09 18:30,6713.03,24620.71
2026-03-09 19:30,6786.29,24925.29
2026-03-09 20:00,6796.24,24967.35
2026-03-10 14:30,6787.79,24977.41
2026-03-10 15:30,6822.92,25112.59
2026-03-10 16:30,6818.38,25105.62
2026-03-10 17:30,6844.40,25184.58
2026-03-10 18:30,6804.78,25039.08
2026-03-10 19:30,6785.99,24962.74
2026-03-10 20:00,6781.31,24958.85
2026-03-11 14:30,6772.58,25001.19
2026-03-11 15:30,6758.30,24929.01
2026-03-11 16:30,6759.05,24928.12
2026-03-11 17:30,6775.91,24982.75
2026-03-11 18:30,6764.37,24924.11
2026-03-11 19:30,6761.35,24913.06
2026-03-11 20:00,6774.76,24962.69
2026-03-12 14:30,6692.66,24604.37
2026-03-12 15:30,6691.99,24601.14
2026-03-12 16:30,6698.22,24620.08
2026-03-12 17:30,6696.43,24630.21
2026-03-12 18:30,6692.69,24614.08
2026-03-12 19:30,6689.93,24592.79
2026-03-12 20:00,6671.81,24532.06
2026-03-13 14:30,6699.02,24664.89
2026-03-13 15:30,6655.39,24452.27
2026-03-13 16:30,6653.11,24430.55
2026-03-13 17:30,6653.68,24435.41
2026-03-13 18:30,6643.27,24395.01
2026-03-13 19:30,6633.59,24359.09
2026-03-13 20:00,6631.88,24379.77
2026-03-16 14:30,6713.14,24704.89
2026-03-16 15:30,6709.98,24700.30
2026-03-16 16:30,6683.94,24616.51
2026-03-16 17:30,6701.70,24681.46
2026-03-16 18:30,6707.27,24701.33
2026-03-16 19:30,6700.97,24664.32
2026-03-16 20:00,6699.85,24655.98
2026-03-17 14:30,6734.98,24830.22
2026-03-17 15:30,6726.73,24782.99
2026-03-17 16:30,6721.76,24781.81
2026-03-17 17:30,6724.63,24787.28
2026-03-17 18:30,6718.92,24773.07
2026-03-17 19:30,6719.93,24776.94
2026-03-17 20:00,6717.19,24783.94
2026-03-18 14:30,6669.25,24606.42
2026-03-18 15:30,6678.81,24664.17
2026-03-18 16:30,6680.58,24662.52
2026-03-18 17:30,6667.47,24604.89
2026-03-18 18:30,6670.19,24627.75
2026-03-18 19:30,6638.07,24496.02
2026-03-18 20:00,6624.38,24422.99
2026-03-19 14:30,6571.64,24208.26
2026-03-19 15:30,6585.89,24247.98
2026-03-19 16:30,6588.43,24255.19
2026-03-19 17:30,6579.66,24231.99
2026-03-19 18:30,6580.35,24254.15
2026-03-19 19:30,6610.45,24372.48
2026-03-19 20:00,6606.20,24352.73
2026-03-20 14:30,6545.50,24062.77
2026-03-20 15:30,6545.82,24055.33
2026-03-20 16:30,6557.28,24094.69
2026-03-20 17:30,6547.62,24021.93
2026-03-20 18:30,6519.88,23931.92
2026-03-20 19:30,6496.68,23841.52
2026-03-20 20:00,6508.32,23899.82
2026-03-23 14:30,6636.07,24417.31
2026-03-23 15:30,6635.16,24390.30
2026-03-23 16:30,6566.52,24099.55
2026-03-23 17:30,6579.40,24144.84
2026-03-23 18:30,6600.03,24230.53
2026-03-23 19:30,6599.44,24258.69
2026-03-23 20:00,6581.76,24189.82
2026-03-24 14:30,6551.24,23997.46
2026-03-24 15:30,6586.23,24127.64
2026-03-24 16:30,6585.02,24116.89
2026-03-24 17:30,6559.64,23989.36
2026-03-24 18:30,6570.89,24046.24
2026-03-24 19:30,6569.97,24055.77
2026-03-24 20:00,6557.38,24004.57
2026-03-25 14:30,6606.87,24259.54
2026-03-25 15:30,6603.80,24214.34
2026-03-25 16:30,6599.50,24198.54
2026-03-25 17:30,6606.46,24220.25
2026-03-25 18:30,6600.68,24203.44
2026-03-25 19:30,6591.33,24146.90
2026-03-25 20:00,6592.44,24163.14
2026-03-26 14:30,6562.23,23968.83
2026-03-26 15:30,6542.89,23881.14
2026-03-26 16:30,6520.20,23804.61
2026-03-26 17:30,6511.01,23753.31
2026-03-26 18:30,6490.85,23648.39
2026-03-26 19:30,6487.03,23643.05
2026-03-26 20:00,6477.11,23599.40
2026-03-27 14:30,6415.68,23291.37
2026-03-27 15:30,6432.75,23363.50
2026-03-27 16:30,6413.01,23291.09
2026-03-27 17:30,6391.03,23195.37
2026-03-27 18:30,6382.27,23177.89
2026-03-27 19:30,6373.29,23147.77
2026-03-27 20:00,6367.77,23136.49
2026-03-30 14:30,6382.32,23141.61
2026-03-30 15:30,6388.83,23146.07
2026-03-30 16:30,6377.19,23091.63
2026-03-30 17:30,6357.82,23011.72
2026-03-30 18:30,6347.07,22971.04
2026-03-30 19:30,6319.87,22853.54
2026-03-30 20:00,6343.75,22951.70
2026-03-31 14:30,6448.95,23382.62
2026-03-31 15:30,6431.97,23312.39
2026-03-31 16:30,6445.66,23368.87
2026-03-31 17:30,6494.46,23618.97
2026-03-31 18:30,6502.18,23644.38
2026-03-31 19:30,6518.91,23699.90
2026-03-31 20:00,6528.65,23741.68
2026-04-01 14:30,6574.78,24003.35
2026-04-01 15:30,6588.52,24066.03
2026-04-01 16:30,6596.82,24118.95
2026-04-01 17:30,6607.83,24146.45
2026-04-01 18:30,6566.76,23967.25
2026-04-01 19:30,6585.70,24051.94
2026-04-01 20:00,6575.08,24020.99
2026-04-02 14:30,6527.87,23771.40
2026-04-02 15:30,6577.23,24003.23
2026-04-02 16:30,6551.81,23911.67
2026-04-02 17:30,6570.32,23987.53
2026-04-02 18:30,6559.15,23932.12
2026-04-02 19:30,6568.29,23971.88
2026-04-02 20:00,6581.56,24044.60
2026-04-06 14:30,6607.26,24194.11
2026-04-06 15:30,6593.29,24116.04
2026-04-06 16:30,6601.62,24144.33
2026-04-06 17:30,6597.87,24136.42
2026-04-06 18:30,6606.44,24170.33
2026-04-06 19:30,6602.77,24166.55
2026-04-06 20:00,6611.31,24189.21
2026-04-07 14:30,6567.53,23940.99
2026-04-07 15:30,6555.49,23899.62
2026-04-07 16:30,6583.55,24026.15
2026-04-07 17:30,6581.48,24017.99
2026-04-07 18:30,6585.11,24025.92
2026-04-07 19:30,6590.27,24051.03
2026-04-07 20:00,6617.92,24207.07
2026-04-08 14:30,6765.14,24876.32
2026-04-08 15:30,6754.59,24836.50
2026-04-08 16:30,6774.55,24920.59
2026-04-08 17:30,6774.05,24905.41
2026-04-08 18:30,6773.47,24878.73
2026-04-08 19:30,6759.80,24786.16
2026-04-08 20:00,6783.48,24905.05
2026-04-09 14:30,6765.17,24800.67
2026-04-09 15:30,6783.83,24887.63
2026-04-09 16:30,6823.33,25043.89
2026-04-09 17:30,6827.36,25049.42
2026-04-09 18:30,6813.10,24991.75
2026-04-09 19:30,6823.15,25049.99
2026-04-09 20:00,6823.94,25077.84
2026-04-10 14:30,6839.67,25176.67
2026-04-10 15:30,6835.83,25182.04
2026-04-10 16:30,6818.97,25111.09
2026-04-10 17:30,6810.48,25070.65
2026-04-10 18:30,6817.41,25101.21
2026-04-10 19:30,6820.33,25129.46
2026-04-10 20:00,6817.90,25121.21
2026-04-13 14:30,6818.87,25130.54
2026-04-13 15:30,6819.64,25150.85
2026-04-13 16:30,6837.97,25222.96
2026-04-13 17:30,6848.96,25264.71
2026-04-13 18:30,6847.36,25236.61
2026-04-13 19:30,6862.00,25295.14
2026-04-13 20:00,6885.91,25381.82
2026-04-14 14:30,6934.19,25644.01
2026-04-14 15:30,6946.46,25671.85
2026-04-14 16:30,6960.30,25763.77
2026-04-14 17:30,6961.48,25779.08
2026-04-14 18:30,6949.94,25743.17
2026-04-14 19:30,6966.66,25823.14
2026-04-14 20:00,6966.78,25837.89
2026-04-15 14:30,6992.79,25967.84
2026-04-15 15:30,6998.12,26029.10
2026-04-15 16:30,6997.31,26049.42
2026-04-15 17:30,6998.16,26023.79
2026-04-15 18:30,7008.51,26082.48
2026-04-15 19:30,7024.21,26170.59
2026-04-15 20:00,7022.10,26198.60
2026-04-16 14:30,7015.55,26194.71
2026-04-16 15:30,7033.21,26305.97
2026-04-16 16:30,7043.63,26355.45
2026-04-16 17:30,7030.75,26315.75
2026-04-16 18:30,7020.94,26207.92
2026-04-16 19:30,7032.74,26281.84
2026-04-16 20:00,7039.37,26324.20
2026-04-17 14:30,7116.27,26580.89
2026-04-17 15:30,7130.01,26681.62
2026-04-17 16:30,7138.90,26693.17
2026-04-17 17:30,7122.86,26615.96
2026-04-17 18:30,7122.07,26623.95
2026-04-17 19:30,7116.59,26618.77
2026-04-17 20:00,7125.12,26668.97
2026-04-20 14:30,7112.83,26568.55
2026-04-20 15:30,7107.37,26549.17
2026-04-20 16:30,7100.43,26519.06
2026-04-20 17:30,7103.29,26541.25
2026-04-20 18:30,7107.21,26578.07
2026-04-20 19:30,7104.28,26571.40
2026-04-20 20:00,7110.38,26593.40
2026-04-21 14:30,7129.41,26684.96
2026-04-21 15:30,7090.35,26569.21
2026-04-21 16:30,7087.11,26549.79
2026-04-21 17:30,7069.78,26478.42
2026-04-21 18:30,7074.45,26523.18
2026-04-21 19:30,7101.10,26622.29
2026-04-21 20:00,7064.31,26480.42
2026-04-22 14:30,7129.04,26829.69
2026-04-22 15:30,7126.72,26838.85
2026-04-22 16:30,7115.47,26820.86
2026-04-22 17:30,7124.17,26872.75
2026-04-22 18:30,7118.56,26848.50
2026-04-22 19:30,7128.93,26892.23
2026-04-22 20:00,7137.12,26935.50
2026-04-23 14:30,7128.74,26862.37
2026-04-23 15:30,7143.62,26981.52
2026-04-23 16:30,7130.95,26938.18
2026-04-23 17:30,7084.35,26725.77
2026-04-23 18:30,7109.07,26790.39
2026-04-23 19:30,7107.82,26766.65
2026-04-23 20:00,7108.04,26781.99
2026-04-24 14:30,7121.08,27058.98
2026-04-24 15:30,7142.31,27183.20
2026-04-24 16:30,7156.57,27254.10
2026-04-24 17:30,7153.88,27242.83
2026-04-24 18:30,7153.95,27246.31
2026-04-24 19:30,7161.68,27284.53
2026-04-24 20:00,7164.29,27298.96
2026-04-27 14:30,7157.55,27223.68
2026-04-27 15:30,7152.96,27205.84
2026-04-27 16:30,7162.42,27238.59
2026-04-27 17:30,7169.81,27276.41
2026-04-27 18:30,7174.62,27292.01
2026-04-27 19:30,7174.79,27283.56
2026-04-27 20:00,7174.01,27302.69
2026-04-28 14:30,7135.13,27031.91
2026-04-28 15:30,7122.07,26915.14
2026-04-28 16:30,7126.73,26936.11
2026-04-28 17:30,7124.71,26951.90
2026-04-28 18:30,7137.20,27043.57
2026-04-28 19:30,7139.22,27051.81
2026-04-28 20:00,7139.24,27029.75
2026-04-29 14:30,7138.32,27135.02
2026-04-29 15:30,7132.57,27147.23
2026-04-29 16:30,7120.56,27066.07
2026-04-29 17:30,7121.95,27077.74
2026-04-29 18:30,7115.81,27076.60
2026-04-29 19:30,7132.19,27178.02
2026-04-29 20:00,7137.56,27188.97
2026-04-30 14:30,7142.48,27093.24
2026-04-30 15:30,7167.52,27273.55
2026-04-30 16:30,7174.67,27282.11
2026-04-30 17:30,7181.37,27327.74
2026-04-30 18:30,7202.43,27429.30
2026-04-30 19:30,7214.15,27456.85
2026-04-30 20:00,7209.63,27452.44
2026-05-01 14:30,7265.93,27744.44
2026-05-01 15:30,7256.63,27737.49
2026-05-01 16:30,7245.53,27708.20
2026-05-01 17:30,7253.08,27759.73
2026-05-01 18:30,7245.05,27733.99
2026-05-01 19:30,7247.55,27772.87
2026-05-01 20:00,7229.32,27709.05
2026-05-04 14:30,7234.73,27750.14
2026-05-04 15:30,7206.77,27650.03
2026-05-04 16:30,7192.53,27596.58
2026-05-04 17:30,7207.88,27676.65
2026-05-04 18:30,7200.61,27653.97
2026-05-04 19:30,7200.37,27659.78
2026-05-04 20:00,7201.46,27654.95
2026-05-05 14:30,7256.13,28006.21
2026-05-05 15:30,7257.52,28007.18
2026-05-05 16:30,7258.77,27994.99
2026-05-05 17:30,7261.68,28025.46
2026-05-05 18:30,7267.99,28056.80
2026-05-05 19:30,7270.18,28045.83
2026-05-05 20:00,7259.47,28014.86
2026-05-06 14:30,7322.58,28298.27
2026-05-06 15:30,7344.12,28458.20
2026-05-06 16:30,7341.34,28456.51
2026-05-06 17:30,7340.13,28464.45
2026-05-06 18:30,7353.80,28514.33
2026-05-06 19:30,7362.02,28572.09
2026-05-06 20:00,7363.68,28596.35
2026-05-07 14:30,7369.61,28767.53
2026-05-07 15:30,7372.16,28734.44
2026-05-07 16:30,7357.08,28622.63
2026-05-07 17:30,7329.74,28488.29
2026-05-07 18:30,7335.94,28534.38
2026-05-07 19:30,7327.69,28489.51
2026-05-07 20:00,7337.11,28558.40
2026-05-08 14:30,7389.69,28990.22
2026-05-08 15:30,7391.23,29065.58
2026-05-08 16:30,7397.56,29128.04
2026-05-08 17:30,7399.57,29195.50
2026-05-08 18:30,7399.50,29174.05
2026-05-08 19:30,7389.00,29146.50
2026-05-08 20:00,7397.43,29227.80
2026-05-11 14:30,7405.78,29170.58
2026-05-11 15:30,7422.62,29317.26
2026-05-11 16:30,7425.30,29357.20
2026-05-11 17:30,7419.56,29330.33
2026-05-11 18:30,7425.12,29363.84
2026-05-11 19:30,7406.65,29266.87
2026-05-11 20:00,7412.95,29318.77
2026-05-12 14:30,7369.33,28978.17
2026-05-12 15:30,7343.49,28767.06
2026-05-12 16:30,7348.17,28727.96
2026-05-12 17:30,7364.11,28782.08
2026-05-12 18:30,7382.96,28883.70
2026-05-12 19:30,7391.86,28938.10
2026-05-12 20:00,7401.63,29065.38
2026-05-13 14:30,7404.39,29129.39
2026-05-13 15:30,7414.36,29208.06
2026-05-13 16:30,7438.65,29332.09
2026-05-13 17:30,7448.08,29378.87
2026-05-13 18:30,7456.34,29438.85
2026-05-13 19:30,7456.22,29413.35
2026-05-13 20:00,7444.88,29368.00
2026-05-14 14:30,7481.00,29515.00
2026-05-14 15:30,7507.26,29655.94
2026-05-14 16:30,7501.85,29623.29
2026-05-14 17:30,7490.56,29540.41
2026-05-14 18:30,7496.82,29571.86
2026-05-14 19:30,7501.74,29592.10
2026-05-14 20:00,7502.04,29580.58
2026-05-15 14:30,7430.04,29188.15
2026-05-15 15:30,7431.90,29231.46
2026-05-15 16:30,7432.67,29228.64
2026-05-15 17:30,7445.70,29322.41
2026-05-15 18:30,7436.88,29288.70
2026-05-15 19:30,7421.02,29191.38
2026-05-15 20:00,7409.18,29122.21
2026-05-18 14:30,7413.85,29044.07
2026-05-18 15:30,7375.08,28862.34
2026-05-18 16:30,7366.48,28778.81
2026-05-18 17:30,7392.68,28911.84
2026-05-18 18:30,7365.42,28791.88
2026-05-18 19:30,7373.68,28823.54
2026-05-18 20:00,7403.10,28994.22
2026-05-19 14:30,7341.48,28610.64
2026-05-19 15:30,7341.46,28678.32
2026-05-19 16:30,7363.72,28816.79
2026-05-19 17:30,7388.81,28991.39
2026-05-19 18:30,7377.67,28930.34
2026-05-19 19:30,7365.78,28881.50
2026-05-19 20:00,7354.96,28822.53
2026-05-20 14:30,7396.75,29107.12
2026-05-20 15:30,7410.62,29199.09
2026-05-20 16:30,7408.37,29145.42
2026-05-20 17:30,7420.30,29203.91
2026-05-20 18:30,7419.26,29213.61
2026-05-20 19:30,7426.37,29250.23
2026-05-20 20:00,7432.77,29297.85
2026-05-21 14:30,7401.76,29100.15
2026-05-21 15:30,7405.46,29154.93
2026-05-21 16:30,7405.62,29160.92
2026-05-21 17:30,7438.80,29324.54
2026-05-21 18:30,7451.05,29371.49
2026-05-21 19:30,7444.24,29337.39
2026-05-21 20:00,7446.05,29360.04
2026-05-22 14:30,7474.41,29488.80
2026-05-22 15:30,7496.41,29629.19
2026-05-22 16:30,7490.99,29590.16
2026-05-22 17:30,7505.22,29654.30
2026-05-22 18:30,7490.74,29589.29
2026-05-22 19:30,7473.25,29475.72
2026-05-22 20:00,7474.07,29477.16
2026-05-26 14:30,7533.51,29993.84
2026-05-26 15:30,7516.23,29925.78
2026-05-26 16:30,7515.30,29916.94
2026-05-26 17:30,7504.23,29895.82
2026-05-26 18:30,7514.25,29972.36
2026-05-26 19:30,7513.15,29980.21
2026-05-26 20:00,7519.47,29998.82
2026-05-27 14:30,7516.78,29840.07
2026-05-27 15:30,7511.81,29874.05
2026-05-27 16:30,7514.18,29921.85
2026-05-27 17:30,7509.09,29885.24
2026-05-27 18:30,7524.10,29981.35
2026-05-27 19:30,7522.71,29952.01
2026-05-27 20:00,7521.29,29974.73
2026-05-28 14:30,7544.32,30072.63
2026-05-28 15:30,7556.92,30188.99
2026-05-28 16:30,7561.00,30227.02
2026-05-28 17:30,7559.84,30221.88
2026-05-28 18:30,7565.07,30240.07
2026-05-28 19:30,7564.71,30222.88
2026-05-28 20:00,7563.43,30223.74
2026-05-29 14:30,7583.74,30341.49
2026-05-29 15:30,7587.16,30348.60
2026-05-29 16:30,7584.36,30339.96
2026-05-29 17:30,7583.32,30308.90
2026-05-29 18:30,7580.61,30315.11
2026-05-29 19:30,7586.05,30315.07
2026-05-29 20:00,7581.25,30336.56
2026-06-01 14:30,7575.56,30328.11
2026-06-01 15:30,7579.04,30429.37
2026-06-01 16:30,7585.04,30455.49
2026-06-01 17:30,7600.36,30539.37
2026-06-01 18:30,7615.70,30591.54
2026-06-01 19:30,7613.55,30567.26
2026-06-01 20:00,7600.25,30514.65
2026-06-02 14:30,7594.57,30513.15
2026-06-02 15:30,7615.93,30616.01
2026-06-02 16:30,7610.65,30607.63
2026-06-02 17:30,7606.28,30589.94
2026-06-02 18:30,7606.32,30590.38
2026-06-02 19:30,7609.63,30611.73
2026-06-02 20:00,7610.51,30664.04
2026-06-03 14:30,7584.43,30674.25
2026-06-03 15:30,7576.60,30611.60
2026-06-03 16:30,7558.64,30499.69
2026-06-03 17:30,7562.42,30525.86
2026-06-03 18:30,7575.70,30626.47
2026-06-03 19:30,7564.38,30581.50
2026-06-03 20:00,7556.82,30580.69
2026-06-04 14:30,7554.49,30281.42
2026-06-04 15:30,7573.86,30381.48
2026-06-04 16:30,7579.44,30421.76
2026-06-04 17:30,7585.83,30453.63
2026-06-04 18:30,7593.57,30529.41
2026-06-04 19:30,7597.78,30530.23
2026-06-04 20:00,7584.82,30411.86
2026-06-05 14:30,7505.18,29770.29
2026-06-05 15:30,7494.93,29667.22
2026-06-05 16:30,7460.05,29486.41
2026-06-05 17:30,7452.64,29391.05
2026-06-05 18:30,7421.47,29193.25
2026-06-05 19:30,7397.09,29109.81
2026-06-05 20:00,7384.67,28962.95
2026-06-08 14:30,7438.88,29469.61
2026-06-08 15:30,7446.17,29584.50
2026-06-08 16:30,7435.57,29542.63
2026-06-08 17:30,7433.60,29558.73
2026-06-08 18:30,7432.96,29547.19
2026-06-08 19:30,7404.21,29388.35
2026-06-08 20:00,7405.81,29411.29
2026-06-09 14:30,7424.73,29401.26
2026-06-09 15:30,7321.48,28819.78
2026-06-09 16:30,7285.49,28483.26
2026-06-09 17:30,7319.95,28709.58
2026-06-09 18:30,7363.32,28933.10
2026-06-09 19:30,7358.45,28906.88
2026-06-09 20:00,7386.31,29083.69
2026-06-10 14:30,7385.89,29139.32
2026-06-10 15:30,7327.68,28760.95
2026-06-10 16:30,7318.45,28703.42
2026-06-10 17:30,7308.08,28645.54
2026-06-10 18:30,7307.74,28677.93
2026-06-10 19:30,7272.85,28514.46
2026-06-10 20:00,7267.65,28506.09
2026-06-11 14:30,7300.94,28835.20
2026-06-11 15:30,7286.12,28734.70
2026-06-11 16:30,7291.37,28810.00
2026-06-11 17:30,7337.15,29034.97
2026-06-11 18:30,7356.84,29149.33
2026-06-11 19:30,7392.01,29387.85
2026-06-11 20:00,7393.06,29442.73
2026-06-12 14:30,7408.57,29499.79
2026-06-12 15:30,7452.96,29719.54
2026-06-12 16:30,7418.99,29574.05
2026-06-12 17:30,7434.00,29702.75
2026-06-12 18:30,7424.66,29641.70
2026-06-12 19:30,7426.79,29632.96
2026-06-12 20:00,7430.86,29637.55
2026-06-15 14:30,7548.06,30431.37
2026-06-15 15:30,7562.71,30522.50
2026-06-15 16:30,7575.86,30576.96
2026-06-15 17:30,7572.53,30557.23
2026-06-15 18:30,7558.54,30514.80
2026-06-15 19:30,7554.80,30505.92
2026-06-15 20:00,7555.26,30544.84
2026-06-16 14:30,7541.81,30356.11
2026-06-16 15:30,7536.66,30207.19
2026-06-16 16:30,7544.07,30212.21
2026-06-16 17:30,7532.48,30130.98
2026-06-16 18:30,7531.81,30137.05
2026-06-16 19:30,7522.17,30105.34
2026-06-16 20:00,7512.99,29973.72
2026-06-17 14:30,7527.80,30178.86
2026-06-17 15:30,7510.64,30083.08
2026-06-17 16:30,7518.97,30130.70
2026-06-17 17:30,7507.22,30094.80
2026-06-17 18:30,7473.42,29926.36
2026-06-17 19:30,7431.97,29811.40
2026-06-17 20:00,7421.76,29674.82
2026-06-18 14:30,7482.17,30208.10
2026-06-18 15:30,7482.77,30259.59
2026-06-18 16:30,7496.19,30360.63
2026-06-18 17:30,7505.53,30391.43
2026-06-18 18:30,7494.93,30376.57
2026-06-18 19:30,7489.88,30370.93
2026-06-18 20:00,7497.86,30393.78
2026-06-22 14:30,7495.25,30446.11
2026-06-22 15:30,7472.26,30280.54
2026-06-22 16:30,7476.54,30277.74
2026-06-22 17:30,7475.81,30286.09
2026-06-22 18:30,7479.85,30318.27
2026-06-22 19:30,7462.87,30237.73
2026-06-22 20:00,7475.46,30356.97
2026-06-23 14:30,7417.41,29680.38
2026-06-23 15:30,7373.18,29420.59
2026-06-23 16:30,7402.10,29577.09
2026-06-23 17:30,7403.65,29562.05
2026-06-23 18:30,7382.20,29431.01
2026-06-23 19:30,7378.27,29405.14
2026-06-23 20:00,7365.92,29347.14
2026-06-24 14:30,7393.15,29396.41
2026-06-24 15:30,7424.61,29491.59
2026-06-24 16:30,7409.55,29449.47
2026-06-24 17:30,7350.28,29110.06
2026-06-24 18:30,7371.24,29232.52
2026-06-24 19:30,7348.06,29081.02
2026-06-24 20:00,7359.90,29229.25
2026-06-25 14:30,7382.93,29296.79
2026-06-25 15:30,7369.73,29298.40
2026-06-25 16:30,7370.20,29462.68
2026-06-25 17:30,7360.66,29460.84
2026-06-25 18:30,7386.58,29568.36
2026-06-25 19:30,7352.54,29382.18
2026-06-25 20:00,7357.17,29426.85
2026-06-26 14:30,7361.98,29288.89
2026-06-26 15:30,7374.04,29291.18
2026-06-26 16:30,7361.52,29262.19
2026-06-26 17:30,7375.14,29338.00
2026-06-26 18:30,7355.99,29169.42
2026-06-26 19:30,7349.41,29156.60
2026-06-26 20:00,7337.81,29043.94
2026-06-29 14:30,7390.62,29272.07
2026-06-29 15:30,7406.85,29487.36
2026-06-29 16:30,7412.32,29583.78
2026-06-29 17:30,7430.68,29726.24
2026-06-29 18:30,7430.54,29704.24
2026-06-29 19:30,7437.76,29746.73
2026-06-29 20:00,7439.26,29773.23
2026-06-30 14:30,7472.21,30132.15
2026-06-30 15:30,7480.84,30135.99
2026-06-30 16:30,7491.12,30216.88
2026-06-30 17:30,7493.20,30255.58
2026-06-30 18:30,7495.77,30260.70
2026-06-30 19:30,7502.52,30304.26
2026-06-30 20:00,7496.31,30264.58
2026-07-01 14:30,7496.12,30014.96
2026-07-01 15:30,7520.64,30077.47
2026-07-01 16:30,7517.08,29975.21
2026-07-01 17:30,7506.71,29941.37
2026-07-01 18:30,7498.80,29889.51
2026-07-01 19:30,7497.54,29925.64
2026-07-01 20:00,7485.02,29821.24
2026-07-02 14:30,7507.54,29697.34
2026-07-02 15:30,7476.63,29427.26
2026-07-02 16:30,7462.04,29305.93
2026-07-02 17:30,7442.72,29200.22
2026-07-02 18:30,7454.40,29245.58
2026-07-02 19:30,7450.43,29179.30
2026-07-02 20:00,7477.63,29310.71
2026-07-06 14:30,7526.31,29770.21
2026-07-06 15:30,7535.19,29811.72
2026-07-06 16:30,7533.77,29787.53
2026-07-06 17:30,7534.50,29708.80
2026-07-06 18:30,7540.77,29729.35
2026-07-06 19:30,7550.40,29797.74
2026-07-06 20:00,7538.34,29694.92
2026-07-07 14:30,7493.00,29063.51
2026-07-07 15:30,7489.40,29075.81
2026-07-07 16:30,7516.01,29307.18
2026-07-07 17:30,7516.01,29299.27
2026-07-07 18:30,7516.66,29286.90
2026-07-07 19:30,7493.26,29086.76
2026-07-07 20:00,7503.36,29165.51
2026-07-08 14:30,7458.46,29078.34
2026-07-08 15:30,7425.97,28839.93
2026-07-08 16:30,7457.82,29058.81
2026-07-08 17:30,7484.45,29216.82
2026-07-08 18:30,7474.17,29149.21
2026-07-08 19:30,7479.00,29205.81
2026-07-08 20:00,7481.46,29250.13
2026-07-09 14:30,7506.34,29549.60
2026-07-09 15:30,7525.02,29655.36
2026-07-09 16:30,7533.63,29669.46
2026-07-09 17:30,7544.84,29768.50
2026-07-09 18:30,7541.85,29737.04
2026-07-09 19:30,7537.93,29712.94
2026-07-09 20:00,7542.28,29717.93
2026-07-10 14:30,7552.12,29676.56
2026-07-10 15:30,7558.73,29635.66
2026-07-15 14:30,7571.85,29611.59
2026-07-15 15:30,7561.99,29440.11
2026-07-15 16:30,7533.69,29260.82
2026-07-15 17:30,7553.92,29403.22
2026-07-15 18:30,7572.27,29522.76
2026-07-15 19:30,7561.25,29439.29
2026-07-15 20:00,7572.20,29503.03
2026-07-16 14:30,7570.02,29294.15
2026-07-16 15:30,7563.99,29208.53
2026-07-16 16:30,7544.40,29098.09
2026-07-16 17:30,7552.85,29131.20
2026-07-16 18:30,7534.16,29038.68
2026-07-16 19:30,7516.27,28950.66
2026-07-16 20:00,7534.62,29035.01
2026-07-17 14:30,7488.85,28643.63
2026-07-17 15:30,7479.73,28582.29
2026-07-17 16:30,7485.19,28741.06
2026-07-17 17:30,7494.50,28859.32
2026-07-17 18:30,7462.24,28670.70
2026-07-17 19:30,7456.63,28613.57
2026-07-17 20:00,7457.78,28590.24
2026-07-20 14:30,7482.86,28851.53
2026-07-20 15:30,7484.35,28839.44
2026-07-20 16:30,7490.75,28907.65
2026-07-20 17:30,7466.84,28782.13
2026-07-20 18:30,7470.54,28776.29
2026-07-20 19:30,7452.14,28678.26
2026-07-20 20:00,7444.73,28607.75
2026-07-21 14:30,7493.80,29032.62
2026-07-21 15:30,7504.72,29128.35
2026-07-21 16:30,7511.47,29140.57
2026-07-21 17:30,7509.34,29161.37
2026-07-21 18:30,7507.45,29154.10
2026-07-21 19:30,7507.66,29120.91
2026-07-21 20:00,7507.32,29146.12
2026-07-22 14:30,7499.00,29052.11
2026-07-22 15:30,7519.80,29160.10
2026-07-22 16:30,7524.13,29144.02
2026-07-22 17:30,7516.18,29139.52
2026-07-22 18:30,7510.25,29072.29
2026-07-22 19:30,7504.84,29086.05
2026-07-22 20:00,7499.44,28997.43
2026-07-23 14:30,7422.96,28572.50
2026-07-23 15:30,7383.23,28307.75
2026-07-23 16:30,7418.41,28547.12
2026-07-23 17:30,7412.44,28495.15
2026-07-23 18:30,7398.29,28411.99
2026-07-23 19:30,7398.85,28419.17
2026-07-23 20:00,7408.18,28456.53
2026-07-24 14:30,7415.94,28247.32
2026-07-24 15:30,7448.96,28338.55
2026-07-24 16:30,7455.58,28409.30
2026-07-24 17:30,7441.21,28356.08
2026-07-24 18:30,7413.98,28177.85
2026-07-24 19:30,7399.99,28093.43
2026-07-24 20:00,7412.88,28136.26
2026-07-27 14:30,7406.15,27922.31
2026-07-27 15:30,7405.94,27913.11
2026-07-27 16:30,7410.95,28000.16
2026-07-27 17:30,7385.50,27848.01
2026-07-27 18:30,7399.64,27924.12
2026-07-27 19:30,7420.40,28092.14
2026-07-27 20:00,7413.43,28036.41
2026-07-28 14:30,7399.91,27551.79
2026-07-28 15:30,7435.22,27813.56
2026-07-28 16:30,7436.50,27845.05
2026-07-28 17:30,7436.86,27847.31
2026-07-28 18:30,7429.09,27770.72
2026-07-28 19:30,7440.30,27866.76
2026-07-28 20:00,7427.26,27760.90
2026-07-29 14:30,7372.64,27429.00
2026-07-29 15:30,7366.95,27408.38
2026-07-29 16:30,7361.36,27403.88
2026-07-29 17:30,7381.46,27508.38
2026-07-29 18:30,7396.60,27626.95
2026-07-29 19:30,7375.17,27574.03
2026-07-29 20:00,7320.23,27211.63
2026-07-30 14:30,7410.88,28093.10
2026-07-30 15:30,7373.08,27892.76
2026-07-30 16:30,7411.94,28018.69
2026-07-30 17:30,7421.15,28040.25
2026-07-30 18:30,7427.80,28053.76
2026-07-30 19:30,7441.78,28115.82
2026-07-30 20:00,7437.53,28099.85
2026-07-31 14:30,7428.30,28118.43
2026-07-31 15:30,7425.21,28020.24
2026-07-31 16:30,7467.19,28232.35
2026-07-31 17:30,7486.79,28340.04
2026-07-31 18:30,7483.45,28299.50
2026-07-31 19:30,7498.18,28351.75
2026-07-31 20:00,7489.52,28272.98
2026-08-03 14:30,7569.76,28558.33
2026-08-03 15:30,7575.39,28609.27
2026-08-03 16:30,7590.32,28715.99
2026-08-03 17:30,7595.14,28764.67
2026-08-03 18:30,7600.05,28769.38
2026-08-03 19:30,7607.43,28793.13
2026-08-03 20:00,7599.97,28775.47
2026-08-04 14:30,7669.86,29433.05
2026-08-04 15:30,7698.36,29517.08
2026-08-04 16:30,7716.13,29585.96
2026-08-04 17:30,7736.62,29695.31
2026-08-04 18:30,7747.63,29756.68
2026-08-04 19:30,7747.29,29771.76
2026-08-04 20:00,7735.60,29727.05
2026-08-05 14:30,7772.00,29791.72
2026-08-05 15:30,7741.37,29680.68
2026-08-05 16:30,7744.72,29707.32
2026-08-05 17:30,7736.98,29630.57
2026-08-05 18:30,7742.72,29648.76
2026-08-05 19:30,7741.63,29635.40
2026-08-05 20:00,7722.12,29471.29
2026-08-06 14:30,7727.41,29465.07
2026-08-06 15:30,7715.63,29484.15
2026-08-06 16:30,7705.75,29353.73
2026-08-06 17:30,7701.51,29412.81
2026-08-06 18:30,7717.78,29438.56
2026-08-06 19:30,7709.86,29387.56
2026-08-06 20:00,7711.38,29374.31
2026-08-07 14:30,7754.54,29645.19
2026-08-07 15:30,7760.00,29707.05
2026-08-07 16:30,7740.67,29597.56
2026-08-07 17:30,7745.29,29636.98
2026-08-07 18:30,7738.55,29593.09
2026-08-07 19:30,7754.94,29696.64
2026-08-07 20:00,7755.61,29719.17
2026-08-10 14:30,7767.69,29746.00
2026-08-10 15:30,7760.43,29667.76
2026-08-10 16:30,7756.55,29696.58
2026-08-10 17:30,7754.18,29678.08
2026-08-10 18:30,7748.65,29635.76
2026-08-10 19:30,7752.08,29669.10
2026-08-10 20:00,7753.15,29623.77
2026-08-11 14:30,7762.18,29668.29
2026-08-11 15:30,7747.59,29598.89
2026-08-11 16:30,7741.14,29535.68
2026-08-11 17:30,7732.10,29500.70
2026-08-11 18:30,7717.68,29435.01
2026-08-11 19:30,7728.99,29513.24
2026-08-11 20:00,7727.41,29522.92
2026-08-12 14:30,7750.47,29809.75
2026-08-12 15:30,7745.66,29764.87
2026-08-12 16:30,7747.32,29770.89
2026-08-12 17:30,7751.08,29802.70
2026-08-12 18:30,7753.42,29790.98
2026-08-12 19:30,7752.06,29763.42
2026-08-12 20:00,7748.71,29743.70
2026-08-13 14:30,7815.09,30125.68
2026-08-13 15:30,7784.20,30090.62
2026-08-13 16:30,7787.83,30078.25
2026-08-13 17:30,7794.03,30131.55
2026-08-13 18:30,7792.35,30089.26
2026-08-13 19:30,7802.57,30117.88
2026-08-13 20:00,7798.86,30085.28
2026-08-14 14:30,7795.33,30061.66
2026-08-14 15:30,7784.40,29977.40
2026-08-14 16:30,7788.63,30009.07
2026-08-14 17:30,7779.09,29964.98
2026-08-14 18:30,7780.88,29972.25
2026-08-14 19:30,7783.33,29997.48
2026-08-14 20:00,7786.01,30050.44
2026-08-17 14:30,7774.48,30100.37
2026-08-17 15:30,7777.92,30181.21
2026-08-17 16:30,7773.56,30119.35
2026-08-17 17:30,7756.40,30008.36
2026-08-17 18:30,7756.48,30014.54
2026-08-17 19:30,7751.73,30001.66
2026-08-17 20:00,7746.14,30002.24
2026-08-18 14:30,7706.97,29578.10
2026-08-18 15:30,7698.93,29500.23
2026-08-18 16:30,7702.23,29518.91
2026-08-18 17:30,7702.99,29523.02
2026-08-18 18:30,7703.73,29508.31
2026-08-18 19:30,7699.92,29503.92
2026-08-18 20:00,7693.26,29495.80
2026-08-19 14:30,7719.91,29388.03
2026-08-19 15:30,7730.32,29519.08
2026-08-19 16:30,7727.69,29521.64
2026-08-19 17:30,7715.32,29446.79
2026-08-19 18:30,7715.40,29446.02
2026-08-19 19:30,7716.14,29467.10
2026-08-19 20:00,7708.03,29424.23
2026-08-20 14:30,7681.13,29266.24
2026-08-20 15:30,7685.73,29255.73
2026-08-20 16:30,7676.40,29256.29
2026-08-20 17:30,7666.07,29211.76
2026-08-20 18:30,7654.02,29146.29
2026-08-20 19:30,7653.23,29215.07
2026-08-20 20:00,7642.21,29211.88
2026-08-21 14:30,7665.10,29202.35
2026-08-21 15:30,7677.97,29288.55
2026-08-21 16:30,7683.41,29328.49
2026-08-21 17:30,7677.01,29316.00
2026-08-21 18:30,7671.65,29285.41
2026-08-21 19:30,7679.24,29316.30
2026-08-21 20:00,7674.10,29309.25
2026-08-24 14:30,7647.67,28935.66
2026-08-24 15:30,7655.38,29041.64
2026-08-24 16:30,7667.10,29126.15
2026-08-24 17:30,7652.03,29061.37
2026-08-24 18:30,7666.39,29140.80
2026-08-24 19:30,7657.92,29077.30
2026-08-24 20:00,7652.82,29025.56
2026-08-25 14:30,7664.96,29145.54
2026-08-25 15:30,7671.75,29210.90
2026-08-25 16:30,7675.53,29221.99
2026-08-25 17:30,7665.80,29151.52
2026-08-25 18:30,7667.84,29147.91
2026-08-25 19:30,7670.04,29156.95
2026-08-25 20:00,7675.73,29204.37
2026-08-26 14:30,7669.45,29119.29
2026-08-26 15:30,7676.61,29194.01
2026-08-26 16:30,7665.64,29142.12
2026-08-26 17:30,7673.95,29199.33
2026-08-26 18:30,7674.37,29212.50
2026-08-26 19:30,7686.48,29270.68
2026-08-26 20:00,7676.29,29229.62
2026-08-27 14:30,7714.15,29539.21
2026-08-27 15:30,7720.45,29513.60
2026-08-27 16:30,7727.01,29539.97
2026-08-27 17:30,7735.14,29575.65
2026-08-27 18:30,7712.38,29475.13
2026-08-27 19:30,7717.69,29541.20
2026-08-27 20:00,7730.11,29641.35
2026-08-28 14:30,7730.37,29587.54
2026-08-28 15:30,7767.92,29723.64
2026-08-28 16:30,7714.12,29431.61
2026-08-28 17:30,7707.09,29418.67
2026-08-28 18:30,7708.36,29427.63
2026-08-28 19:30,7712.56,29441.52
2026-08-28 20:00,7709.90,29430.20
2026-08-31 14:30,7667.01,29320.94
2026-08-31 15:30,7677.04,29367.95
2026-08-31 16:30,7676.68,29370.15
2026-08-31 17:30,7672.39,29346.95
2026-08-31 18:30,7680.80,29386.79
2026-08-31 19:30,7683.60,29395.30
2026-08-31 20:00,7684.37,29448.10
2026-09-01 14:30,7653.79,29114.41
2026-09-01 15:30,7652.75,29181.25
2026-09-01 16:30,7641.88,29132.68
2026-09-01 17:30,7633.16,29093.78
2026-09-01 18:30,7628.28,29044.07
2026-09-01 19:30,7630.21,29075.72
2026-09-01 20:00,7632.60,29080.06
2026-09-02 14:30,7669.86,29140.28
2026-09-02 15:30,7680.12,29159.23
2026-09-02 16:30,7664.99,29104.61
2026-09-02 17:30,7663.08,29101.00
2026-09-02 18:30,7669.62,29112.66
2026-09-02 19:30,7671.25,29122.55
2026-09-02 20:00,7667.45,29145.36
2026-09-03 14:30,7703.52,29298.97
2026-09-03 15:30,7745.69,29485.94
2026-09-03 16:30,7741.01,29451.52
2026-09-03 17:30,7742.64,29457.80
2026-09-03 18:30,7754.14,29525.57
2026-09-03 19:30,7750.55,29489.25
2026-09-03 20:00,7747.80,29484.44
2026-09-04 14:30,7728.01,29561.93
2026-09-04 15:30,7710.44,29474.53
2026-09-04 16:30,7722.26,29524.08
2026-09-04 17:30,7714.16,29478.92
2026-09-04 18:30,7714.06,29481.46
2026-09-04 19:30,7715.58,29495.44
2026-09-04 20:00,7717.81,29542.65
2026-09-08 14:30,7682.37,29489.83
2026-09-08 15:30,7693.87,29585.31
2026-09-08 16:30,7686.60,29545.12
2026-09-08 17:30,7689.92,29591.05
2026-09-08 18:30,7693.01,29572.33
2026-09-08 19:30,7684.39,29534.81
2026-09-08 20:00,7674.13,29509.61
2026-09-09 14:30,7654.35,29507.24
2026-09-09 15:30,7629.60,29359.81
2026-09-09 16:30,7630.64,29370.35
2026-09-09 17:30,7643.76,29426.48
2026-09-09 18:30,7643.15,29427.81
2026-09-09 19:30,7645.72,29426.28
2026-09-09 20:00,7637.70,29426.61
2026-09-10 14:30,7600.02,29182.72
2026-09-10 15:30,7605.92,29218.31
2026-09-10 16:30,7593.73,29150.87
2026-09-10 17:30,7599.41,29185.52
2026-09-10 18:30,7590.27,29133.45
2026-09-10 19:30,7589.31,29132.75
2026-09-10 20:00,7592.30,29108.14
2026-09-11 14:30,7671.27,29435.06
2026-09-11 15:30,7673.89,29462.78
2026-09-11 16:30,7662.77,29379.83
2026-09-11 17:30,7673.42,29443.47
2026-09-11 18:30,7667.64,29422.74
2026-09-11 19:30,7663.87,29393.81
2026-09-11 20:00,7655.50,29365.42
2026-09-14 14:30,7601.05,28989.05
2026-09-14 15:30,7608.67,29063.83
2026-09-14 16:30,7633.55,29176.66
2026-09-14 17:30,7639.79,29256.92
2026-09-14 18:30,7633.15,29241.55
2026-09-14 19:30,7630.16,29209.88
2026-09-14 20:00,7620.37,29131.44
2026-09-15 14:30,7586.37,29026.23
2026-09-15 15:30,7585.25,28977.47
2026-09-15 16:30,7587.07,28977.32
2026-09-15 17:30,7579.66,28945.90
2026-09-15 18:30,7588.03,28970.26
2026-09-15 19:30,7581.23,28929.33
2026-09-15 20:00,7585.51,28937.75
2026-09-16 14:30,7600.65,29147.76
2026-09-16 15:30,7615.04,29197.94
2026-09-16 16:30,7612.74,29176.00
2026-09-16 17:30,7610.38,29149.75
2026-09-16 18:30,7608.67,29148.14
2026-09-16 19:30,7523.73,28828.28
2026-09-16 20:00,7553.33,28953.02
2026-09-17 14:30,7627.85,29411.16
2026-09-17 15:30,7627.27,29404.90
2026-09-17 16:30,7636.92,29442.60
2026-09-17 17:30,7631.46,29419.97
2026-09-17 18:30,7638.45,29425.02
2026-09-17 19:30,7637.42,29432.17
2026-09-17 20:00,7637.05,29442.12
2026-09-18 14:30,7623.98,29442.45
2026-09-18 15:30,7630.23,29460.92
2026-09-18 16:30,7618.13,29413.74
2026-09-18 17:30,7624.65,29455.25
2026-09-18 18:30,7634.59,29488.77
2026-09-18 19:30,7638.68,29538.25
2026-09-18 20:00,7646.04,29634.10
2026-09-21 14:30,7720.73,30218.22
2026-09-21 15:30,7728.82,30287.64
2026-09-21 16:30,7748.91,30376.11
2026-09-21 17:30,7758.12,30380.97
2026-09-21 18:30,7768.77,30447.54
2026-09-21 19:30,7771.27,30499.30
2026-09-21 20:00,7764.22,30477.86
2026-09-22 14:30,7766.45,30666.88
2026-09-22 15:30,7763.81,30632.16
2026-09-22 16:30,7759.63,30594.07
2026-09-22 17:30,7765.39,30652.09
2026-09-22 18:30,7771.61,30698.31
2026-09-22 19:30,7773.93,30722.72
2026-09-22 20:00,7764.27,30728.40
2026-09-23 14:30,7718.14,30389.80
2026-09-23 15:30,7720.05,30482.15
2026-09-23 16:30,7713.84,30432.35
2026-09-23 17:30,7702.87,30386.78
2026-09-23 18:30,7712.79,30465.79
2026-09-23 19:30,7705.96,30455.43
2026-09-23 20:00,7708.55,30470.18
2026-09-24 14:30,7690.02,30337.16
2026-09-24 15:30,7666.26,30227.04
2026-09-24 16:30,7701.00,30405.87
2026-09-24 17:30,7702.53,30444.34
2026-09-24 18:30,7706.50,30450.15
2026-09-24 19:30,7706.04,30460.67
2026-09-24 20:00,7703.83,30475.97
2026-09-25 14:30,7704.15,30458.94
2026-09-25 15:30,7717.93,30539.64
2026-09-25 16:30,7744.91,30642.64
2026-09-25 17:30,7742.86,30638.48
2026-09-25 18:30,7738.63,30608.27
2026-09-25 19:30,7732.79,30584.51
2026-09-25 20:00,7742.32,30601.51
2026-09-28 14:30,7703.59,30268.27
2026-09-28 15:30,7679.28,30211.29
2026-09-28 16:30,7716.91,30401.17
2026-09-28 17:30,7699.67,30334.67
2026-09-28 18:30,7698.50,30337.91
2026-09-28 19:30,7689.11,30311.17
2026-09-28 20:00,7684.50,30277.51
2026-09-29 14:30,7682.79,30395.31
2026-09-29 15:30,7658.49,30281.81
2026-09-29 16:30,7664.01,30314.67
2026-09-29 17:30,7659.91,30296.84
2026-09-29 18:30,7668.79,30328.05
2026-09-29 19:30,7674.96,30347.52
2026-09-29 20:00,7671.85,30344.68
2026-09-30 14:30,7707.55,30555.75
2026-09-30 15:30,7715.83,30579.32
2026-09-30 16:30,7710.28,30578.83
2026-09-30 17:30,7698.54,30519.74
2026-09-30 18:30,7696.85,30562.17
2026-09-30 19:30,7692.77,30561.27
2026-09-30 20:00,7653.56,30410.66
2026-10-01 14:30,7633.85,30365.23
2026-10-01 15:30,7633.77,30379.14
2026-10-01 16:30,7641.91,30348.48
2026-10-01 17:30,7665.93,30532.50
2026-10-01 18:30,7669.99,30535.81
2026-10-01 19:30,7674.07,30541.03
2026-10-01 20:00,7668.82,30508.84
2026-10-02 14:30,7749.59,30999.96
2026-10-02 15:30,7716.47,30805.05
2026-10-02 16:30,7718.47,30814.73
2026-10-02 17:30,7713.99,30758.18
2026-10-02 18:30,7718.01,30784.10
2026-10-02 19:30,7721.64,30795.24
2026-10-02 20:00,7723.49,30808.13
2026-10-05 14:30,7756.01,30984.23
2026-10-05 15:30,7757.29,30978.86
2026-10-05 16:30,7764.71,30989.65
2026-10-05 17:30,7772.21,31026.08
2026-10-05 18:30,7780.28,31062.24
2026-10-05 19:30,7790.12,31106.03
2026-10-05 20:00,7774.22,31078.13
2026-10-06 14:30,7817.07,31254.07
2026-10-06 15:30,7842.12,31336.39
2026-10-06 16:30,7831.43,31277.95
2026-10-06 17:30,7825.52,31271.35
2026-10-06 18:30,7825.91,31278.50
2026-10-06 19:30,7824.85,31278.32
2026-10-06 20:00,7819.83,31231.04
2026-10-07 14:30,7771.95,31009.02
2026-10-07 15:30,7775.74,31035.63
2026-10-07 16:30,7794.67,31086.03
2026-10-07 17:30,7801.21,31116.47
2026-10-07 18:30,7802.94,31144.81
2026-10-07 19:30,7797.78,31112.57
2026-10-07 20:00,7800.26,31156.26
2026-10-08 14:30,7792.23,31116.98
2026-10-08 15:30,7774.99,31001.64
2026-10-08 16:30,7781.39,30997.83
2026-10-08 17:30,7737.78,30597.96
2026-10-08 18:30,7761.28,30756.54
2026-10-08 19:30,7760.83,30691.75
2026-10-08 20:00,7765.70,30728.97
2026-10-09 14:30,7792.52,30829.38
2026-10-09 15:30,7798.76,30808.44
2026-10-09 16:30,7806.57,30860.45
2026-10-09 17:30,7807.09,30861.22
2026-10-09 18:30,7812.69,30882.36
2026-10-09 19:30,7815.59,30887.50
2026-10-09 20:30,7811.54,30883.15
