CANDLE_START,PROFIT_PORTFOLIO,PROFIT_BTC
2025-10-05 00:00:00,0.0,0.0
2025-10-05 04:00:00,4.628594907334384,2.4682111729346348
2025-10-05 08:00:00,3.743099481148098,1.9960182616404814
2025-10-05 12:00:00,1.4248797626254674,0.7598211164748424
2025-10-05 16:00:00,1.7006817602479951,0.9068933026735085
2025-10-05 20:00:00,0.8406695421243338,0.44828938331354634
2025-10-06 00:00:00,1.8261788842914355,0.9738149948795568
2025-10-06 04:00:00,2.1838188229874294,1.1645274919223114
2025-10-06 08:00:00,2.5926093937705943,1.3825162065100993
2025-10-06 12:00:00,3.6826919969754868,1.963805801844654
2025-10-06 16:00:00,5.062162524992942,2.699412317029547
2025-10-06 20:00:00,4.687252339868943,2.499490412802473
2025-10-07 00:00:00,4.211222942992729,2.245646406243729
2025-10-07 04:00:00,3.5957420629593386,1.9174395064739995
2025-10-07 08:00:00,2.6159434156110986,1.3949591388835738
2025-10-07 12:00:00,4.237412312242699,2.259611960605023
2025-10-07 16:00:00,-0.7269315369820918,-0.3876382741325424
2025-10-07 20:00:00,-0.3286566273572639,-0.17525706525254858
2025-10-08 00:00:00,-0.3739737539843581,-0.19942254970419954
2025-10-08 04:00:00,-0.3956037781772687,-0.2109568205688246
2025-10-08 08:00:00,0.3441000654964744,0.18349232181024008
2025-10-08 12:00:00,0.7273767255566896,0.38787567218439184
2025-10-08 16:00:00,1.371380377024064,0.7312924195527467
2025-10-08 20:00:00,1.0730426267292816,0.5722029802460251
2025-10-09 00:00:00,1.0461163936317261,0.5578444911781835
2025-10-09 04:00:00,-0.019956729205684233,-0.010641981635220557
2025-10-09 08:00:00,-1.3756019928175782,-0.7335436079755958
2025-10-09 12:00:00,2.157905777680355,1.1507092880759842
2025-10-09 16:00:00,-3.5890335316801867,-1.9138621634166315
2025-10-09 20:00:00,-1.6097558317208611,-0.8584067971155449
2025-10-10 00:00:00,-0.6331349097153576,-0.3376209604470457
2025-10-10 04:00:00,-1.417219448876498,-0.7557362327548862
2025-10-10 08:00:00,-0.8077255876047804,-0.4307219274757264
2025-10-10 12:00:00,-0.8604267040379204,-0.45882494513240313
2025-10-10 16:00:00,-6.066983840499061,-3.2352360923625834
2025-10-10 20:00:00,-12.113550411887692,-6.459584618898365
2025-10-11 00:00:00,-9.41813519442721,-7.893992765089708
2025-10-11 04:00:00,-10.081451400036064,-7.540998234249679
2025-10-11 08:00:00,-7.59344262446543,-8.865032658604418
2025-10-11 12:00:00,-9.211330550096013,-8.004047227477274
2025-10-11 16:00:00,-8.389957388186712,-8.441154343934123
2025-10-11 20:00:00,-5.926883924164808,-9.751919035803724
2025-10-12 00:00:00,-4.9986319561848935,-10.245903451030927
2025-10-12 04:00:00,-7.895696749462712,-8.704183199258027
2025-10-12 08:00:00,-7.566553713554149,-8.879342030833925
2025-10-12 12:00:00,-8.302922229184512,-8.48747152246646
2025-10-12 16:00:00,-11.809786911675136,-6.6212363199372595
2025-10-12 20:00:00,-13.13057390747736,-5.918357991350531
2025-10-13 00:00:00,-13.673382259494229,-5.629493679072225
2025-10-13 04:00:00,-12.792432008363363,-6.098305714662275
2025-10-13 08:00:00,-13.632448968913637,-5.651276996865541
2025-10-13 12:00:00,-12.337274122234572,-6.340525402819475
2025-10-13 16:00:00,-12.73257803104319,-6.130157984310462
2025-10-13 20:00:00,-14.338728977826348,-5.275418577789204
2025-10-14 00:00:00,-13.178352487162911,-5.892931841382105
2025-10-14 04:00:00,-10.260351877094354,-7.445793429313098
2025-10-14 08:00:00,-8.324042638041007,-8.476231952631732
2025-10-14 12:00:00,-6.785698510077527,-9.294886855269882
2025-10-14 16:00:00,-9.13240205931476,-8.046050310377503
2025-10-14 20:00:00,-10.153873020499558,-7.50245788845076
2025-10-15 00:00:00,-10.155395905042017,-7.5016474606185435
2025-10-15 04:00:00,-9.156983569404112,-8.0329688591059
2025-10-15 08:00:00,-10.080005428854362,-7.541767731383294
2025-10-15 12:00:00,-8.18239899292039,-8.551609927167931
2025-10-15 16:00:00,-6.700663098454288,-9.34013983563869
2025-10-15 20:00:00,-7.257146646008968,-9.043998045149838
2025-10-16 00:00:00,-6.2134477235731405,-9.599419438971104
2025-10-16 04:00:00,-7.036051499254111,-9.161657431336717
2025-10-16 08:00:00,-6.8075726698691605,-9.283246164588892
2025-10-16 12:00:00,-7.886774799618021,-8.708931160295252
2025-10-16 16:00:00,-4.369311456018765,-10.580806613091118
2025-10-16 20:00:00,-2.2243208866323827,-11.722298307843069
2025-10-17 00:00:00,-3.7041185644081014,-10.934799852976933
2025-10-17 04:00:00,-3.6845210400940505,-10.945228994979463
2025-10-17 08:00:00,2.3191513064347467,-14.140181093782866
2025-10-17 12:00:00,1.6022880190855688,-13.758690610579613
2025-10-17 16:00:00,0.030271221794411052,-12.922116248095703
2025-10-17 20:00:00,-0.9681103484991923,-12.390811221887791
2025-10-18 00:00:00,-0.6976060588113256,-12.534764488853343
2025-10-18 04:00:00,-0.13335426182286989,-12.835040279900484
2025-10-18 08:00:00,-0.5032921442626931,-12.638171805788762
2025-10-18 12:00:00,-1.0354864524988083,-12.354955929916835
2025-10-18 16:00:00,-0.41839517668875786,-12.683351110900096
2025-10-18 20:00:00,-0.9637109042654376,-12.39315245784754
2025-10-19 00:00:00,-0.7783804702501004,-12.491779069186808
2025-10-19 04:00:00,-1.0073823104879933,-12.369912007184166
2025-10-19 08:00:00,-0.07988409344327463,-12.863495301565123
2025-10-19 12:00:00,-1.9065456454397567,-11.891407582166346
2025-10-19 16:00:00,-3.433675805408797,-11.078720375383615
2025-10-19 20:00:00,-3.773432885098102,-10.897913107401354
2025-10-20 00:00:00,-2.5465109547309432,-11.55083961142033
2025-10-20 04:00:00,-6.19934181321524,-9.606926129093782
2025-10-20 08:00:00,-7.237749096432812,-9.054320767336003
2025-10-20 12:00:00,-6.848044480285373,-9.261708430987156
2025-10-20 16:00:00,-6.6009680002758735,-9.393194207160093
2025-10-20 20:00:00,-7.228996355981756,-9.058978680836328
2025-10-21 00:00:00,-6.2371678040223095,-9.58679641152379
2025-10-21 04:00:00,-2.1346245253489036,-11.770031688546863
2025-10-21 08:00:00,-2.005548523371579,-11.838721586932314
2025-10-21 12:00:00,-3.6939660007917117,-10.940202705191732
2025-10-21 16:00:00,-9.497048302536342,-7.851997868329211
2025-10-21 20:00:00,-6.7615169494639495,-9.307755466908773
2025-10-22 00:00:00,-2.452184409131512,-11.601037020179666
2025-10-22 04:00:00,-3.4358447621813935,-11.077566129683202
2025-10-22 08:00:00,-2.8262294650343027,-11.401982846762838
2025-10-22 12:00:00,-2.5426652866944477,-11.552886146350183
2025-10-22 16:00:00,-2.821153183226122,-11.404684272870243
2025-10-22 20:00:00,-2.0059177075031083,-11.838525119579048
2025-10-23 00:00:00,-2.2355348546268647,-11.716330611987617
2025-10-23 04:00:00,-3.4646411244387707,-11.062241676128481
2025-10-23 08:00:00,-4.789273788277477,-10.3573168126119
2025-10-23 12:00:00,-4.265493801705233,-10.636054870057325
2025-10-23 16:00:00,-5.955741817110749,-9.736561837690132
2025-10-23 20:00:00,-4.819070024224328,-10.341460259975435
2025-10-24 00:00:00,-6.319603544052889,-9.542926888767566
2025-10-24 04:00:00,-7.362964047701503,-8.98768559002012
2025-10-24 08:00:00,-7.238748970122313,-9.05378866825424
2025-10-24 12:00:00,-7.545187181943333,-8.890712578904157
2025-10-24 16:00:00,-5.952772961386559,-9.738141762655982
2025-10-24 20:00:00,-6.924788631621895,-9.220867779927108
2025-10-25 00:00:00,-6.729274868645893,-9.324913615760618
2025-10-25 04:00:00,-7.439031361463612,-8.947205129107695
2025-10-25 08:00:00,-8.263234935047755,-8.50859176294249
2025-10-25 12:00:00,-8.471254810478486,-8.397890595517119
2025-10-25 16:00:00,-7.660926407170048,-8.829120063655433
2025-10-25 20:00:00,-7.752745577209683,-8.780256995670348
2025-10-26 00:00:00,-8.189674996845442,-8.547737883080648
2025-10-26 04:00:00,-7.750376645699178,-8.781517661187161
2025-10-26 08:00:00,-8.283447766247642,-8.497835175351211
2025-10-26 12:00:00,-11.049421427496995,-7.025877206266985
2025-10-26 16:00:00,-10.960940297313048,-7.072963881932956
2025-10-26 20:00:00,-10.658316988184238,-7.234009808632612
2025-10-27 00:00:00,-12.620382097449163,-6.049892884361785
2025-10-27 04:00:00,-11.876097715474176,-5.649467859987538
2025-10-27 08:00:00,-12.24365232103459,-5.847212251049274
2025-10-27 12:00:00,-12.166370906825229,-5.805634847414465
2025-10-27 16:00:00,-11.509197392412492,-5.452075472933764
2025-10-27 20:00:00,-13.095299896288001,-6.305398677283566
2025-10-28 00:00:00,-13.846203182610486,-6.70938467243572
2025-10-28 04:00:00,-13.841760147968014,-6.706994319637653
2025-10-28 08:00:00,-13.137813042832791,-6.3282707516595345
2025-10-28 12:00:00,-13.103851216387561,-6.309999287805843
2025-10-28 16:00:00,-11.746534564855429,-5.579762880276894
2025-10-28 20:00:00,-15.601536615573671,-7.653754122744637
2025-10-29 00:00:00,-16.157174615708186,-7.952687386877779
2025-10-29 04:00:00,-15.59773264755786,-7.651707587814766
2025-10-29 08:00:00,-15.201526554902323,-7.438548695661426
2025-10-29 12:00:00,-15.097769523302862,-7.38272740891487
2025-10-29 16:00:00,-18.19082156458071,-9.046789518794148
2025-10-29 20:00:00,-19.5680416786204,-8.779012702432999
2025-10-30 00:00:00,-18.284709895225784,-9.494464941628742
2025-10-30 04:00:00,-15.371142356003597,-11.118766970890908
2025-10-30 08:00:00,-18.512058644651386,-9.367718940353333
2025-10-30 12:00:00,-15.095953896855802,-11.272183415372092
2025-10-30 16:00:00,-14.73871255313848,-11.471344008605284
2025-10-30 20:00:00,-13.808261034950608,-11.990066938064487
2025-10-31 00:00:00,-16.46058969275249,-10.511404520550068
2025-10-31 04:00:00,-17.586555555615277,-9.883683140727115
2025-10-31 08:00:00,-17.554867988524876,-9.901348830241567
2025-10-31 12:00:00,-16.95393486379177,-10.236366598257836
2025-10-31 16:00:00,-15.767794927742496,-10.897634778650884
2025-10-31 20:00:00,-16.719963735887145,-10.366804548546673
2025-11-01 00:00:00,-17.067866204410066,-10.172850340175051
2025-11-01 04:00:00,-17.89146395720557,-9.713697949453879
2025-11-01 08:00:00,-17.828632122367864,-9.748726441313154
2025-11-01 12:00:00,-17.488541417372303,-9.938325623354082
2025-11-01 16:00:00,-18.14499386146072,-9.572356061058796
2025-11-01 20:00:00,-18.059637129534668,-9.619942091247644
2025-11-02 00:00:00,-17.42513691565947,-9.97367337466243
2025-11-02 04:00:00,-18.447391339060072,-9.403770699677553
2025-11-02 08:00:00,-18.711552289920142,-9.256502046125622
2025-11-02 12:00:00,-18.5442601435528,-9.349766735948698
2025-11-02 16:00:00,-17.632545110817794,-9.858044151125961
2025-11-02 20:00:00,-17.590490804911006,-9.881489255282313
2025-11-03 00:00:00,-17.106528560364197,-10.15129623429387
2025-11-03 04:00:00,-14.380134986712486,-11.671249540552934
2025-11-03 08:00:00,-13.919945759366472,-11.92780315935878
2025-11-03 12:00:00,-14.18708751473042,-11.778872719443813
2025-11-03 16:00:00,-12.585881564341983,-12.671538511285018
2025-11-03 20:00:00,-12.555207177107604,-12.688639357158834
2025-11-04 00:00:00,-12.281942291309582,-12.84098341733678
2025-11-04 04:00:00,-12.691164166769273,-12.612843889496931
2025-11-04 08:00:00,-8.729131681784837,-14.82166085314313
2025-11-04 12:00:00,-8.583233782521617,-14.902998337395031
2025-11-04 16:00:00,-6.0945703808779434,-16.290418041597054
2025-11-04 20:00:00,-3.8886722616529994,-17.520197253222683
2025-11-05 00:00:00,-3.6080214415424776,-17.676658941679488
2025-11-05 04:00:00,-5.713673490088063,-16.502766505918174
2025-11-05 08:00:00,-5.275274971528962,-16.747171893380447
2025-11-05 12:00:00,-6.704901115869593,-15.95016114416036
2025-11-05 16:00:00,-8.534278106581235,-14.930290927219508
2025-11-05 20:00:00,-8.405090333058897,-15.002312584470745
2025-11-06 00:00:00,-8.179694524515138,-15.127969829163465
2025-11-06 04:00:00,-8.698134251697805,-14.838941794090765
2025-11-06 08:00:00,-7.478603431698823,-15.518825256205718
2025-11-06 12:00:00,-6.527271598217875,-16.04918887634591
2025-11-06 16:00:00,-4.052792714558128,-17.42870076957901
2025-11-06 20:00:00,-4.121674260999745,-17.390299588155326
2025-11-07 00:00:00,-4.952290853957053,-16.927234222648284
2025-11-07 04:00:00,-5.756094890145589,-16.479116748268847
2025-11-07 08:00:00,-4.976372230244464,-16.913808953508468
2025-11-07 12:00:00,-2.248275339733428,-18.434711851974956
2025-11-07 16:00:00,-4.496242448631188,-17.181479350053273
2025-11-07 20:00:00,-8.334417367161743,-15.041712474940198
2025-11-08 00:00:00,-6.763342504664623,-15.917580308077198
2025-11-08 04:00:00,-6.545846562244422,-16.038833409600873
2025-11-08 08:00:00,-6.350126644845119,-16.1479464659207
2025-11-08 12:00:00,-5.8118197822252995,-16.448050348033753
2025-11-08 16:00:00,-5.4962362827319735,-16.623986862882997
2025-11-08 20:00:00,-5.816107441905726,-16.44565999523567
2025-11-09 00:00:00,-5.419175878612256,-16.66694772413037
2025-11-09 04:00:00,-5.312234010623708,-16.726567379706715
2025-11-09 08:00:00,-5.6764354594387605,-16.523526556246566
2025-11-09 12:00:00,-5.8437716571041705,-16.430237308004333
2025-11-09 16:00:00,-8.425383297710843,-14.990999339378524
2025-11-09 20:00:00,-9.582581530917121,-14.345866040372416
2025-11-10 00:00:00,-12.052156036723217,-12.969088317805594
2025-11-10 04:00:00,-11.814543334843377,-13.101556430744857
2025-11-10 08:00:00,-11.538958414012827,-13.255193900998464
2025-11-10 12:00:00,-11.507696676137265,-13.272622192461068
2025-11-10 16:00:00,-10.476720095715503,-13.847387434439245
2025-11-10 20:00:00,-11.605431822825679,-13.21813524648878
2025-11-11 00:00:00,-11.794999242258907,-13.11245218271137
2025-11-11 04:00:00,-11.23039375468133,-13.42721744106184
2025-11-11 08:00:00,-10.353009366921945,-13.916355661575167
2025-11-11 12:00:00,-9.432381288207417,-14.429602063562093
2025-11-11 16:00:00,-7.771059999696618,-15.355781911414526
2025-11-11 20:00:00,-6.904482863734527,-15.838895133094352
2025-11-12 00:00:00,-7.0171367167083165,-15.776091069167169
2025-11-12 04:00:00,-7.547044465159576,-15.480669658973614
2025-11-12 08:00:00,-8.8691267071045,-14.743614197058394
2025-11-12 12:00:00,-10.112107501451655,-14.05065746981157
2025-11-12 16:00:00,-4.897711295627613,-16.957662103985268
2025-11-12 20:00:00,-5.039262800146269,-16.878747717090285
2025-11-13 00:00:00,-5.502638404720579,-16.620417705965323
2025-11-13 04:00:00,-5.892374922659897,-16.403141185533123
2025-11-13 08:00:00,-8.189004032177454,-15.12277981658136
2025-11-13 12:00:00,-7.395184956888598,-15.565330715951609
2025-11-13 16:00:00,-3.709089803119467,-17.6203137419909
2025-11-13 20:00:00,-0.08070184984393125,-19.643125238932956
2025-11-14 00:00:00,-1.2727887111348886,-18.978541671953558
2025-11-14 04:00:00,0.41580033089160234,-19.91992318126488
2025-11-14 08:00:00,1.0715332704445841,-20.285491622713923
2025-11-14 12:00:00,4.047433396459502,-21.944543815084923
2025-11-14 16:00:00,1.609238098657206,-20.58525987309847
2025-11-14 20:00:00,5.476574976521185,-22.741284421694253
2025-11-15 00:00:00,4.343164444281719,-22.109412669033546
2025-11-15 04:00:00,2.9294261347843844,-21.32125932298987
2025-11-15 08:00:00,3.224951609882211,-21.486013570982426
2025-11-15 12:00:00,3.3670904650420512,-21.56525540346618
2025-11-15 16:00:00,2.8549794410178206,-21.27975559461255
2025-11-15 20:00:00,4.154962615089193,-22.00449091625006
2025-11-16 00:00:00,4.030914159676981,-21.935334407900616
2025-11-16 04:00:00,3.3557692814337807,-21.55894388974253
2025-11-16 08:00:00,2.9223779270904986,-21.317329975924572
2025-11-16 12:00:00,3.470141135032968,-21.622705732016907
2025-11-16 16:00:00,5.701236596763481,-22.866532359401006
2025-11-16 20:00:00,5.898689198554225,-22.97661138020772
2025-11-17 00:00:00,4.13662259131912,-21.99426642774055
2025-11-17 04:00:00,4.420415737359826,-22.152479950097295
2025-11-17 08:00:00,3.653453270137841,-21.72490150027384
2025-11-17 12:00:00,4.103995263202885,-21.976076825284046
2025-11-17 16:00:00,5.581519852329793,-22.79979076226877
2025-11-17 20:00:00,9.084200084631842,-24.752520717073097
2025-11-18 00:00:00,8.718177848829225,-24.548464812287733
2025-11-18 04:00:00,11.784089460601376,-26.25769804113863
2025-11-18 08:00:00,10.112930048851188,-25.32603347967423
2025-11-18 12:00:00,9.674560897824158,-25.081644464491394
2025-11-18 16:00:00,6.766264830606321,-23.46028125938849
2025-11-18 20:00:00,7.817328802955624,-24.046245140502815
2025-11-19 00:00:00,8.356002759726183,-24.346553676108844
2025-11-19 04:00:00,10.196333839895399,-25.372530753280405
2025-11-19 08:00:00,9.745189812423186,-25.12101979654168
2025-11-19 12:00:00,9.29063915123226,-24.867609655388083
2025-11-19 16:00:00,12.042699947902511,-26.401872333876625
2025-11-19 20:00:00,12.613707557468693,-26.720206749144758
2025-11-20 00:00:00,9.127179467798454,-24.77648154803176
2025-11-20 04:00:00,7.553799254034795,-23.89932849095882
2025-11-20 08:00:00,8.779321050573603,-24.5825518980793
2025-11-20 12:00:00,9.203637837510987,-24.819106777550655
2025-11-20 16:00:00,15.020097818052369,-28.06175951249901
2025-11-20 20:00:00,17.098041600101414,-29.22020470260983
2025-11-21 00:00:00,15.890639570842287,-28.54708299190309
2025-11-21 04:00:00,17.69989980209432,-29.555738197428415
2025-11-21 08:00:00,21.23815879948444,-31.52830316877283
2025-11-21 12:00:00,21.76398446097965,-31.82144883212438
2025-11-21 16:00:00,19.364304681471204,-30.4836371346219
2025-11-21 20:00:00,19.87587240615236,-30.768834056305916
2025-11-22 00:00:00,19.62811322194659,-30.630709320820554
2025-11-22 04:00:00,20.35209630600195,-31.034326939685347
2025-11-22 08:00:00,20.689984446093177,-31.22269820076835
2025-11-22 12:00:00,20.884940807659003,-31.33138557782277
2025-11-22 16:00:00,19.69458663075946,-30.667767975330257
2025-11-22 20:00:00,20.01799657754619,-30.848067702649946
2025-11-23 00:00:00,19.287728841630432,-30.44094641598523
2025-11-23 04:00:00,16.972891862237027,-29.150434233781425
2025-11-23 08:00:00,17.576409329791208,-29.4868927623883
2025-11-23 12:00:00,16.999557581345524,-29.165300263511845
2025-11-23 16:00:00,16.7711369169998,-29.03795667403692
2025-11-23 20:00:00,15.599724798277528,-28.38489919178243
2025-11-24 00:00:00,16.690317468776687,-28.992900161021375
2025-11-24 04:00:00,16.693650683665247,-28.99475841473769
2025-11-24 08:00:00,16.365997128496176,-28.812092893039086
2025-11-24 12:00:00,17.773450786133157,-29.596742571282856
2025-11-24 16:00:00,16.053247595846436,-28.637736303155688
2025-11-24 20:00:00,13.241952487015565,-27.07045073703911
2025-11-25 00:00:00,14.694265049870875,-27.88010907212562
2025-11-25 04:00:00,14.340180715849767,-27.682708498932122
2025-11-25 08:00:00,16.295059854810493,-28.77254565205468
2025-11-25 12:00:00,15.560621929342549,-28.363099501709684
2025-11-25 16:00:00,16.131350547354202,-28.681278380323143
2025-11-25 20:00:00,15.747531587124525,-28.467300874197864
2025-11-26 00:00:00,15.467350647526937,-28.31110114221209
2025-11-26 04:00:00,15.971414967767316,-28.592114946499496
2025-11-26 08:00:00,15.685712932142822,-28.432837225979206
2025-11-26 12:00:00,16.833572290154716,-29.0727641401238
2025-11-26 16:00:00,15.1053958149143,-28.109312798128983
2025-11-26 20:00:00,12.099907900351106,-26.43376553422339
2025-11-27 00:00:00,11.19093873186356,-25.927018927173652
2025-11-27 04:00:00,10.029144479890228,-25.279323366435356
2025-11-27 08:00:00,9.713502245332789,-25.103354107027226
2025-11-27 12:00:00,10.45570788303004,-25.5171307252838
2025-11-27 16:00:00,9.75005013897877,-25.123729408788808
2025-11-27 20:00:00,9.799916208412933,-25.15152953927588
2025-11-28 00:00:00,10.131519696643807,-25.33639713255899
2025-11-28 04:00:00,9.813351854329383,-25.15901985711912
2025-11-28 08:00:00,9.422793045492464,-24.94128491286263
2025-11-28 12:00:00,9.682108353562992,-25.085852140307175
2025-11-28 16:00:00,10.529611277453546,-25.55833156649152
2025-11-28 20:00:00,10.140682366645828,-25.341505283743874
2025-11-29 00:00:00,10.606289903656512,-25.601079588106213
2025-11-29 04:00:00,10.580519894275787,-25.58671291289866
2025-11-29 08:00:00,10.979756808835782,-25.809285865729315
2025-11-29 12:00:00,10.999814833231296,-25.820468132585994
2025-11-29 16:00:00,10.430055343777552,-25.50282953919401
2025-11-29 20:00:00,10.489877006579325,-25.53617987241084
2025-11-30 00:00:00,10.591708923989792,-25.59295075136484
2025-11-30 04:00:00,10.644482379097708,-25.622371737516346
2025-11-30 08:00:00,10.165130837083963,-25.355135206376676
2025-11-30 12:00:00,9.746555402663903,-25.121781107535597
2025-11-30 16:00:00,9.224297896313672,-24.830624676135866
2025-11-30 20:00:00,9.972553245614803,-25.247773983956804
2025-12-01 00:00:00,16.30947931305088,-28.780584441259133
2025-12-01 04:00:00,18.07001880861903,-29.762078035195493
2025-12-01 08:00:00,16.50108777596213,-28.887405378457526
2025-12-01 12:00:00,18.61389081856381,-30.065284464262188
2025-12-01 16:00:00,19.874991380190636,-30.768342887922746
2025-12-01 20:00:00,18.485613438535257,-29.993770347673543
2025-12-02 00:00:00,17.02409415437981,-29.178979302982956
2025-12-02 04:00:00,16.353119465688813,-28.804913648505178
2025-12-02 08:00:00,17.08494368080362,-29.212902665980128
2025-12-02 12:00:00,15.92153421456711,-28.56430662987271
2025-12-02 16:00:00,10.789631406293482,-25.70329172864258
2025-12-02 20:00:00,10.396811297488076,-25.484296118869292
2025-12-03 00:00:00,9.466668138386842,-24.965745098344208
2025-12-03 04:00:00,6.967359006372223,-23.572390442845595
2025-12-03 08:00:00,7.8433337525928515,-24.06074279394587
2025-12-03 12:00:00,7.591154754812349,-23.92015403040497
2025-12-03 16:00:00,8.61189675031197,-24.489213532998733
2025-12-03 20:00:00,7.5279558258239305,-23.884920885052697
2025-12-04 00:00:00,7.418664555270743,-23.823991447121223
2025-12-04 04:00:00,6.969752460234931,-23.573724783619873
2025-12-04 08:00:00,7.116516701693894,-23.65554525011523
2025-12-04 12:00:00,7.513639153945739,-23.87693939882629
2025-12-04 16:00:00,8.333668751596212,-24.33410255759564
2025-12-04 20:00:00,8.268281941469475,-24.297649677425177
2025-12-05 00:00:00,8.528434224203648,-24.442683514833693
2025-12-05 04:00:00,8.926276180990914,-24.664478784391004
2025-12-05 08:00:00,8.803079384008388,-24.595797072145285
2025-12-05 12:00:00,10.08003841294644,-25.307696526702788
2025-12-05 16:00:00,13.65041080664175,-27.298164585613527
2025-12-05 20:00:00,12.929643467346688,-26.896339731347275
2025-12-06 00:00:00,12.75270408669835,-26.797696747728555
2025-12-06 04:00:00,12.405051242197887,-26.603881703732146
2025-12-06 08:00:00,12.965780215543846,-26.916485821196705
2025-12-06 12:00:00,12.519320309434853,-26.66758624302848
2025-12-06 16:00:00,12.33340914774284,-26.56394152804122
2025-12-06 20:00:00,12.566763557474268,-26.694035660461847
2025-12-07 00:00:00,12.79654981206069,-26.822140560930663
2025-12-07 04:00:00,12.585749666949663,-26.70462033911904
2025-12-07 08:00:00,12.907823391027748,-26.884175127724248
2025-12-07 12:00:00,12.673925681953246,-26.753778108134004
2025-12-07 16:00:00,12.060907817778336,-26.41202314712868
2025-12-07 20:00:00,9.79129683775397,-25.146724275260603
2025-12-08 00:00:00,11.395263336155839,-26.040929061369045
2025-12-08 04:00:00,10.008190745766985,-25.267641745055773
2025-12-08 08:00:00,9.211493652336449,-24.823486362300546
2025-12-08 12:00:00,9.306850028928197,-24.876647153638288
2025-12-08 16:00:00,11.93594896887234,-26.342359098116617
2025-12-08 20:00:00,10.72976569219361,-25.6699168370066
2025-12-09 00:00:00,11.321800454713227,-25.999973804352912
2025-12-09 04:00:00,12.025446522818529,-26.39225361970633
2025-12-09 08:00:00,11.172040724984344,-25.916483365354793
2025-12-09 12:00:00,11.052691074701393,-25.849946421715543
2025-12-09 16:00:00,5.755067283025488,-22.896542747612312
2025-12-09 20:00:00,7.327772043551825,-23.77331924225817
2025-12-10 00:00:00,8.775517955172111,-24.580431687891963
2025-12-10 04:00:00,8.15614202030669,-24.23513212838815
2025-12-10 08:00:00,8.07922845384725,-24.19225312853795
2025-12-10 12:00:00,8.986362151581233,-24.697976468122775
2025-12-10 16:00:00,8.711937248266926,-24.54498570290698
2025-12-10 20:00:00,8.301114842310103,-24.315953885837736
2025-12-11 00:00:00,9.868929908748786,-25.19000439595704
2025-12-11 04:00:00,11.263329698386098,-25.967376595990267
2025-12-11 08:00:00,11.634594038661037,-26.174354952655456
2025-12-11 12:00:00,11.856906256338707,-26.29829310800711
2025-12-11 16:00:00,12.290371029512116,-26.53994795252366
2025-12-11 20:00:00,9.271564939160697,-24.856975859892586
2025-12-12 00:00:00,9.593300936620155,-25.036342367284263
2025-12-12 04:00:00,8.385105983995468,-24.362778605032684
2025-12-12 08:00:00,8.464838833532449,-24.407229343709005
2025-12-12 12:00:00,8.350892809148085,-24.343704899486486
2025-12-12 16:00:00,11.836011257279578,-26.28664423118642
2025-12-12 20:00:00,11.589999441231233,-26.149493646327652
2025-12-13 00:00:00,11.430049177878338,-26.060322026364286
2025-12-13 04:00:00,11.358392399657246,-26.02037366453364
2025-12-13 08:00:00,11.231554028699534,-25.949661789637496
2025-12-13 12:00:00,11.403559663962163,-26.045554230310486
2025-12-13 16:00:00,11.776189594477804,-26.253293897969606
2025-12-13 20:00:00,11.774677166576824,-26.2524507255785
2025-12-14 00:00:00,11.405101459395214,-26.04641377498104
2025-12-14 04:00:00,11.608471618895601,-26.159791810094664
2025-12-14 08:00:00,11.745353685817092,-26.23610300455887
2025-12-14 12:00:00,12.738901346631176,-26.79000177639233
2025-12-14 16:00:00,13.612100861072332,-27.276806947085618
2025-12-14 20:00:00,14.020324240442013,-27.504389817424535
2025-12-15 00:00:00,14.156986050873089,-27.58057821979294
2025-12-15 04:00:00,12.392379152114943,-26.596817065154312
2025-12-15 08:00:00,12.242061439277002,-26.513015552846863
2025-12-15 12:00:00,12.351103085807686,-26.573805826403092
2025-12-15 16:00:00,17.190490591019437,-29.271744638283142
2025-12-15 20:00:00,18.090561397293474,-29.77353044466293
2025-12-16 00:00:00,17.9753819365627,-29.709318364703996
2025-12-16 04:00:00,18.01498405354267,-29.731396383527205
2025-12-16 08:00:00,17.364977782740958,-29.36902053656873
2025-12-16 12:00:00,15.996744464167179,-28.606236037515455
2025-12-16 16:00:00,15.445692092634275,-28.29902658612598
2025-12-16 20:00:00,15.467761792975745,-28.311330354124227
2025-12-17 00:00:00,15.520652718211855,-28.34081682939348
2025-12-17 04:00:00,16.673254932651112,-28.983387866667442
2025-12-17 08:00:00,17.196878029242,-29.275305609061075
2025-12-17 12:00:00,16.266088784435457,-28.756394398388313
2025-12-17 16:00:00,16.329287713423906,-28.791627543740606
2025-12-17 20:00:00,17.937644657868425,-29.688279985625154
2025-12-18 00:00:00,17.43904269859074,-29.410311425313346
2025-12-18 04:00:00,16.65391641279103,-28.972606720656994
2025-12-18 08:00:00,16.34034458924366,-28.797791706949305
2025-12-18 12:00:00,15.927716080065268,-28.567752994694562
2025-12-18 16:00:00,14.82054543771949,-27.95050987371242
2025-12-18 20:00:00,19.859059494049284,-30.759460926327215
2025-12-19 00:00:00,18.35804087927608,-29.92264916579143
2025-12-19 04:00:00,16.157737274908165,-28.695988873398903
2025-12-19 08:00:00,14.690182962914838,-27.877833325283635
2025-12-19 12:00:00,15.052666411104493,-28.079916370396635
2025-12-19 16:00:00,14.865698018258378,-27.97568225334956
2025-12-19 20:00:00,14.694852400512017,-27.880436517714397
2025-12-20 00:00:00,14.832835749885698,-27.95736167265756
2025-12-20 04:00:00,14.407388312964084,-27.72017646042781
2025-12-20 08:00:00,14.46342156413038,-27.751414769597016
2025-12-20 12:00:00,14.465080829691665,-27.75233980338531
2025-12-20 16:00:00,14.621257365175126,-27.839407585440785
2025-12-20 20:00:00,14.442291624814791,-27.7396349145408
2025-12-21 00:00:00,14.271490058366526,-27.64441373732479
2025-12-21 04:00:00,14.744439478391666,-27.9080811115468
2025-12-21 08:00:00,14.051306986763048,-27.521662572232465
2025-12-21 12:00:00,13.904263753749527,-27.43968656908244
2025-12-21 16:00:00,14.31369120193362,-27.66794070287834
2025-12-21 20:00:00,14.50196644995627,-27.772903386360426
2025-12-22 00:00:00,13.927185112520654,-27.452465133184422
2025-12-22 04:00:00,13.51223656830971,-27.221133010854004
2025-12-22 08:00:00,12.881994646582898,-26.869775707957842
2025-12-22 12:00:00,11.598222350207433,-26.15407788457053
2025-12-22 16:00:00,12.565118975679034,-26.693118812813278
2025-12-22 20:00:00,14.325658471247174,-27.674612406749638
2025-12-23 00:00:00,13.709762588930607,-27.331252962359315
2025-12-23 04:00:00,14.942435379525454,-28.018463019523125
2025-12-23 08:00:00,15.60884341698148,-28.389982784548184
2025-12-23 12:00:00,15.15066586558145,-28.13455066688389
2025-12-23 16:00:00,14.835772503091462,-27.95899890060144
2025-12-23 20:00:00,15.294096892151826,-28.214512879662934
2025-12-24 00:00:00,15.339660618139508,-28.239914471212213
2025-12-24 04:00:00,16.09267350763407,-28.659716088302257
2025-12-24 08:00:00,16.609674225745923,-28.947941881682453
2025-12-24 12:00:00,15.680265254946098,-28.429800168143327
2025-12-24 16:00:00,15.893591007814095,-28.548728405986694
2025-12-24 20:00:00,15.492768246522964,-28.325271350066355
2025-12-25 00:00:00,15.474898103265783,-28.315308818027855
2025-12-25 04:00:00,15.17393963473726,-28.147525698339116
2025-12-25 08:00:00,15.450992932170735,-28.301981782564674
2025-12-25 12:00:00,15.478378155814637,-28.317248933141347
2025-12-25 16:00:00,14.71376509115726,-27.890980265672976
2025-12-25 20:00:00,14.998674203416195,-28.04981593464842
2025-12-26 00:00:00,16.133274120703962,-28.682350764626385
2025-12-26 04:00:00,13.417893371573966,-27.16853706315689
2025-12-26 08:00:00,13.751156125366098,-27.354329690228298
2025-12-26 12:00:00,13.84422183445732,-27.406213443769822
2025-12-26 16:00:00,16.521189851655684,-28.898612203733364
2025-12-26 20:00:00,15.449348350375475,-28.301064934916102
2025-12-27 00:00:00,15.720557508929417,-28.452262935533334
2025-12-27 04:00:00,15.619063318137608,-28.39568033779287
2025-12-27 08:00:00,15.438731987536569,-28.295146355898982
2025-12-27 12:00:00,15.613057657831783,-28.392332206647648
2025-12-27 16:00:00,15.577625730404018,-28.372579051504736
2025-12-27 20:00:00,15.493179391971774,-28.3255005619785
2025-12-28 00:00:00,15.054076052643264,-28.08070223980969
2025-12-28 04:00:00,15.245097164913362,-28.18719573141932
2025-12-28 08:00:00,15.127436147723698,-28.12160019384779
2025-12-28 12:00:00,15.060478174631841,-28.084271396727345
2025-12-28 16:00:00,15.114162023233582,-28.11419992354146
2025-12-28 20:00:00,15.55361777294676,-28.359194713063534
2025-12-29 00:00:00,14.406918432451162,-27.719914503956772
2025-12-29 04:00:00,11.694283547568546,-26.20763161061482
2025-12-29 08:00:00,12.557630255004284,-26.688943881556394
2025-12-29 12:00:00,15.726533801703201,-28.45559469439913
2025-12-29 16:00:00,15.38864566161196,-28.26722343331612
2025-12-29 20:00:00,15.998168789471992,-28.607030093068232
2025-12-30 00:00:00,15.942047435709503,-28.575742667060698
2025-12-30 04:00:00,15.868966332183627,-28.535000249677267
2025-12-30 08:00:00,15.028056419240038,-28.06619640022693
2025-12-30 12:00:00,14.806537124927926,-27.942700296420135
2025-12-30 16:00:00,13.750642193555082,-27.35404317533811
2025-12-30 20:00:00,14.918706413622768,-28.00523421773659
2025-12-31 00:00:00,14.465873753057226,-27.752781854930152
2025-12-31 04:00:00,14.36379221162426,-27.695871811600913
2025-12-31 08:00:00,14.202872819713455,-27.606159906416067
2025-12-31 12:00:00,13.701701201380715,-27.326758771653363
2025-12-31 16:00:00,15.344785252483605,-28.242771433974283
2025-12-31 20:00:00,15.337399318171066,-28.238653805695435
2026-01-01 00:00:00,15.121224914693467,-28.11813745674649
2026-01-01 04:00:00,15.442549766704106,-28.297274752226027
2026-01-01 08:00:00,15.177507789882295,-28.14951493029094
2026-01-01 12:00:00,14.914521540304523,-28.002901167916566
2026-01-01 16:00:00,14.857607263176472,-27.971171690364187
2026-01-01 20:00:00,14.462085341421787,-27.75066983088254
2026-01-02 00:00:00,13.616520674647036,-27.279270975141163
2026-01-02 04:00:00,13.904807053092599,-27.439989456252047
2026-01-02 08:00:00,13.111164182996093,-26.997536790558428
2026-01-02 12:00:00,11.726788223230246,-26.815910908604213
2026-01-02 16:00:00,14.173694823332156,-26.016902741292615
2026-01-02 20:00:00,12.579150544868101,-26.537582158144772
2026-01-03 00:00:00,13.622517234993003,-26.196883209163246
2026-01-03 04:00:00,13.657138186939545,-26.185578150210752
2026-01-03 08:00:00,12.404942728013335,-26.59446764305485
2026-01-03 12:00:00,13.3290539015491,-26.292710160718478
2026-01-03 16:00:00,13.49478823414759,-26.238591591033554
2026-01-03 20:00:00,14.164519393634478,-26.019898868429912
2026-01-04 00:00:00,16.593952566142796,-25.226596440502743
2026-01-04 04:00:00,16.740684232864762,-25.178682964725112
2026-01-04 08:00:00,16.677985463264296,-25.199156500163323
2026-01-04 12:00:00,16.116404040705167,-25.38253421601751
2026-01-04 16:00:00,16.542635340484203,-25.243353468508335
2026-01-04 20:00:00,16.524936287570178,-25.249132883150228
2026-01-05 00:00:00,19.26132017378834,-24.355599360498772
2026-01-05 04:00:00,19.736662584981733,-24.200381965279306
2026-01-05 08:00:00,19.41692643644735,-24.304787991260486
2026-01-05 12:00:00,20.436627537406753,-23.971816758174075
2026-01-05 16:00:00,22.50994874583075,-23.294798444960914
2026-01-05 20:00:00,23.704960720767083,-22.904581536816764
2026-01-06 00:00:00,22.79922547610664,-23.2003385787388
2026-01-06 04:00:00,22.760041878791366,-23.2131335151202
2026-01-06 08:00:00,21.35389474288934,-23.672294091981115
2026-01-06 12:00:00,22.938260812453798,-23.154938247855032
2026-01-06 16:00:00,19.980463278450248,-24.120771756508194
2026-01-06 20:00:00,19.511664001549388,-24.273852569260885
2026-01-07 00:00:00,20.023582784133072,-24.10669159619082
2026-01-07 04:00:00,19.925235213904067,-24.138805822310026
2026-01-07 08:00:00,20.047097956418238,-24.099012997134032
2026-01-07 12:00:00,18.239488167024817,-24.689266415461336
2026-01-07 16:00:00,16.401093056132186,-25.28957241336406
2026-01-07 20:00:00,15.856959991686642,-25.467252575973525
2026-01-08 00:00:00,16.72742247791929,-25.183013432636663
2026-01-08 04:00:00,15.794938098047442,-25.487505085639306
2026-01-08 08:00:00,13.800660960215335,-26.13871250031722
2026-01-08 12:00:00,13.203907057148632,-26.3335753701977
2026-01-08 16:00:00,15.554496714905424,-25.56601835168804
2026-01-08 20:00:00,15.556452134349177,-25.56537983278992
2026-01-09 00:00:00,16.46574724517645,-25.26846035902772
2026-01-09 04:00:00,15.769993965399538,-25.49565029466011
2026-01-09 08:00:00,13.314989923242097,-26.29730258510106
2026-01-09 12:00:00,14.357153278324652,-25.956996570826078
2026-01-09 16:00:00,17.30196482166331,-24.995403482547555
2026-01-09 20:00:00,13.991464772861958,-26.0764077909129
2026-01-10 00:00:00,14.735125829010961,-25.833574142276746
2026-01-10 04:00:00,14.354821816680168,-25.957757881819983
2026-01-10 08:00:00,14.890431257909379,-25.782861006715102
2026-01-10 12:00:00,15.070329846735081,-25.724117268088705
2026-01-10 16:00:00,14.927308463060248,-25.770819195187862
2026-01-10 20:00:00,14.667087260160198,-25.855791325475185
2026-01-11 00:00:00,14.836506806325767,-25.800469393251507
2026-01-11 04:00:00,15.200114544944466,-25.681737622761403
2026-01-11 08:00:00,15.211471019406272,-25.67802930146853
2026-01-11 12:00:00,15.582800157879827,-25.55677619994483
2026-01-11 16:00:00,15.836052045326458,-25.4740798164995
2026-01-11 20:00:00,15.00652802001246,-25.744950993674575
2026-01-12 00:00:00,16.38632713238381,-25.294394049658774
2026-01-12 04:00:00,18.6855243560419,-24.543618617573852
2026-01-12 08:00:00,15.116858801704478,-25.708923792769518
2026-01-12 12:00:00,15.209866572683215,-25.678553214410567
2026-01-12 16:00:00,18.55451125331016,-24.586399383747416
2026-01-12 20:00:00,16.95342384055357,-25.109215383066314
2026-01-13 00:00:00,16.94810911078335,-25.11095084468683
2026-01-13 04:00:00,17.02938436509952,-25.084411379716553
2026-01-13 08:00:00,18.660755709754298,-24.55170652361661
2026-01-13 12:00:00,18.51898780008189,-24.597999143729783
2026-01-13 16:00:00,21.72858319168932,-23.54994404773502
2026-01-13 20:00:00,24.28333869495847,-22.71571910735059
2026-01-14 00:00:00,26.35944261566781,-22.03779213262856
2026-01-14 04:00:00,26.380300423067904,-22.030981264382028
2026-01-14 08:00:00,25.51502731920522,-22.313525876796977
2026-01-14 12:00:00,25.96013593746052,-22.1681809660791
2026-01-14 16:00:00,31.514730492774046,-20.354394360732083
2026-01-14 20:00:00,32.42234594843808,-20.058023358331088
2026-01-15 00:00:00,29.922292050634052,-20.8743861418478
2026-01-15 04:00:00,29.06551750050776,-21.154155652897856
2026-01-15 08:00:00,29.884612622121658,-20.886689909846048
2026-01-15 12:00:00,30.733590563953005,-20.609466288248722
2026-01-15 16:00:00,30.124051226061745,-20.808504089386105
2026-01-15 20:00:00,26.41918318662263,-22.018284561677245
2026-01-16 00:00:00,27.35384861125864,-21.713080714519023
2026-01-16 04:00:00,26.420737494385598,-22.01777702101465
2026-01-16 08:00:00,27.460393901463355,-21.678289620711595
2026-01-16 12:00:00,26.915258057815862,-21.85629722890985
2026-01-16 16:00:00,25.446186526992946,-22.336005016466423
2026-01-16 20:00:00,27.153543465673767,-21.77848797087699
2026-01-17 00:00:00,26.933859612011616,-21.850223113238062
2026-01-17 04:00:00,26.526906742389627,-21.98310871930301
2026-01-17 08:00:00,26.386191750879213,-22.02905752154798
2026-01-17 12:00:00,26.395317041616746,-22.026077766690115
2026-01-17 16:00:00,26.55596226976545,-21.973620983368228
2026-01-17 20:00:00,26.713774646668664,-21.922089233834644
2026-01-18 00:00:00,26.047653492308704,-22.13960315231869
2026-01-18 04:00:00,26.005561835307805,-22.153347680907558
2026-01-18 08:00:00,26.22679999673293,-22.0811049978839
2026-01-18 12:00:00,26.04960891175247,-22.138964633420578
2026-01-18 16:00:00,26.190248694822714,-22.09304038959476
2026-01-18 20:00:00,26.527834313151377,-21.98280583213339
2026-01-19 00:00:00,20.027343206140298,-24.105463675232915
2026-01-19 04:00:00,19.911973458958595,-24.14313629022158
2026-01-19 08:00:00,21.401326199140467,-23.656805915632017
2026-01-19 12:00:00,20.92879156971251,-23.811106463202893
2026-01-19 16:00:00,21.50854836530653,-23.62179379605216
2026-01-19 20:00:00,21.107637240376143,-23.75270654244473
2026-01-20 00:00:00,20.044591008413438,-24.099831611105984
2026-01-20 04:00:00,18.40181305033675,-24.63626116077824
2026-01-20 08:00:00,18.603896340751632,-25.411169332755946
2026-01-20 12:00:00,18.18317758829729,-25.276662871026563
2026-01-20 16:00:00,21.0376433252343,-26.189253726944766
2026-01-20 20:00:00,22.142558157314493,-26.54250202811612
2026-01-21 00:00:00,24.185800504606377,-27.195739605444448
2026-01-21 04:00:00,22.87256190830188,-26.775888871516084
2026-01-21 08:00:00,23.516634667065002,-26.981803030017755
2026-01-21 12:00:00,24.697135997669093,-27.35921681564078
2026-01-21 16:00:00,27.60053323822365,-28.28745138456275
2026-01-21 20:00:00,20.91345819046442,-26.1495509493057
2026-01-22 00:00:00,21.695747723967237,-26.399653890012658
2026-01-22 04:00:00,21.464225664464326,-26.325634814669897
2026-01-22 08:00:00,21.66586647607521,-26.39010066496013
2026-01-22 12:00:00,21.407433369841776,-26.307477956772278
2026-01-22 16:00:00,23.883531326058304,-27.09910222605699
2026-01-22 20:00:00,22.972857407867565,-26.807953980796956
2026-01-23 00:00:00,22.690457850882673,-26.717669045831755
2026-01-23 04:00:00,21.54997742041162,-26.353050196590154
2026-01-23 08:00:00,23.45490057223404,-26.962066247154297
2026-01-23 12:00:00,23.336169341321085,-26.924107117275465
2026-01-23 16:00:00,21.14175399698153,-26.22253857104382
2026-01-23 20:00:00,22.732271113785572,-26.731037011993518
2026-01-24 00:00:00,22.86247346642573,-26.772663532466645
2026-01-24 04:00:00,21.89838713769275,-26.46443899975196
2026-01-24 08:00:00,22.329757646036654,-26.60235089560462
2026-01-24 12:00:00,22.64485502098056,-26.703089530991498
2026-01-24 16:00:00,23.279377046698507,-26.905950259377835
2026-01-24 20:00:00,23.048930404857547,-26.832275001903287
2026-01-25 00:00:00,23.21492880253031,-26.885345745704136
2026-01-25 04:00:00,24.004131735288375,-27.137658944135325
2026-01-25 08:00:00,25.81429010694933,-27.716378091598
2026-01-25 12:00:00,24.554566341916768,-27.313636389683165
2026-01-25 16:00:00,26.38464554550578,-27.89872435384754
2026-01-25 20:00:00,30.02736682345102,-29.063325521027334
2026-01-26 00:00:00,29.51462304535482,-28.899398073146433
2026-01-26 04:00:00,27.255733851664658,-28.177216827101375
2026-01-26 08:00:00,26.64548553888732,-27.982116559169018
2026-01-26 12:00:00,27.09598311850401,-28.126143501392058
2026-01-26 16:00:00,27.588780459489744,-28.283693946431537
2026-01-26 20:00:00,27.531860138955032,-28.26549615783533
2026-01-27 00:00:00,25.676124542574446,-27.672205681672136
2026-01-27 04:00:00,25.098446021843923,-27.487518183462857
2026-01-27 08:00:00,26.145083458720812,-27.822134830632862
2026-01-27 12:00:00,26.615860342819524,-27.972645195513675
2026-01-27 16:00:00,24.94005236335192,-27.436878723158664
2026-01-27 20:00:00,23.007578035238268,-26.819054386256454
2026-01-28 00:00:00,22.824347349792237,-26.760474370424465
2026-01-28 04:00:00,24.085863477594685,-27.163789102119658
2026-01-28 08:00:00,24.212788366884173,-27.204367796708688
2026-01-28 12:00:00,21.46478897847774,-26.325814909743723
2026-01-28 16:00:00,22.409697025573045,-26.627908023808583
2026-01-28 20:00:00,23.68747244421644,-27.03642095422557
2026-01-29 00:00:00,23.653468761953683,-27.025549760678214
2026-01-29 04:00:00,25.775395834843028,-27.70394334536424
2026-01-29 08:00:00,26.418188334484803,-27.90944819687994
2026-01-29 12:00:00,26.272110768740053,-27.862746269780786
2026-01-29 16:00:00,33.572685987444835,-30.196786612714554
2026-01-29 20:00:00,36.26914214362618,-31.05886080042437
2026-01-30 00:00:00,36.332924653051286,-31.079252474465385
2026-01-30 04:00:00,39.54145885258575,-32.1050412704234
2026-01-30 08:00:00,40.22568053739405,-32.32379129600509
2026-01-30 12:00:00,39.895885787737164,-32.218353816419274
2026-01-30 16:00:00,39.00354518016405,-31.933066847198344
2026-01-30 20:00:00,37.06436229425458,-31.313097741689646
2026-01-31 00:00:00,36.65086420324458,-31.18089977136112
2026-01-31 04:00:00,36.84387606837763,-31.242606892565927
2026-01-31 08:00:00,39.19540481208783,-31.99440559211576
2026-01-31 12:00:00,39.994465740080244,-32.24987045433895
2026-01-31 16:00:00,46.13192554704879,-34.21205540051918
2026-01-31 20:00:00,52.190137314406385,-36.14890424426787
2026-02-01 00:00:00,49.877272396160535,-35.409466615694306
2026-02-01 04:00:00,49.69947000938898,-35.352622061482826
2026-02-01 08:00:00,50.64104938276884,-35.65365097738415
2026-02-01 12:00:00,51.010660191099355,-35.771817904233636
2026-02-01 16:00:00,53.481304243458936,-36.5616985257581
2026-02-01 20:00:00,54.484336054663075,-36.882374176985984
2026-02-02 00:00:00,53.02594167918117,-36.41611621698838
2026-02-02 04:00:00,57.579720953053595,-37.87198842152399
2026-02-02 08:00:00,55.05215658015924,-37.0639100114033
2026-02-02 12:00:00,52.21707396631936,-36.15751606325268
2026-02-02 16:00:00,50.56233905198893,-35.628486783886736
2026-02-02 20:00:00,52.16565876000635,-36.14107829469613
2026-02-03 00:00:00,49.46008715888108,-35.27608984124619
2026-02-03 04:00:00,50.1433614519396,-35.494536979658264
2026-02-03 08:00:00,50.2724883869178,-35.53581968226317
2026-02-03 12:00:00,51.34201685688428,-35.87775473834233
2026-02-03 16:00:00,56.05895235318009,-37.38578902516993
2026-02-03 20:00:00,56.09111246230809,-37.396070816657485
2026-02-04 00:00:00,57.536883482853554,-37.85829300977343
2026-02-04 04:00:00,56.08028147014158,-37.39260807955618
2026-02-04 08:00:00,55.80500015387129,-37.30459889143297
2026-02-04 12:00:00,56.84562037287788,-37.63729179576891
2026-02-04 16:00:00,63.36172961757358,-39.72053337611956
2026-02-04 20:00:00,63.668249256404465,-39.81852965470044
2026-02-05 00:00:00,65.32818202276749,-40.34922072042941
2026-02-05 04:00:00,70.39785451217459,-41.97002726803141
2026-02-05 08:00:00,69.97047841228927,-41.83339240997498
2026-02-05 12:00:00,73.78928652978348,-43.054289660005054
2026-02-05 16:00:00,77.03709907916063,-44.092635994292635
2026-02-05 20:00:00,88.60931006657712,-47.79234546819399
2026-02-06 00:00:00,89.29112486423733,-48.010325996642045
2026-02-06 04:00:00,85.71548916425022,-46.867172515527066
2026-02-06 08:00:00,85.74311715608867,-46.87600536028428
2026-02-06 12:00:00,81.485282580705,-45.51474855862546
2026-02-06 16:00:00,72.78955778711247,-42.73467002080099
2026-02-06 20:00:00,72.67146668576014,-42.696915544415134
2026-02-07 00:00:00,72.77934131932417,-42.73140375105295
2026-02-07 04:00:00,70.70498867538375,-42.06822001396555
2026-02-07 08:00:00,76.5253539031791,-43.929027805860784
2026-02-07 12:00:00,75.16835605010719,-43.49518695915198
2026-02-07 16:00:00,75.34201039732561,-43.55070535872893
2026-02-07 20:00:00,73.61616989139608,-42.99894316936223
2026-02-08 00:00:00,74.88974606012148,-43.406113572865245
2026-02-08 04:00:00,74.36133191038007,-43.23717620747607
2026-02-08 08:00:00,70.96754421598794,-42.15216069064825
2026-02-08 12:00:00,69.47127977569686,-41.67379543000565
2026-02-08 16:00:00,71.60662396417783,-42.35647855190464
2026-02-08 20:00:00,70.53333153239468,-42.01334013328674
2026-02-09 00:00:00,71.38544639837532,-42.285766677008496
2026-02-09 04:00:00,70.09845311405833,-41.874306736292525
2026-02-09 08:00:00,72.99445045689149,-42.80017551083559
2026-02-09 12:00:00,74.8558960089533,-43.395291496156204
2026-02-09 16:00:00,72.43364575138025,-42.62088267870139
2026-02-09 20:00:00,70.78031912208333,-42.09230363702001
2026-02-10 00:00:00,73.11392423809484,-42.83837203876628
2026-02-10 04:00:00,73.10293961483374,-42.83486018482667
2026-02-10 08:00:00,74.8687242053491,-43.39939275215562
2026-02-10 12:00:00,76.23061264826445,-43.83479715155082
2026-02-10 16:00:00,73.90671189639265,-43.0918312967582
2026-02-10 20:00:00,75.8629734389808,-43.717260557459745
2026-02-11 00:00:00,74.7172951564771,-43.35097992185511
2026-02-11 04:00:00,78.85683378904915,-44.674416758010345
2026-02-11 08:00:00,80.40182489149835,-45.16836024253894
2026-02-11 12:00:00,80.01152509576703,-45.04357891479621
2026-02-11 16:00:00,82.8137818657358,-45.93947823182658
2026-02-11 20:00:00,78.92975734860063,-44.69773088393119
2026-02-12 00:00:00,79.17359550085081,-44.77568749247899
2026-02-12 04:00:00,80.30624074549925,-45.13780138296645
2026-02-12 08:00:00,79.99193713121058,-45.037316517910874
2026-02-12 12:00:00,78.13771224059315,-44.44450902399112
2026-02-12 16:00:00,83.26371613133917,-46.08332507897579
2026-02-12 20:00:00,84.37705506843776,-46.43926662011483
2026-02-13 00:00:00,83.12229870879602,-46.03811302930556
2026-02-13 04:00:00,82.07089870798778,-45.701973760147744
2026-02-13 08:00:00,81.12161217469746,-45.39848081619087
2026-02-13 12:00:00,80.13827074877958,-45.084100306407215
2026-02-13 16:00:00,75.34833487738503,-43.55272733523962
2026-02-13 20:00:00,75.8030061017373,-43.69808861823693
2026-02-14 00:00:00,75.00125662959009,-43.44176421134321
2026-02-14 04:00:00,75.77002662677158,-43.68754487027834
2026-02-14 08:00:00,73.32165908312328,-42.90478619030975
2026-02-14 12:00:00,73.5930740168471,-42.99155927133534
2026-02-14 16:00:00,73.29887047076345,-42.89750052595947
2026-02-14 20:00:00,72.61267718690829,-42.67812016761941
2026-02-15 00:00:00,73.24261588497181,-42.87951557699597
2026-02-15 04:00:00,72.20068980166143,-42.546405179534325
2026-02-15 08:00:00,71.52847694741129,-42.33149445348103
2026-02-15 12:00:00,74.42777735877756,-43.2584192400479
2026-02-15 16:00:00,75.18686859700176,-43.501105538169114
2026-02-15 20:00:00,76.64060282928197,-43.96587362073779
2026-02-16 00:00:00,75.62712410364774,-43.6418580245044
2026-02-16 04:00:00,75.56500593108039,-43.62199844954514
2026-02-16 08:00:00,75.83954469706028,-43.7097702396165
2026-02-16 12:00:00,73.27802785226805,-42.8908370082279
2026-02-16 16:00:00,78.07782171889693,-44.42536164318746
2026-02-16 20:00:00,76.43576136986775,-43.900384502982625
2026-02-17 00:00:00,75.54400968149045,-43.61528581497524
2026-02-17 04:00:00,76.5595112165364,-43.93994811624647
2026-02-17 08:00:00,77.33826723486435,-44.188921369672165
2026-02-17 12:00:00,77.99898336220488,-44.40015651899143
2026-02-17 16:00:00,79.02864456313281,-44.7293457555275
2026-02-17 20:00:00,78.42451588895545,-44.53620197498807
2026-02-18 00:00:00,79.57841343501816,-44.90511036144264
2026-02-18 04:00:00,78.24466508758981,-44.47870252959904
2026-02-18 08:00:00,77.45274800549446,-44.225521600357574
2026-02-18 12:00:00,79.1804832949236,-44.777889564063514
2026-02-18 16:00:00,79.98120855977375,-45.033886525368445
2026-02-18 20:00:00,82.22665503268985,-45.75177004806083
2026-02-19 00:00:00,81.77062673366896,-45.60597489965839
2026-02-19 04:00:00,80.85841650453263,-45.31433548601521
2026-02-19 08:00:00,80.44010463922639,-45.18059852141945
2026-02-19 12:00:00,81.59092956339788,-45.548524571107684
2026-02-19 16:00:00,82.16228360406895,-45.731190092806266
2026-02-19 20:00:00,79.97155540599886,-45.030800350694236
2026-02-20 00:00:00,79.76722605023313,-44.96547495573345
2026-02-20 04:00:00,79.67525223495618,-44.93607034186138
2026-02-20 08:00:00,78.1001238327906,-44.43249177088305
2026-02-20 12:00:00,78.96614231282902,-44.70936338847245
2026-02-20 16:00:00,78.31653883466177,-44.50168102379138
2026-02-20 20:00:00,78.43194139185924,-44.5385759555067
2026-02-21 00:00:00,78.19995843907262,-44.46440952964897
2026-02-21 04:00:00,78.26148769244419,-44.48408082339468
2026-02-21 08:00:00,77.65193071959237,-44.28920158123476
2026-02-21 12:00:00,77.2719754175614,-44.167727453938646
2026-02-21 16:00:00,76.96681285339908,-44.07016504076288
2026-02-21 20:00:00,77.25208019081582,-44.161366823376675
2026-02-22 00:00:00,77.93110402359147,-44.37845506259533
2026-02-22 04:00:00,77.83508458949109,-44.347757038647586
2026-02-22 08:00:00,77.9206058987965,-44.37509874531037
2026-02-22 12:00:00,77.97663003794632,-44.39301001901641
2026-02-22 16:00:00,78.73316075792782,-44.63487770316567
2026-02-22 20:00:00,79.32469168235119,-44.82399390296313
2026-02-23 00:00:00,81.01788558068662,-45.365318764187606
2026-02-23 04:00:00,85.96521650845855,-46.94701193621034
2026-02-23 08:00:00,83.74235380644285,-46.236348588750445
2026-02-23 12:00:00,82.1959032085953,-45.741938494257845
2026-02-23 16:00:00,84.5406977893273,-46.49158423906148
2026-02-23 20:00:00,86.82342540785679,-47.2213867811853
2026-02-24 00:00:00,85.62436031999331,-46.83803804426574
2026-02-24 04:00:00,89.62540052081887,-48.11719605067876
2026-02-24 08:00:00,89.59132002300885,-48.10630029871224
2026-02-24 12:00:00,90.67467529148574,-48.452655870239866
2026-02-24 16:00:00,87.35504020540152,-47.3913474140394
2026-02-24 20:00:00,86.82403993223505,-47.22158324853858
2026-02-25 00:00:00,87.46058476736468,-47.42509068196274
2026-02-25 04:00:00,84.30169901655574,-46.41517481092064
2026-02-25 08:00:00,84.11606144396164,-46.35582529795502
2026-02-25 12:00:00,82.73735039619187,-45.91504260476417
2026-02-25 16:00:00,77.03146593902667,-44.09083504355436
2026-02-25 20:00:00,74.85159433830557,-43.393916224683345
2026-02-26 00:00:00,76.93252751412962,-44.05920379967861
2026-02-26 04:00:00,76.32985833535064,-43.866526629103205
2026-02-26 08:00:00,77.91059427246765,-44.37189796468009
2026-02-26 12:00:00,77.35355352877312,-44.19380849508464
2026-02-26 16:00:00,81.26605100876691,-45.44465883034798
2026-02-26 20:00:00,79.29312049241895,-44.81390039268912
2026-02-27 00:00:00,79.77339689919799,-44.967447815405826
2026-02-27 04:00:00,78.43939249994543,-44.540958122165044
2026-02-27 08:00:00,77.98169986406678,-44.39463087468084
2026-02-27 12:00:00,83.09820423213246,-46.03040987182961
2026-02-27 16:00:00,84.25760689241687,-46.401078278323844
2026-02-27 20:00:00,83.95172738314658,-46.30328665323595
2026-02-28 00:00:00,83.06238258191738,-46.01895746236219
2026-02-28 04:00:00,83.77625506797588,-46.24718703773893
2026-02-28 08:00:00,89.38358517798044,-48.039886147168794
2026-02-28 12:00:00,87.99089370060564,-47.59463382169115
2026-02-28 16:00:00,85.23293389623518,-46.71289652637534
2026-02-28 20:00:00,80.45674800780382,-45.18591951223706
2026-03-01 00:00:00,80.88776004359374,-45.32371680213365
2026-03-01 04:00:00,79.4661347100767,-44.86921413877308
2026-03-01 08:00:00,81.47962383538865,-45.512939421747475
2026-03-01 12:00:00,82.15473007525306,-45.72877518158906
2026-03-01 16:00:00,82.5670503278714,-45.86059658949048
2026-03-01 20:00:00,84.7062352937164,-46.54450763234737
2026-03-02 00:00:00,81.62972141477442,-45.56092657278256
2026-03-02 04:00:00,80.7063985364649,-45.26573437450117
2026-03-02 08:00:00,82.191806379407,-45.74062871190274
2026-03-02 12:00:00,83.00751067597683,-46.00141456494352
2026-03-02 16:00:00,74.13482846663284,-43.1647616155183
2026-03-02 20:00:00,74.95941776150471,-43.428388059041716
2026-03-03 00:00:00,74.99449686142941,-43.43960307045729
2026-03-03 04:00:00,77.47738019098904,-44.23339666676763
2026-03-03 08:00:00,80.34490457096364,-45.150162453942734
2026-03-03 12:00:00,79.32953106182984,-44.825541083370105
2026-03-03 16:00:00,77.34244087959993,-44.19025571044642
2026-03-03 20:00:00,77.11173818593466,-44.11649859157467
2026-03-04 00:00:00,77.55422134345179,-44.25796327206554
2026-03-04 04:00:00,78.3407869424199,-44.50943329810565
2026-03-04 08:00:00,70.0820914024876,-41.86907579301183
2026-03-04 12:00:00,71.65478426792691,-41.60031663988434
2026-03-04 16:00:00,81.02039582984119,-39.99981990492618
2026-03-04 20:00:00,79.70230359179237,-40.225069725445074
2026-03-05 00:00:00,78.45836482025396,-40.43764740167833
2026-03-05 04:00:00,78.72518317197411,-40.39205060344129
2026-03-05 08:00:00,76.41627032584998,-40.78662253791616
2026-03-05 12:00:00,79.08459755131994,-40.33062999712667
2026-03-05 16:00:00,71.49292085491749,-41.62797760599619
2026-03-05 20:00:00,71.16042782452436,-41.68479760178852
2026-03-06 00:00:00,69.97090658396517,-41.88807582330054
2026-03-06 04:00:00,68.17656514433617,-42.19471224490965
2026-03-06 08:00:00,69.0190788193908,-42.05073441952493
2026-03-06 12:00:00,64.7917084924694,-42.77315306362187
2026-03-06 16:00:00,57.795606763201,-43.96872239736014
2026-03-06 20:00:00,54.728217825756985,-44.24335919880614
2026-03-07 00:00:00,53.90740153007698,-44.09648347996075
2026-03-07 04:00:00,54.94597981257213,-44.28232522387047
2026-03-07 08:00:00,56.17217194127082,-44.50173832676943
2026-03-07 12:00:00,55.270289628650346,-44.340356768341266
2026-03-07 16:00:00,56.22601770985926,-44.51137341321914
2026-03-07 20:00:00,57.96742737963194,-44.82297882163794
2026-03-08 00:00:00,58.9199530786818,-44.993422436735464
2026-03-08 04:00:00,61.47000999193006,-45.4497260508343
2026-03-08 08:00:00,57.34364908336632,-44.71136080656398
2026-03-08 12:00:00,58.32545370501323,-44.88704355108192
2026-03-08 16:00:00,60.39588526746954,-45.25752367636261
2026-03-08 20:00:00,58.71852324087779,-44.957378863550964
2026-03-09 00:00:00,62.69309123510283,-45.66858249623234
2026-03-09 04:00:00,59.215624448594895,-45.04632945774192
2026-03-09 08:00:00,56.083923438630755,-44.4859472632507
2026-03-09 12:00:00,54.5411072110356,-44.20987788735381
2026-03-09 16:00:00,50.8437740151509,-43.54828226137199
2026-03-09 20:00:00,50.836500032818144,-43.546980665156596
2026-03-10 00:00:00,49.94138847104833,-43.38681065540692
2026-03-10 04:00:00,45.75280985196593,-42.63731226111821
2026-03-10 08:00:00,42.841249741277984,-42.11632177095673
2026-03-10 12:00:00,43.70822608836478,-42.271457304778984
2026-03-10 16:00:00,38.59450384766982,-41.658536465568694
2026-03-10 20:00:00,34.56557446417861,-42.50415651244253
2026-03-11 00:00:00,33.82167791018168,-42.66029075531056
2026-03-11 04:00:00,34.157568285215625,-42.589791720047124
2026-03-11 08:00:00,32.32932149820748,-42.97351701939379
2026-03-11 12:00:00,31.154914266130657,-43.220009872484496
2026-03-11 16:00:00,35.8725905298731,-42.22983078430586
2026-03-11 20:00:00,36.123182222812346,-42.17723483660875
2026-03-12 00:00:00,34.525557798504565,-42.51255549179463
2026-03-12 04:00:00,31.19731009029018,-43.21111153860952
2026-03-12 08:00:00,33.32439478411547,-42.76466403673285
2026-03-12 12:00:00,35.13579244873451,-42.38447514974497
2026-03-12 16:00:00,35.13329628245469,-42.384999062687
2026-03-12 20:00:00,34.2882269889271,-42.562368151987144
2026-03-13 00:00:00,39.40193563400886,-41.489067001097766
2026-03-13 04:00:00,39.08340141513963,-41.555923204186065
2026-03-13 08:00:00,40.749124375769874,-41.206309549050125
2026-03-13 12:00:00,44.507843759465985,-40.41740307815227
2026-03-13 16:00:00,41.0008861466528,-41.15346801716143
2026-03-13 20:00:00,38.899699177981034,-41.59447992226442
2026-03-14 00:00:00,36.111520445973596,-42.17968249238485
2026-03-14 04:00:00,37.70130534805869,-41.84600725128257
2026-03-14 08:00:00,35.93078240627236,-42.21761706384452
2026-03-14 12:00:00,36.69117705927522,-42.0580200838752
2026-03-14 16:00:00,36.26971498395984,-42.146479509682976
2026-03-14 20:00:00,36.789151585759846,-42.03745650090006
2026-03-15 00:00:00,37.48952124025165,-41.89045798995888
2026-03-15 04:00:00,39.911738594072496,-41.382065968825536
2026-03-15 08:00:00,40.34536948000223,-41.29105246742531
2026-03-15 12:00:00,39.92737863591975,-41.37878332679807
2026-03-15 16:00:00,39.25271169359089,-41.52038717166416
2026-03-15 20:00:00,40.397281938103674,-41.28015671545879
2026-03-16 00:00:00,43.5192449048464,-40.624897161619785
2026-03-16 04:00:00,48.6065877935971,-39.55712984118071
2026-03-16 08:00:00,45.87398776391474,-40.13066716220099
2026-03-16 12:00:00,48.72039737491959,-39.533242685479514
2026-03-16 16:00:00,48.31410731027396,-39.61851770293645
2026-03-16 20:00:00,50.1716840510704,-39.22863642652081
2026-03-17 00:00:00,54.39012705884052,-38.343239926750435
2026-03-17 04:00:00,50.23061697683403,-39.21626716940481
2026-03-17 08:00:00,49.98244344497842,-39.26835557643931
2026-03-17 12:00:00,48.23263088279534,-39.635618548810264
2026-03-17 16:00:00,49.85494395171485,-39.295116067182015
2026-03-17 20:00:00,51.22416916141523,-39.00773344619292
2026-03-18 00:00:00,48.7324101751414,-39.53072135444594
2026-03-18 04:00:00,49.932169095998105,-39.27890751053761
2026-03-18 08:00:00,49.42279516451381,-39.385818495272915
2026-03-18 12:00:00,42.856122731561925,-40.764077909128936
2026-03-18 16:00:00,38.77192666653063,-41.621297715985165
2026-03-18 20:00:00,38.384201838591466,-41.70267613093568
2026-03-19 00:00:00,37.55539662848112,-41.87663159997283
2026-03-19 04:00:00,36.85295983628881,-42.024063976319134
2026-03-19 08:00:00,35.18105035339744,-42.709145637155906
2026-03-19 12:00:00,37.842122617802225,-43.27801685853615
2026-03-19 16:00:00,37.20802523067453,-43.142462570922675
2026-03-19 20:00:00,33.27466081775123,-42.30160685736553
2026-03-20 00:00:00,34.431230863250256,-42.54885283531043
2026-03-20 04:00:00,32.12333694303766,-42.05548238056218
2026-03-20 08:00:00,31.133304100064084,-41.843837924256924
2026-03-20 12:00:00,33.81229759021773,-42.41654025902583
2026-03-20 16:00:00,35.77815649250506,-42.83679211380044
2026-03-20 20:00:00,34.903539406811646,-42.649820682609445
2026-03-21 00:00:00,32.51201309977092,-42.13857169871404
2026-03-21 04:00:00,32.66541572872397,-42.171365374429946
2026-03-21 08:00:00,32.848074375779966,-42.210413260891464
2026-03-21 12:00:00,32.35723191499107,-42.10548332196825
2026-03-21 16:00:00,33.969184901955295,-42.45007887345619
2026-03-21 20:00:00,33.35411924388144,-42.31859309728328
2026-03-22 00:00:00,39.12708982128417,-43.55271096296018
2026-03-22 04:00:00,37.582762656269814,-43.22257213421668
2026-03-22 08:00:00,39.701258323161866,-43.67545394191279
2026-03-22 12:00:00,40.275426825039624,-43.798196920865415
2026-03-22 16:00:00,39.69815657255151,-43.67479086459552
2026-03-22 20:00:00,42.10725946638439,-44.18979728662213
2026-03-23 00:00:00,44.04669604865731,-44.604400704990354
2026-03-23 04:00:00,40.71131851884204,-43.89137974929129
2026-03-23 08:00:00,41.12006032149932,-43.97875860465612
2026-03-23 12:00:00,32.24411375075561,-42.08130146523715
2026-03-23 16:00:00,32.97402076784851,-42.23733747442855
2026-03-23 20:00:00,31.61824940537151,-41.947507197663356
2026-03-24 00:00:00,32.5234627717772,-42.14101935449015
2026-03-24 04:00:00,33.69814550911214,-42.39213737652231
2026-03-24 08:00:00,31.432297541618116,-41.90775530318598
2026-03-24 12:00:00,31.46166843937325,-41.914034072350745
2026-03-24 16:00:00,37.12757118089165,-43.12526349137223
2026-03-24 20:00:00,34.767483605346314,-42.620735328186434
2026-03-25 00:00:00,31.90483584448397,-42.008772267323316
2026-03-25 04:00:00,31.415103887000058,-41.90407972645196
2026-03-25 08:00:00,30.343851129895288,-41.675072467801876
2026-03-25 12:00:00,28.55613227500929,-41.29290253500189
2026-03-25 16:00:00,30.054277819824648,-41.6131688792438
2026-03-25 20:00:00,31.258637800654,-41.8706311595585
2026-03-26 00:00:00,30.149015239702265,-41.63342138890958
2026-03-26 04:00:00,32.16806342097509,-42.065043791754434
2026-03-26 08:00:00,35.02948579888018,-42.676744896146545
2026-03-26 12:00:00,37.28246724532376,-43.15837642653718
2026-03-26 16:00:00,39.212062470721726,-43.570876006997516
2026-03-26 20:00:00,38.93370907335284,-43.511370957377224
2026-03-27 00:00:00,39.776925720768354,-43.69162975399832
2026-03-27 04:00:00,40.569633614417114,-43.861091032329526
2026-03-27 08:00:00,43.087412659265674,-44.39932971887978
2026-03-27 12:00:00,48.06836462093307,-45.46413365674044
2026-03-27 16:00:00,50.52093031652872,-45.988431347348566
2026-03-27 20:00:00,50.362128343920546,-45.954483425932224
2026-03-28 00:00:00,48.78908126584702,-45.61820499239917
2026-03-28 04:00:00,49.3502300738046,-45.7381646838472
2026-03-28 08:00:00,48.87416879493683,-45.63639459485567
2026-03-28 12:00:00,48.69893903205885,-45.59893481949972
2026-03-28 16:00:00,46.89203527524934,-45.21266363070032
2026-03-28 20:00:00,46.97225956572781,-45.22981359341245
2026-03-29 00:00:00,48.57318410607738,-45.57205153666122
2026-03-29 04:00:00,47.62653747843172,-45.36968197665806
2026-03-29 08:00:00,47.66919612262886,-45.37880133630545
2026-03-29 12:00:00,47.18716110184473,-45.2757542095177
2026-03-29 16:00:00,48.529453251792646,-45.56270296510167
2026-03-29 20:00:00,48.09023004807538,-45.46880794252021
2026-03-30 00:00:00,49.36845764529282,-45.742061286353625
2026-03-30 04:00:00,44.25233062616056,-44.648360275283515
2026-03-30 08:00:00,44.06029014083862,-44.60730678459074
2026-03-30 12:00:00,43.16748377687448,-44.41644693703304
2026-03-30 16:00:00,45.20272998911251,-44.85153207697918
2026-03-30 20:00:00,47.94720488104102,-45.43823271066827
2026-03-31 00:00:00,45.8129324085751,-44.98197821340775
2026-03-31 04:00:00,44.52911400161555,-44.70752969317531
2026-03-31 08:00:00,47.46114907242863,-45.334326039209984
2026-03-31 12:00:00,47.94008234260235,-45.436710088680464
2026-03-31 16:00:00,44.06262602710074,-44.60780613911363
2026-03-31 20:00:00,41.76618177889445,-44.116883340141484
2026-04-01 00:00:00,41.516433414932436,-44.06349333689158
2026-04-01 04:00:00,41.61951875620588,-44.085530425016195
2026-04-01 08:00:00,40.21672332274676,-43.78564756867557
2026-04-01 12:00:00,41.27576054349705,-44.01204344875517
2026-04-01 16:00:00,39.65695307061606,-43.665982578257456
2026-04-01 20:00:00,42.05123648931045,-44.177820964212664
2026-04-02 00:00:00,40.48427803280546,-43.842844126895
2026-04-02 04:00:00,49.17691497179722,-45.701114215477205
2026-04-02 08:00:00,48.76009330026604,-45.6120080846316
2026-04-02 12:00:00,50.239781514288694,-45.92832870952875
2026-04-02 16:00:00,46.24526283315821,-45.07439973083972
2026-04-02 20:00:00,46.84493461783244,-45.20259467884547
2026-04-03 00:00:00,47.43231427971729,-45.328161876001275
2026-04-03 04:00:00,48.133846022707814,-45.478131955660594
2026-04-03 08:00:00,46.74483614751706,-45.18119610961897
2026-04-03 12:00:00,47.67624207463266,-45.38030758601382
2026-04-03 16:00:00,46.57224861664048,-45.14430117790364
2026-04-03 20:00:00,47.25570596101251,-45.290407399615425
2026-04-04 00:00:00,47.02054731288453,-45.24013631559861
2026-04-04 04:00:00,47.145612960952604,-45.26687224792216
2026-04-04 08:00:00,46.8420626265265,-45.20198071836651
2026-04-04 12:00:00,46.23752760324097,-45.07274613061642
2026-04-04 16:00:00,45.208167625985105,-44.85269450881935
2026-04-04 20:00:00,45.58451336671169,-44.93314788998156
2026-04-05 00:00:00,45.750705930280354,-44.968675736363735
2026-04-05 04:00:00,46.22305276705917,-45.06965176980249
2026-04-05 08:00:00,46.868178600801606,-45.207563665655144
2026-04-05 12:00:00,47.441045133287254,-45.33002831585729
2026-04-05 16:00:00,45.7981129334366,-44.97881017733635
2026-04-05 20:00:00,44.091269353725046,-44.613929371623726
2026-04-06 00:00:00,38.632839264145645,-43.447052457601934
2026-04-06 04:00:00,38.41066201672037,-43.39955647495
2026-04-06 08:00:00,38.093479296895566,-43.33175067965425
2026-04-06 12:00:00,34.75500403435047,-43.21540926196221
2026-04-06 16:00:00,36.44375974786353,-42.86144876663526
2026-04-06 20:00:00,36.548704048199085,-42.839452609209246
2026-04-07 00:00:00,32.44658093374242,-43.69925105007708
2026-04-07 04:00:00,32.754930487575436,-43.63462147699246
2026-04-07 08:00:00,33.07542655328207,-43.567446014455086
2026-04-07 12:00:00,30.948693398770455,-44.01320588059534
2026-04-07 16:00:00,30.315239134854398,-44.145976880704204
2026-04-07 20:00:00,34.57003335835892,-43.25417881967327
2026-04-08 00:00:00,43.90761554080307,-41.29703653556018
2026-04-08 04:00:00,43.345165645331306,-41.41492513365921
2026-04-08 08:00:00,44.25838024542301,-41.22351681474029
2026-04-08 12:00:00,45.3205165489681,-41.00089474507134
2026-04-08 16:00:00,43.48545590465603,-41.38552051978712
2026-04-08 20:00:00,42.590402487912336,-41.57312228373653
2026-04-09 00:00:00,40.41328669572571,-42.02944227011478
2026-04-09 04:00:00,40.28244806300366,-42.05686583817476
2026-04-09 08:00:00,42.10836953117935,-41.6741556201533
2026-04-09 12:00:00,42.22600713170442,-41.64949896731847
2026-04-09 16:00:00,45.3553547759496,-40.99359270844164
2026-04-09 20:00:00,46.65632040459787,-40.72091239438856
2026-04-10 00:00:00,44.895115239234215,-41.090058178894985
2026-04-10 04:00:00,45.497597850688045,-40.9637787875836
2026-04-10 08:00:00,43.500961259041304,-41.382270622318536
2026-04-10 12:00:00,46.049814993391635,-40.84803495809107
2026-04-10 16:00:00,48.9151810500046,-40.24745881757761
2026-04-10 20:00:00,50.35772579615051,-39.94510374704174
2026-04-11 00:00:00,48.27500910106513,-40.38163783371822
2026-04-11 04:00:00,48.18775730837826,-40.39992566985135
2026-04-11 08:00:00,47.6335092376443,-40.516095178609305
2026-04-11 12:00:00,48.71271314790574,-40.289895765882946
2026-04-11 16:00:00,49.0792175447606,-40.21307703075615
2026-04-11 20:00:00,50.07944959968942,-40.003429992542436
2026-04-12 00:00:00,49.25743147942052,-40.17572367521655
2026-04-12 04:00:00,42.9559695333686,-41.49650001596297
2026-04-12 08:00:00,43.59133755639021,-41.36332789500784
2026-04-12 12:00:00,41.46198762922414,-41.8096362325093
2026-04-12 16:00:00,40.8849697307658,-41.930578260723635
2026-04-12 20:00:00,42.4439413318802,-41.603820307684266
2026-04-13 00:00:00,41.808065576851064,-41.73709884845573
2026-04-13 04:00:00,40.70542788162452,-41.9682099450137
2026-04-13 08:00:00,39.886807660175464,-42.13979143353224
2026-04-13 12:00:00,41.42644638869369,-41.81708561965394
2026-04-13 16:00:00,45.82984986518552,-40.8941392969907
2026-04-13 20:00:00,49.52848225885067,-40.11891186556394
2026-04-14 00:00:00,53.49058850814057,-39.28846073559014
2026-04-14 04:00:00,54.36556698243076,-39.105066647456525
2026-04-14 08:00:00,55.77999118661852,-38.80860559751863
2026-04-14 12:00:00,54.616113200016414,-39.0525525611566
2026-04-14 16:00:00,55.39802049168666,-38.88866604397432
2026-04-14 20:00:00,53.250275043323015,-39.338830053283594
2026-04-15 00:00:00,55.070572403107064,-38.957298639381726
2026-04-15 04:00:00,54.18016668704819,-39.143926252704496
2026-04-15 08:00:00,53.28237932872526,-39.33210104643425
2026-04-15 12:00:00,53.92001261762683,-39.1984541293754
2026-04-15 16:00:00,52.620687353926165,-39.47079062556024
2026-04-15 20:00:00,56.1380594208859,-38.73355506857121
2026-04-16 00:00:00,56.03424775349034,-38.75531382794535
2026-04-16 04:00:00,56.53826941178224,-38.64967169486657
2026-04-16 08:00:00,55.49843426026234,-38.86761947875574
2026-04-16 12:00:00,55.287881702350504,-38.911750957982996
2026-04-16 16:00:00,53.53647967036401,-39.278842021419855
2026-04-16 20:00:00,57.62919021452628,-38.4210164402244
2026-04-17 00:00:00,56.54151108536911,-38.64899224526985
2026-04-17 04:00:00,55.94164524656973,-38.774723165220045
2026-04-17 08:00:00,59.804275078682586,-37.96512213311155
2026-04-17 12:00:00,61.572236985377856,-37.594560146433665
2026-04-17 16:00:00,67.91533295605117,-36.26505738074637
2026-04-17 20:00:00,65.88635774115248,-36.690327339168974
2026-04-18 00:00:00,65.22380652757131,-36.82919701336879
2026-04-18 04:00:00,64.9611137981121,-36.88425698912145
2026-04-18 08:00:00,63.546845819157426,-37.18068529450047
2026-04-18 12:00:00,61.47037813339603,-37.61590959882186
2026-04-18 16:00:00,60.44077573464417,-37.83171261410455
2026-04-18 20:00:00,59.70429092949801,-37.9860786507932
2026-04-19 00:00:00,59.46304011328183,-38.03664443583991
2026-04-19 04:00:00,59.3521592540884,-38.059884886503276
2026-04-19 08:00:00,57.76248939466969,-38.3930771453621
2026-04-19 12:00:00,58.98885747451218,-38.136032358173075
2026-04-19 16:00:00,58.251708712125314,-38.29053755923696
2026-04-19 20:00:00,55.31131548731567,-38.90683927415137
2026-04-20 00:00:00,53.944383753990536,-39.1933459781905
2026-04-20 04:00:00,55.06776034891128,-38.95788804144152
2026-04-20 08:00:00,55.69762143246606,-38.82587016618682
2026-04-20 12:00:00,57.888641270398665,-38.36663591406847
2026-04-20 16:00:00,58.07939228001494,-38.32665480767892
2026-04-20 20:00:00,61.74064778666067,-37.55926151196364
2026-04-21 00:00:00,61.02310529102799,-37.70965727088838
2026-04-21 04:00:00,59.93484031724671,-37.937755868029605
2026-04-21 08:00:00,62.64300473305183,-37.37012893988671
2026-04-21 12:00:00,60.69897698865183,-37.77759404441963
2026-04-21 16:00:00,59.80739958334459,-37.964467241934
2026-04-21 20:00:00,59.48452108283321,-38.03214205899425
2026-04-22 00:00:00,62.10887066107964,-37.48208258668918
2026-04-22 04:00:00,66.6103054713423,-36.53858905333025
2026-04-22 08:00:00,68.51594086470776,-36.1391709241415
2026-04-22 12:00:00,69.39521553290825,-35.95487636063875
2026-04-22 16:00:00,71.37747940310972,-35.539397025320554
2026-04-22 20:00:00,70.17880224583435,-35.79063783944852
2026-04-23 00:00:00,70.13041147988129,-35.80078046656085
2026-04-23 04:00:00,68.16119241664379,-36.213525631212775
2026-04-23 08:00:00,67.92005876935247,-36.26406685784032
2026-04-23 12:00:00,67.96762935283171,-36.2540961396621
2026-04-23 16:00:00,68.87838340550199,-36.06320354754552
2026-04-23 20:00:00,68.03183792363619,-36.2406381259634
2026-04-24 00:00:00,70.10279866993073,-35.80656806734247
2026-04-24 04:00:00,67.18443320298833,-36.41825279945513
2026-04-24 08:00:00,67.63635374604114,-36.32353097676201
2026-04-24 12:00:00,69.54991756998648,-35.92245106121023
2026-04-24 16:00:00,67.60342927816511,-36.33043189254547
2026-04-24 20:00:00,67.37311422826598,-36.378705558470735
2026-04-25 00:00:00,66.35206516102642,-36.59271580915488
2026-04-25 04:00:00,66.98544131232596,-36.459961181325454
2026-04-25 08:00:00,67.08042625405133,-36.44005248952789
2026-04-25 12:00:00,66.74364370779399,-36.51064157232823
2026-04-25 16:00:00,66.11925050739775,-36.641513388022204
2026-04-25 20:00:00,66.43896544693885,-36.57450164827923
2026-04-26 00:00:00,66.52984947629528,-36.55545250115221
2026-04-26 04:00:00,67.59175144199078,-36.332879548321564
2026-04-26 08:00:00,68.60057588474021,-36.121431559369576
2026-04-26 12:00:00,67.82136347834094,-36.284753232911235
2026-04-26 16:00:00,68.1586147002976,-36.21406591643425
2026-04-26 20:00:00,69.23184299539291,-35.989118983084985
2026-04-27 00:00:00,73.58419987696901,-35.07687194503499
2026-04-27 04:00:00,72.0829534994854,-35.39153078356912
2026-04-27 08:00:00,67.70911564835787,-36.30828019846478
2026-04-27 12:00:00,67.17412233760368,-36.42041394034105
2026-04-27 16:00:00,63.0780138946214,-37.2789517156921
2026-04-27 20:00:00,64.41311473670217,-36.999116715524295
2026-04-28 00:00:00,66.05031612329192,-36.65596192462694
2026-04-28 04:00:00,64.13054234633087,-37.0583434363941
2026-04-28 08:00:00,64.01536529322713,-37.08248436242661
2026-04-28 12:00:00,62.11511967040369,-37.48077280433408
2026-04-28 16:00:00,61.15038979969699,-37.682978641542874
2026-04-28 20:00:00,62.47404714345311,-37.40554218031283
2026-04-29 00:00:00,62.66171270471565,-37.36620777896113
2026-04-29 04:00:00,65.62124352058012,-36.74589485558422
2026-04-29 08:00:00,64.74856936847823,-36.928805961474396
2026-04-29 12:00:00,65.12882158584593,-36.84910570516636
2026-04-29 16:00:00,59.894729488648025,-37.94616303352143
2026-04-29 20:00:00,59.39969078125939,-38.04992235446477
2026-04-30 00:00:00,61.63351633306171,-37.58171609321394
2026-04-30 04:00:00,58.6974974147789,-38.19710096047978
2026-04-30 08:00:00,60.88922026626048,-37.737719357846466
2026-04-30 12:00:00,61.86683871869795,-37.53281209453028
2026-04-30 16:00:00,61.68151653593197,-37.571655327498796
2026-04-30 20:00:00,62.58539667834587,-37.38220349597283
2026-05-01 00:00:00,62.451003921570745,-37.410372002747266
2026-05-01 04:00:00,64.73341552086744,-36.93198218368552
2026-05-01 08:00:00,66.04191901701277,-36.65772194466662
2026-05-01 12:00:00,68.06714482631698,-36.23323785565709
2026-05-01 16:00:00,69.31050240025927,-35.97263209769012
2026-05-01 20:00:00,68.00531869031727,-36.24619651483289
2026-05-02 00:00:00,69.80804071137752,-35.86834886380475
2026-05-02 04:00:00,69.15872958630169,-36.0044434366397
2026-05-02 08:00:00,69.7050101701474,-35.889943900384516
2026-05-02 12:00:00,69.2983168320774,-35.975186173282566
2026-05-02 16:00:00,70.25043151521113,-35.775624459203144
2026-05-02 20:00:00,70.23621501899898,-35.778604214061005
2026-05-03 00:00:00,70.591393086454,-35.704159459452825
2026-05-03 04:00:00,69.11065127081488,-36.01452057463426
2026-05-03 08:00:00,69.98812934883465,-35.830602573558615
2026-05-03 12:00:00,71.39114911100604,-35.53653187641877
2026-05-03 16:00:00,71.02757393727187,-35.61273665106661
2026-05-03 20:00:00,72.05081015777486,-35.39826797655817
2026-05-04 00:00:00,70.61021822704264,-35.70021374010808
2026-05-04 04:00:00,77.5814568037066,-34.239053289313745
2026-05-04 08:00:00,75.1452805187303,-34.74967194045075
2026-05-04 12:00:00,71.82112000880811,-35.44641066424794
2026-05-04 16:00:00,76.38231097073195,-34.490392337118344
2026-05-04 20:00:00,76.03732659973676,-34.56270050925976
2026-05-05 00:00:00,76.9510879881443,-34.37117758438478
2026-05-05 04:00:00,79.8091505151097,-33.772132251998855
2026-05-05 08:00:00,79.46857950694964,-33.84351539035198
2026-05-05 12:00:00,81.28145616816143,-33.463539342996796
2026-05-05 16:00:00,81.30621786760788,-33.45834933041471
2026-05-05 20:00:00,82.7147055129379,-33.163132573714144
2026-05-06 00:00:00,80.30739183977691,-33.66770166759853
2026-05-06 04:00:00,81.48333822563615,-33.42122518678725
2026-05-06 08:00:00,83.88358270699919,-32.91813778419207
2026-05-06 12:00:00,84.95688911471103,-32.69317447856337
2026-05-06 16:00:00,82.65440257296089,-33.175771973440895
2026-05-06 20:00:00,81.85991915002596,-33.34229442761283
2026-05-07 00:00:00,80.25642335747777,-33.67838457993233
2026-05-07 04:00:00,80.10890768112218,-33.709303629652496
2026-05-07 08:00:00,81.09332193119955,-33.50297197802513
2026-05-07 12:00:00,80.82293510901005,-33.5596446233025
2026-05-07 16:00:00,75.50764494690799,-34.6737209361342
2026-05-07 20:00:00,75.81583827550791,-34.609124107608444
2026-05-08 00:00:00,75.62836799578679,-34.648417578261544
2026-05-08 04:00:00,74.9380086907136,-34.79311578394159
2026-05-08 08:00:00,75.83935017308954,-34.60419605149738
2026-05-08 12:00:00,76.38539641908572,-34.4897456320805
2026-05-08 16:00:00,75.51256604175063,-34.672689482529556
2026-05-08 20:00:00,76.80435343795418,-34.40193291131055
2026-05-09 00:00:00,77.21706144749861,-34.3154299728957
2026-05-09 04:00:00,77.76830218249535,-34.199890796896156
2026-05-09 08:00:00,77.87461345362054,-34.177608124579955
2026-05-09 12:00:00,77.83887693154873,-34.185098442423204
2026-05-09 16:00:00,78.72561135462972,-33.99924032623405
2026-05-09 20:00:00,79.43053866268956,-33.85148869043867
2026-05-10 00:00:00,78.94053821906836,-33.954191999358216
2026-05-10 04:00:00,79.25255906587924,-33.88879292913997
2026-05-10 08:00:00,79.52751547613698,-33.831162505515415
2026-05-10 12:00:00,79.90788486242951,-33.75143769078823
2026-05-10 16:00:00,81.66748871915385,-33.3826275380103
2026-05-10 20:00:00,79.15472301364983,-33.909299209137046
2026-05-11 00:00:00,82.03024371041427,-33.30659467229654
2026-05-11 04:00:00,79.50517526780351,-33.83584497743491
2026-05-11 08:00:00,79.28396033773255,-33.88221127280556
2026-05-11 12:00:00,80.4036265833671,-33.64753101932994
2026-05-11 16:00:00,82.43924137067259,-33.22086941715504
2026-05-11 20:00:00,83.39678488065664,-33.02016982965462
2026-05-12 00:00:00,82.31953378580896,-33.24595993539499
2026-05-12 04:00:00,81.1275743135569,-33.49579273349123
2026-05-12 08:00:00,79.57821056427822,-33.820536896159645
2026-05-12 12:00:00,79.72642925418273,-33.78947049592454
2026-05-12 16:00:00,76.2845920874273,-34.510874058696274
2026-05-12 20:00:00,79.0062699858956,-33.94041472621047
2026-05-13 00:00:00,79.0887959652812,-33.92311741298339
2026-05-13 04:00:00,81.09613398539541,-33.50238257596534
2026-05-13 08:00:00,80.95791371040933,-33.53135332443227
2026-05-13 12:00:00,77.07653685032433,-34.34488370360608
2026-05-13 16:00:00,72.80225352899046,-35.24076664835701
2026-05-13 20:00:00,75.10876287049295,-34.757325981088385
2026-05-14 00:00:00,74.64418808355902,-34.85470011305059
2026-05-14 04:00:00,74.14282225422976,-34.95978558862847
2026-05-14 08:00:00,75.58763226625565,-34.65695572198888
2026-05-14 12:00:00,75.374970667697,-34.701529252760984
2026-05-14 16:00:00,83.65994628581515,-32.96501162022534
2026-05-14 20:00:00,81.79945998481587,-33.354966571898466
2026-05-15 00:00:00,82.21591739995475,-33.26767776407055
2026-05-15 04:00:00,79.11500274813389,-33.917624513231665
2026-05-15 08:00:00,78.77634549907927,-33.98860653073855
2026-05-15 12:00:00,77.78865051910677,-34.19562581810234
2026-05-15 16:00:00,73.52838841244366,-35.088569938694
2026-05-15 20:00:00,72.85978347107984,-35.22870846455034
2026-05-16 00:00:00,72.81604040581158,-35.237876941036056
2026-05-16 04:00:00,72.51663474657357,-35.30063188812495
2026-05-16 08:00:00,70.1392772618598,-35.798922212844545
2026-05-16 12:00:00,68.1131254743942,-36.14219160969797
2026-05-16 16:00:00,67.255002062535,-35.97950845505441
2026-05-16 20:00:00,67.01733732853047,-35.93445194203886
2026-05-17 00:00:00,68.37816656038979,-36.19243813529561
2026-05-17 04:00:00,67.46170647417746,-36.01869550589116
2026-05-17 08:00:00,67.75658519302141,-36.07459865403491
2026-05-17 12:00:00,66.5689955892192,-35.84945525333237
2026-05-17 16:00:00,67.9959771416626,-36.11998261263925
2026-05-17 20:00:00,66.94669424989105,-35.92105941745793
2026-05-18 00:00:00,71.55580968818694,-36.79485615724593
2026-05-18 04:00:00,72.29618024219168,-36.93521570887467
2026-05-18 08:00:00,72.28784643156983,-36.93363578390884
2026-05-18 12:00:00,69.69892441267861,-36.44282759089276
2026-05-18 16:00:00,75.00997987931353,-37.44969821795925
2026-05-18 20:00:00,72.85135020678045,-37.04046490724696
2026-05-19 00:00:00,71.85409965593831,-36.85140601042752
2026-05-19 04:00:00,72.77651863264713,-37.02627832711324
2026-05-19 08:00:00,72.25204990822496,-36.92684947408145
2026-05-19 12:00:00,72.72055687841927,-37.01566909003689
2026-05-19 16:00:00,72.91754570773051,-37.053014259436786
2026-05-19 20:00:00,72.36639151717198,-36.948526372058424
2026-05-20 00:00:00,73.37422125766365,-37.13959087310911
2026-05-20 04:00:00,73.41075184722908,-37.146516347311724
2026-05-20 08:00:00,70.48454799016386,-36.59176621694745
2026-05-20 12:00:00,69.79703020404092,-36.46142650033523
2026-05-20 16:00:00,71.0002942806708,-36.689541469755895
2026-05-20 20:00:00,69.35335194424866,-36.37731391471845
2026-05-21 00:00:00,68.28645146318311,-36.17505077453161
2026-05-21 04:00:00,67.98975916897061,-36.11880380851965
2026-05-21 08:00:00,68.46979529686466,-36.20980912378016
2026-05-21 12:00:00,71.2596787387314,-36.73871561105031
2026-05-21 16:00:00,71.56453212210208,-36.796509757469245
2026-05-21 20:00:00,69.41466806385007,-36.38893823311998
2026-05-22 00:00:00,70.84929254106072,-36.66091453915716
2026-05-22 04:00:00,69.63225392770345,-36.43018819116601
2026-05-22 08:00:00,71.30782484672831,-36.74784315683743
2026-05-22 12:00:00,70.15698173432109,-36.52966616103611
2026-05-22 16:00:00,72.67534703530474,-37.0070982017507
2026-05-22 20:00:00,76.84747717052537,-37.7980512075784
2026-05-23 00:00:00,79.57574223022921,-38.31527607346897
2026-05-23 04:00:00,78.76770804283323,-38.16208884089992
2026-05-23 08:00:00,82.46165880589429,-38.86238853547505
2026-05-23 12:00:00,82.16099391801758,-38.80538844460891
2026-05-23 16:00:00,79.17822378160167,-38.23991447121222
2026-05-23 20:00:00,71.2206005075769,-36.73130715460425
2026-05-24 00:00:00,73.17416662237243,-37.101664487789144
2026-05-24 04:00:00,73.38428228292221,-37.141498243663726
2026-05-24 08:00:00,73.1934682459371,-37.105323692243715
2026-05-24 12:00:00,71.94970098607749,-36.869530123766246
2026-05-24 16:00:00,73.87999288364394,-37.23547512764239
2026-05-24 20:00:00,73.89424240439641,-37.238176553749796
2026-05-25 00:00:00,71.80167869171565,-36.841468036808166
2026-05-25 04:00:00,70.7737269007068,-36.64658879464823
2026-05-25 08:00:00,70.48929783041469,-36.59266669231657
2026-05-25 12:00:00,70.87343036560812,-36.66549059126032
2026-05-25 16:00:00,69.28564513049146,-36.36447804763843
2026-05-25 20:00:00,71.28329839888774,-36.743193429476825
2026-05-26 00:00:00,73.35746727568805,-37.136414650897976
2026-05-26 04:00:00,73.54404963681337,-37.17178696062549
2026-05-26 08:00:00,73.64392582317832,-37.19072150179645
2026-05-26 12:00:00,71.89024162221041,-36.85825780937264
2026-05-26 16:00:00,74.37095364411483,-37.32855153625191
2026-05-26 20:00:00,76.318992672073,-37.697861043552734
2026-05-27 00:00:00,76.41334177160061,-37.715747758839605
2026-05-27 04:00:00,78.59826828697682,-38.12996642864102
2026-05-27 08:00:00,77.32777238061486,-37.88910563967724
2026-05-27 12:00:00,78.1276454788526,-38.04074569183933
2026-05-27 16:00:00,79.78572834968128,-38.3550852709244
2026-05-27 20:00:00,79.91280816657358,-38.37917708011857
2026-05-28 00:00:00,82.95236048416966,-38.955415827246256
2026-05-28 04:00:00,88.94886107936357,-40.09223323621843
2026-05-28 08:00:00,88.327366072727,-39.97441012723718
2026-05-28 12:00:00,87.49774170237283,-39.81712982480844
2026-05-28 16:00:00,87.83169865237123,-39.88044142939824
2026-05-28 20:00:00,87.23010979442213,-39.76639213082761
2026-05-29 00:00:00,86.64121596405263,-39.654749557334505
2026-05-29 04:00:00,87.54230383999865,-39.82557792099884
2026-05-29 08:00:00,86.91312272822896,-39.70629767914753
2026-05-29 12:00:00,88.45755487596533,-39.999091338491155
2026-05-29 16:00:00,85.1725221781338,-39.37631438705869
2026-05-29 20:00:00,86.82585520871167,-39.689753490774635
2026-05-30 00:00:00,87.58069118529845,-39.832855399209386
2026-05-30 04:00:00,87.99504997663342,-39.91140959595671
2026-05-30 08:00:00,87.44566618107744,-39.80725734030683
2026-05-30 12:00:00,86.71976104965479,-39.66964014548409
2026-05-30 16:00:00,85.69720680438547,-39.47578417078907
2026-05-30 20:00:00,85.50354286324992,-39.43906933414759
2026-05-31 00:00:00,85.25154224776108,-39.3912950227452
2026-05-31 04:00:00,84.64615351761141,-39.27652534387927
2026-05-31 08:00:00,85.6858935485154,-39.47363940218259
2026-05-31 12:00:00,85.76193417289437,-39.48805519422846
2026-05-31 16:00:00,87.46263606488267,-39.81047449321656
2026-05-31 20:00:00,86.54064889183297,-39.63568403792802
2026-06-01 00:00:00,85.9130654536022,-39.51670668324633
2026-06-01 04:00:00,87.42001704372308,-39.80239477331352
2026-06-01 08:00:00,90.15488869941214,-40.32087211858115
2026-06-01 12:00:00,93.09512617540025,-40.87828274435423
2026-06-01 16:00:00,95.93518520246201,-41.41670152597831
2026-06-01 20:00:00,96.4447567006429,-41.5133061608069
2026-06-02 00:00:00,97.12169529711625,-41.64164027318786
2026-06-02 04:00:00,99.19102797293394,-42.03394464696045
2026-06-02 08:00:00,103.45729130585255,-42.84274343737644
2026-06-02 12:00:00,106.96168026254011,-43.507105978583425
2026-06-02 16:00:00,113.8574983386774,-44.814416119491455
2026-06-02 20:00:00,113.10473501965464,-44.671707145763214
2026-06-03 00:00:00,115.9104224754469,-45.20360976017068
2026-06-03 04:00:00,117.94866528780462,-45.59002011334529
2026-06-03 08:00:00,115.521842362564,-45.129942688835825
2026-06-03 12:00:00,115.3028315466354,-45.08842258817905
2026-06-03 16:00:00,119.69379977632097,-45.92086295010466
2026-06-03 20:00:00,124.24742844441417,-46.78414050035324
2026-06-04 00:00:00,131.42530067071823,-48.14492250590835
2026-06-04 04:00:00,126.86968570579292,-47.281268393232686
2026-06-04 08:00:00,130.1945738813654,-47.911601151626144
2026-06-04 12:00:00,129.60373693452962,-47.79959020184565
2026-06-04 16:00:00,130.4816369539785,-47.96602260848068
2026-06-04 20:00:00,130.1582591936296,-47.90471660812212
2026-06-05 00:00:00,131.07230117935066,-48.078000813702296
2026-06-05 04:00:00,130.2583081014582,-47.92368389385196
2026-06-05 08:00:00,135.26977818936433,-48.87375908354529
2026-06-05 12:00:00,137.40681767893906,-49.27889932439789
2026-06-05 16:00:00,139.84797648566393,-49.741694547294195
2026-06-05 20:00:00,138.87374106985527,-49.55699886294519
2026-06-06 00:00:00,140.3708907169131,-49.840828699296075
2026-06-06 04:00:00,145.43171596306178,-50.80026064668868
2026-06-06 08:00:00,140.41100527684952,-49.848433623095396
2026-06-06 12:00:00,141.41870547624353,-50.03947356572692
2026-06-06 16:00:00,142.52684320675934,-50.24955446934578
2026-06-06 20:00:00,142.79590006678515,-50.30056230593733
2026-06-07 00:00:00,142.4922557336602,-50.24299737143053
2026-06-07 04:00:00,137.7039417768107,-49.33522815180705
2026-06-07 08:00:00,133.5409658791644,-48.54601060759985
2026-06-07 12:00:00,137.66184092004207,-49.327246665580645
2026-06-07 16:00:00,136.87176976486742,-49.177464867134866
2026-06-07 20:00:00,137.75968762920894,-49.3457964581848
2026-06-08 00:00:00,130.18839908903936,-47.91043053364627
2026-06-08 04:00:00,134.27675931438196,-48.685502428418346
2026-06-08 08:00:00,132.34132895327141,-48.31858327391561
2026-06-08 12:00:00,129.14956584581958,-47.713488384277056
2026-06-08 16:00:00,130.61765510661553,-47.99180894859678
2026-06-08 20:00:00,130.81853016885927,-48.0298908705714
2026-06-09 00:00:00,134.80619378088448,-48.78587268751786
2026-06-09 04:00:00,131.86837440538773,-48.22892048556906
2026-06-09 08:00:00,133.56367875163642,-48.55031651709225
2026-06-09 12:00:00,134.44714903828853,-48.71780493575108
2026-06-09 16:00:00,139.8647304676396,-49.744870769505326
2026-06-09 20:00:00,136.54204449072878,-49.114955504237564
2026-06-10 00:00:00,137.5647282770958,-49.308836037351725
2026-06-10 04:00:00,140.2728712862826,-49.82224616213305
2026-06-10 08:00:00,140.4215844664991,-49.850439227326646
2026-06-10 12:00:00,139.11555111898787,-49.60284124537381
2026-06-10 16:00:00,136.28585537974604,-49.06638713728239
2026-06-10 20:00:00,138.07274528210374,-49.405145971150404
2026-06-11 00:00:00,138.04472122462394,-49.399833166472526
2026-06-11 04:00:00,134.09432226838462,-48.6509159881039
2026-06-11 08:00:00,133.09629447095602,-48.46170974076952
2026-06-11 12:00:00,132.8716702074582,-48.41912544194923
2026-06-11 16:00:00,134.7178899325852,-48.7691320317917
2026-06-11 20:00:00,131.21501228870477,-48.10505600547489
2026-06-12 00:00:00,130.11335161307645,-47.89620302281396
2026-06-12 04:00:00,129.89226813958382,-47.85428998745065
2026-06-12 08:00:00,130.8819189460247,-48.04190812367948
2026-06-12 12:00:00,130.90480453996042,-48.04624677773076
2026-06-12 16:00:00,128.6725091631738,-47.623047912657164
2026-06-12 20:00:00,130.97609532408865,-48.05976209440748
2026-06-13 00:00:00,130.32402861838312,-47.93614319850488
2026-06-13 04:00:00,130.70401583844858,-48.00818122803557
2026-06-13 08:00:00,129.43455626086865,-47.76751690642506
2026-06-13 12:00:00,128.0220401310072,-47.49973190392419
2026-06-13 16:00:00,128.47090003470953,-47.58482682630731
2026-06-13 20:00:00,127.39510439826525,-47.38087734133829
2026-06-14 00:00:00,126.15716648780435,-47.146188901722944
2026-06-14 04:00:00,127.1327404949564,-47.331138356403244
2026-06-14 08:00:00,126.62640752421919,-47.235147682053615
2026-06-14 12:00:00,127.18257063722407,-47.34058516163942
2026-06-14 16:00:00,128.84458292135116,-47.65566967943896
2026-06-14 20:00:00,128.5595493259362,-47.601632971151226
2026-06-15 00:00:00,121.57577284442682,-46.277647663634795
2026-06-15 04:00:00,121.49796182504534,-46.26289623986045
2026-06-15 08:00:00,121.42023716639558,-46.248161188365536
2026-06-15 12:00:00,117.52761353975252,-45.510197064941465
2026-06-15 16:00:00,114.96054078601503,-45.0235310586234
2026-06-15 20:00:00,117.71549131185537,-45.54581495886056
2026-06-16 00:00:00,118.8812748308697,-45.7668243590048
2026-06-16 04:00:00,120.65128121015407,-46.10238241224254
2026-06-16 08:00:00,116.0762350805663,-45.235044536693145
2026-06-16 12:00:00,118.10476231059283,-45.61961300843091
2026-06-16 16:00:00,121.00544657140135,-46.16952513022101
2026-06-16 20:00:00,120.59121732116415,-46.09099549189287
2026-06-17 00:00:00,121.25619495627863,-46.21706204357155
2026-06-17 04:00:00,120.42713193068137,-46.05988816095916
2026-06-17 08:00:00,124.59826891748591,-46.85065288557333
2026-06-17 12:00:00,124.1022992345687,-46.75662688475636
2026-06-17 16:00:00,120.54751879085663,-46.08271111849684
2026-06-17 20:00:00,126.72127478813783,-47.25313263101713
2026-06-18 00:00:00,126.57597285682871,-47.225586270861356
2026-06-18 04:00:00,129.1002970483088,-47.704147998857216
2026-06-18 08:00:00,126.86998796835434,-47.28132569621072
2026-06-18 12:00:00,126.96433706788196,-47.2992124114976
2026-06-18 16:00:00,134.2621211703363,-48.68272732705348
2026-06-18 20:00:00,132.54354260685852,-48.356918966221535
2026-06-19 00:00:00,132.82853302190762,-48.41094748836955
2026-06-19 04:00:00,135.28113462560037,-48.87591203829149
2026-06-19 08:00:00,134.62487942440097,-48.75149908683612
2026-06-19 12:00:00,133.64891679395566,-48.566475956898344
2026-06-19 16:00:00,133.03584195867288,-48.450249145162374
2026-06-19 20:00:00,131.83534142546154,-48.22265808868372
2026-06-20 00:00:00,130.6262911797988,-47.99344617654066
2026-06-20 04:00:00,130.39518986141354,-47.94963395676245
2026-06-20 08:00:00,131.1100839995276,-48.08516368595676
2026-06-20 12:00:00,130.08619116291493,-47.89105394093047
2026-06-20 16:00:00,128.44870532662844,-47.58061915049154
2026-06-20 20:00:00,128.91643505023623,-47.66929141593204
2026-06-21 00:00:00,127.3273544041422,-47.36803328811856
2026-06-21 04:00:00,127.40456089840092,-47.38267010593684
2026-06-21 08:00:00,128.53640464980492,-47.59724520026163
2026-06-21 12:00:00,127.73324984375753,-47.44498300148088
2026-06-21 16:00:00,127.969403264955,-47.48975299960625
2026-06-21 20:00:00,129.25319872401923,-47.733135119603595
2026-06-22 00:00:00,129.04588978725397,-47.69383346281078
2026-06-22 04:00:00,128.16496714219096,-47.52682802639539
2026-06-22 08:00:00,127.88010626823964,-47.47282406266655
2026-06-22 12:00:00,123.63297183742196,-46.66765173214624
2026-06-22 16:00:00,125.48886396451427,-47.01949201728586
2026-06-22 20:00:00,126.72369288862919,-47.25359105484141
2026-06-23 00:00:00,127.92760467074783,-47.48182881635787
2026-06-23 04:00:00,130.22467059640923,-47.91730689101056
2026-06-23 08:00:00,135.56621140138122,-48.929956932718945
2026-06-23 12:00:00,136.1249221559752,-49.03587739454821
2026-06-23 16:00:00,134.82346592725108,-48.78914714340562
2026-06-23 20:00:00,135.20043052170234,-48.86061214315594
2026-06-24 00:00:00,132.85444124145752,-48.41585917220119
2026-06-24 04:00:00,134.01849754583523,-48.63654112675665
2026-06-24 08:00:00,133.77850107207115,-48.59104256219624
2026-06-24 12:00:00,134.56304514040852,-48.739776534757944
2026-06-24 16:00:00,146.51670901744632,-51.00595377941792
2026-06-24 20:00:00,141.7409605470785,-50.100566726452776
2026-06-25 00:00:00,142.27639708444343,-50.202074858973276
2026-06-25 04:00:00,140.00670751077314,-49.7717867969027
2026-06-25 08:00:00,138.4750135709821,-49.4814080487763
2026-06-25 12:00:00,140.4973228283167,-49.86479771639446
2026-06-25 16:00:00,148.83704916033673,-51.445844183379364
2026-06-25 20:00:00,148.21533825187058,-51.32798014369949
2026-06-26 00:00:00,147.30652109042546,-51.15568646102538
2026-06-26 04:00:00,146.21241697883255,-50.94826605281534
2026-06-26 08:00:00,144.80819147922713,-50.6820527891406
2026-06-26 12:00:00,149.38811699016347,-51.550315698478286
2026-06-26 16:00:00,145.6887255009969,-50.84898455029852
2026-06-26 20:00:00,147.08668984754442,-51.11401082371394
2026-06-27 00:00:00,145.61393710722948,-50.83480615630452
2026-06-27 04:00:00,144.83271792706768,-50.686702516501214
2026-06-27 08:00:00,143.89997884290486,-50.50987371242256
2026-06-27 12:00:00,144.01224779428784,-50.53115767569298
2026-06-27 16:00:00,142.38007314300904,-50.22172978043955
2026-06-27 20:00:00,144.57359255120264,-50.637577492045125
2026-06-28 00:00:00,145.23857018631716,-50.76364404372381
2026-06-28 04:00:00,145.2947046620086,-50.77428602535902
2026-06-28 08:00:00,144.27132998978692,-50.580274514009346
2026-06-28 12:00:00,144.60161660868243,-50.64289029672301
2026-06-28 16:00:00,147.20491768942387,-51.13642447426564
2026-06-28 20:00:00,147.3371359698603,-51.161490434086446
2026-06-29 00:00:00,147.30686653335283,-51.155751950143134
2026-06-29 04:00:00,146.6030697492793,-51.022326058856706
2026-06-29 08:00:00,146.55988938336282,-51.01413991913732
2026-06-29 12:00:00,146.09017336292288,-50.925091091269735
2026-06-29 16:00:00,146.3316379691281,-50.97086798458058
2026-06-29 20:00:00,144.59086469756923,-50.64085194793289
2026-06-30 00:00:00,146.56848227618022,-51.01576896094148
2026-06-30 04:00:00,148.06252293689198,-51.29900939523257
2026-06-30 08:00:00,148.84015814668274,-51.44643358543915
2026-06-30 12:00:00,152.7260456362427,-52.18312067106699
2026-06-30 16:00:00,152.35620580216772,-52.11300638437037
2026-06-30 20:00:00,151.34423074654794,-51.921156013906625
2026-07-01 00:00:00,152.01788763521174,-52.04886797966891
2026-07-01 04:00:00,148.71895085955504,-51.42345509124681
2026-07-01 08:00:00,150.29935225209988,-51.72306780497669
2026-07-01 12:00:00,152.1819298453286,-52.07996712446289
2026-07-01 16:00:00,146.21444645603066,-50.94865080138214
2026-07-01 20:00:00,145.3249309181502,-50.7800163231626
2026-07-02 00:00:00,146.89786210739143,-51.07821283472103
2026-07-02 04:00:00,142.466477055208,-50.23811024601805
2026-07-02 08:00:00,143.6582119741382,-50.46403951613366
2026-07-02 12:00:00,139.20830254497653,-49.620425073491084
2026-07-02 16:00:00,138.60459784909764,-49.5059746540742
2026-07-02 20:00:00,139.02586549897927,-49.585838633176635
2026-07-03 00:00:00,140.21777313937307,-49.8118006478511
2026-07-03 04:00:00,139.61648654398547,-49.697808652258516
2026-07-03 08:00:00,139.0292335675207,-49.58647715207474
2026-07-03 12:00:00,137.3020621112256,-49.25903974943864
2026-07-03 16:00:00,136.78035693022213,-49.160134809348904
2026-07-03 20:00:00,133.87816135660654,-48.60993617266861
2026-07-04 00:00:00,133.96724245149233,-48.62682417890972
2026-07-04 04:00:00,134.21030473123645,-48.672903959390204
2026-07-04 08:00:00,134.84168804166788,-48.79260169436721
2026-07-04 12:00:00,134.36571086816997,-48.70236587624031
2026-07-04 16:00:00,133.2288581943197,-48.48684118970806
2026-07-04 20:00:00,131.90542315934414,-48.235944193448304
2026-07-05 00:00:00,132.95250385245393,-48.43444989550393
2026-07-05 04:00:00,133.70945566697065,-48.57795292478493
2026-07-05 08:00:00,133.28192686403105,-48.4969019554232
2026-07-05 12:00:00,134.01594990424607,-48.6360581445132
2026-07-05 16:00:00,134.48026837894653,-48.72408370491586
2026-07-05 20:00:00,134.07812963116595,-48.647846185709135
2026-07-06 00:00:00,129.62459305126728,-47.80354410733011
2026-07-06 04:00:00,131.75770312754364,-48.20793940946826
2026-07-06 08:00:00,133.3293820861733,-48.50589852297481
2026-07-06 12:00:00,138.2951241665738,-49.44730459070529
2026-07-06 16:00:00,129.75409096865093,-47.828094340348585
2026-07-06 20:00:00,129.33955945585228,-47.749507399042386
2026-07-07 00:00:00,127.71602087775686,-47.44171673173284
2026-07-07 04:00:00,132.48304691420947,-48.345450184474664
2026-07-07 08:00:00,132.46581794820875,-48.342183914726625
2026-07-07 12:00:00,130.83623411888505,-48.03324718785636
2026-07-07 16:00:00,128.6690979142664,-47.62240120761933
2026-07-07 20:00:00,129.90094739313307,-47.855935401534246
2026-07-08 00:00:00,130.2689304714737,-47.925697684222946
2026-07-08 04:00:00,133.77850107207115,-48.59104256219624
2026-07-08 08:00:00,137.1536511935705,-49.23090398722308
2026-07-08 12:00:00,137.41545375212237,-49.280536552341765
2026-07-08 16:00:00,136.74486266943873,-49.15340580249956
2026-07-08 20:00:00,136.80281072049866,-49.16439160200298
2026-07-09 00:00:00,136.6716287688443,-49.13952210953547
2026-07-09 04:00:00,135.2736644222968,-48.87449583612003
2026-07-09 08:00:00,133.33093657934637,-48.50619322400472
2026-07-09 12:00:00,134.58156951738678,-48.74328838869757
2026-07-09 16:00:00,134.2102615508705,-48.67289577325048
2026-07-09 20:00:00,131.5617074466485,-48.17078252128192
2026-07-10 00:00:00,132.42293984485366,-48.33405507798526
2026-07-10 04:00:00,128.39010957007972,-47.569510558892325
2026-07-10 08:00:00,127.53457698017556,-47.40731857263194
2026-07-10 12:00:00,127.35913515345678,-47.37405828695203
2026-07-10 16:00:00,127.99228885889073,-47.49409165365753
2026-07-10 20:00:00,129.2823454710129,-47.7386607639142
2026-07-11 00:00:00,128.06142062472316,-47.507197663348286
2026-07-11 04:00:00,127.94051560015683,-47.48427647213397
2026-07-11 08:00:00,127.44834578944028,-47.390970851612295
2026-07-11 12:00:00,127.75272418878592,-47.44867495049432
2026-07-11 16:00:00,127.81956739522462,-47.461347094779946
2026-07-11 20:00:00,126.94542406761053,-47.2956268823005
2026-07-12 00:00:00,129.33752997865423,-47.74912265047558
2026-07-12 04:00:00,128.59715942464945,-47.60876309884682
2026-07-12 08:00:00,128.6694865375597,-47.6224748828768
2026-07-12 12:00:00,128.48458821070508,-47.58742183259836
2026-07-12 16:00:00,127.82954205975146,-47.46323809305513
2026-07-12 20:00:00,127.7380428643743,-47.44589166298974
2026-07-13 00:00:00,128.28591534712317,-47.54975740374942
2026-07-13 04:00:00,134.33120975580272,-48.695825150604506
2026-07-13 08:00:00,132.02118972036632,-48.257891234036016
2026-07-13 12:00:00,134.5335097701216,-48.734177215189874
2026-07-13 16:00:00,136.0411522460971,-49.01999628349258
2026-07-13 20:00:00,136.32186780492043,-49.07321437780837
2026-07-14 00:00:00,134.8599965168165,-48.796072617608225
2026-07-14 04:00:00,134.01499993619595,-48.63587804943938
2026-07-14 08:00:00,134.15049992444207,-48.661566155878845
2026-07-14 12:00:00,128.76957862575418,-47.64145035474637
2026-07-14 16:00:00,125.44469045018162,-47.01111759635291
2026-07-14 20:00:00,126.12685387093092,-47.14044223163992
2026-07-15 00:00:00,125.03629054934314,-46.933693086886876
2026-07-15 04:00:00,125.37555868434931,-46.998011586662166
2026-07-15 08:00:00,125.2805618793329,-46.98000207927949
2026-07-15 12:00:00,123.57066256940445,-46.65583913253115
2026-07-15 16:00:00,123.75724493052974,-46.691211442258655
2026-07-15 20:00:00,124.41695456100241,-46.81627928489158
2026-07-16 00:00:00,126.07482153000153,-47.13057793327805
2026-07-16 04:00:00,125.78991747568426,-47.07656578340948
2026-07-16 08:00:00,128.04911422043693,-47.504864613528255
2026-07-16 12:00:00,128.7436272258383,-47.63653048477501
2026-07-16 16:00:00,126.50692745172817,-47.21249663345005
2026-07-16 20:00:00,128.10343512075994,-47.51516277729525
2026-07-17 00:00:00,129.0891133335365,-47.702027788669895
2026-07-17 04:00:00,130.81628478983154,-48.029465191305995
2026-07-17 08:00:00,133.39851385200575,-48.51900453266557
2026-07-17 12:00:00,132.48416960372325,-48.34566302410736
2026-07-17 16:00:00,130.34998001829902,-47.94106306847625
2026-07-17 20:00:00,128.07869277108975,-47.51047211923604
2026-07-18 00:00:00,128.98530773387307,-47.68234830878446
2026-07-18 04:00:00,128.73507751338687,-47.634909629110574
2026-07-18 08:00:00,128.57090576217223,-47.603785925897434
2026-07-18 12:00:00,127.65552518510783,-47.43024794998597
2026-07-18 16:00:00,127.28646259761925,-47.36028101380429
2026-07-18 20:00:00,125.60441462370686,-47.04139812717496
2026-07-19 00:00:00,125.17662673857184,-46.960298040974905
2026-07-19 04:00:00,125.48713674987766,-47.01916457169708
2026-07-19 08:00:00,125.54188945385978,-47.02954459686128
2026-07-19 12:00:00,126.69195531968049,-47.24757424214765
2026-07-19 16:00:00,126.27064448943295,-47.16770207690551
2026-07-19 20:00:00,126.28243272932822,-47.169936893048906
2026-07-20 00:00:00,126.20535577616722,-47.15532463364979
2026-07-20 04:00:00,126.2650742222297,-47.16664606488171
2026-07-20 08:00:00,128.38099851287132,-47.56778328341153
2026-07-20 12:00:00,125.83331374343038,-47.08479285382747
2026-07-20 16:00:00,122.08309896358011,-46.37382661919798
2026-07-20 20:00:00,122.69159668007579,-46.4891857001237
2026-07-21 00:00:00,121.82613260601087,-46.325110901727854
2026-07-21 04:00:00,122.02476228922691,-46.362767144437065
2026-07-21 08:00:00,118.98300777296905,-45.786110904183694
2026-07-21 12:00:00,117.54777877063553,-45.51401999219042
2026-07-21 16:00:00,114.98443647826196,-45.52778089305874
2026-07-21 20:00:00,114.10605452728923,-45.638653969418215
2026-07-22 00:00:00,115.49652329787814,-45.463143133834386
2026-07-22 04:00:00,113.94054723705867,-45.659544997982124
2026-07-22 08:00:00,111.39120316508671,-45.981333964211835
2026-07-22 12:00:00,109.10866825926217,-46.26944515163596
2026-07-22 16:00:00,112.9545077226914,-45.78400706627582
2026-07-22 20:00:00,110.94838036818453,-46.03722892621588
2026-07-23 00:00:00,111.84667248298996,-45.92384270496252
2026-07-23 04:00:00,108.98200848738907,-46.285432682507945
2026-07-23 08:00:00,109.08914721915271,-46.2719091796915
2026-07-23 12:00:00,106.06721238546054,-46.65335054605646
2026-07-23 16:00:00,103.40690319844764,-46.98914599734606
2026-07-23 20:00:00,105.94048775963356,-46.66934626306815
2026-07-24 00:00:00,104.81520680634581,-46.81138397333938
2026-07-24 04:00:00,107.04624767281177,-46.529772580852466
2026-07-24 08:00:00,106.94364871781778,-46.542723053888544
2026-07-24 12:00:00,103.55716980952292,-46.970178711616214
2026-07-24 16:00:00,100.73481405782232,-47.64308758269025
2026-07-24 20:00:00,99.41485437400664,-47.46935313942552
2026-07-25 00:00:00,100.01578027821569,-47.54844762139432
2026-07-25 04:00:00,99.3450096430579,-47.46016010452063
2026-07-25 08:00:00,101.24443803413041,-47.71016481155098
2026-07-25 12:00:00,99.70362470864157,-47.50736138614267
2026-07-25 16:00:00,99.18865198178891,-47.43958014926608
2026-07-25 20:00:00,98.36052856898176,-47.33058169890233
2026-07-26 00:00:00,97.32038317237745,-47.19367669823516
2026-07-26 04:00:00,97.17689982927972,-47.174791273902514
2026-07-26 08:00:00,97.48818467202092,-47.21576290319808
2026-07-26 12:00:00,97.57115250023608,-47.22668321358376
2026-07-26 16:00:00,95.90744230176888,-47.00770397608993
2026-07-26 20:00:00,96.43690641091099,-47.07739258352114
2026-07-27 00:00:00,93.43345859056781,-46.68207571033181
2026-07-27 04:00:00,92.49525042817976,-46.558587792664724
2026-07-27 08:00:00,93.24046820754553,-46.656674118782526
2026-07-27 12:00:00,93.71924357606146,-46.71969102234244
2026-07-27 16:00:00,94.88527119478537,-46.87316476980167
2026-07-27 20:00:00,94.49885506532453,-46.82230428372506
2026-07-28 00:00:00,103.65871476250801,-48.02793438317847
2026-07-28 04:00:00,104.51034779980193,-48.14002719435616
2026-07-28 08:00:00,104.03063950967935,-48.07688749870046
2026-07-28 12:00:00,103.29319607703542,-47.97982444004758
2026-07-28 16:00:00,100.20454141662114,-47.573292555442684
2026-07-28 20:00:00,100.98639191774011,-47.6762005178552
2026-07-29 00:00:00,100.75975416210592,-47.64637022471773
2026-07-29 04:00:00,100.67050466173954,-47.63462311422039
2026-07-29 08:00:00,97.87814590358691,-47.2670899992387
2026-07-29 12:00:00,98.75198247511834,-47.38210526229621
2026-07-29 16:00:00,101.6656832369049,-47.765609535870446
2026-07-29 20:00:00,103.44644399961571,-47.999995088316176
2026-07-30 00:00:00,102.35983910700186,-47.856975041278616
2026-07-30 04:00:00,100.3243907456846,-47.58906724668196
2026-07-30 08:00:00,98.55793478094192,-47.35656450637169
2026-07-30 12:00:00,94.72057943383054,-46.85148787182471
2026-07-30 16:00:00,95.38600131844363,-46.93907138068251
2026-07-30 20:00:00,95.63876087906313,-46.97233985250214
2026-07-31 00:00:00,95.96503466228401,-47.015284341470085
2026-07-31 04:00:00,98.60775279473532,-47.363121604286924
2026-07-31 08:00:00,101.50596705785206,-47.74458752907103
2026-07-31 12:00:00,102.00352524804788,-47.8100766468262
2026-07-31 16:00:00,107.49613230439319,-48.53301920386517
2026-07-31 20:00:00,106.98103518799296,-48.46522159470915
2026-08-01 00:00:00,107.07861878804515,-48.478065647928865
2026-08-01 04:00:00,105.97777129223687,-48.33317097489557
2026-08-01 08:00:00,105.90786436651436,-48.323969753850974
2026-08-01 12:00:00,106.0482379709234,-48.34244587119764
2026-08-01 16:00:00,107.11400761432279,-48.482723561429204
2026-08-01 20:00:00,108.79444820693536,-48.70390487050755
2026-08-02 00:00:00,107.7255688248472,-48.56321787329003
2026-08-02 04:00:00,103.0235817327231,-47.94433752436401
2026-08-02 08:00:00,105.4865569689661,-48.26851684339179
2026-08-02 12:00:00,105.91259116932126,-48.324591900469635
2026-08-02 16:00:00,105.57132844562072,-48.27967455182932
2026-08-02 20:00:00,103.6174174327218,-48.022498786404796
2026-08-03 00:00:00,104.7177673703398,-48.167327970320336
2026-08-03 04:00:00,107.99916363468114,-48.59922870191565
2026-08-03 08:00:00,109.54470376297682,-48.80265427394262
2026-08-03 12:00:00,108.55891659865138,-48.672903959390204
2026-08-03 16:00:00,101.86389798092416,-47.79169876315616
2026-08-03 20:00:00,101.87030404262296,-47.792541935547256
2026-08-04 00:00:00,104.44168476955491,-48.13098969610594
2026-08-04 04:00:00,100.29323116402355,-47.58496599068254
2026-08-04 08:00:00,103.03017437874314,-47.94520525517426
2026-08-04 12:00:00,101.05567689572483,-47.68531987750261
2026-08-04 16:00:00,100.77878576288093,-47.64887518347186
2026-08-04 20:00:00,98.35275422225995,-47.329558431437405
2026-08-05 00:00:00,100.54822973649891,-47.61852916353207
2026-08-05 04:00:00,99.37461435537459,-47.464056707027076
2026-08-05 08:00:00,99.72222094600014,-47.50980904191878
2026-08-05 12:00:00,98.40605514338465,-47.33657395317692
2026-08-05 16:00:00,96.35636417887304,-47.066791532584524
2026-08-05 20:00:00,95.35565026884173,-46.93507654449945
2026-08-06 00:00:00,96.46209529428967,-47.0807079701075
2026-08-06 04:00:00,95.9044569526277,-47.007311041383396
2026-08-06 08:00:00,94.61491051318774,-46.83757962044145
2026-08-06 12:00:00,97.83653759993177,-47.26161347176642
2026-08-06 16:00:00,95.75929435063807,-46.988204591278325
2026-08-06 20:00:00,97.73889180510585,-47.24876123240697
2026-08-07 00:00:00,98.495864396715,-47.34839473893173
2026-08-07 04:00:00,98.88682074466136,-47.39985281320785
2026-08-07 08:00:00,96.741909581501,-47.117537412705055
2026-08-07 12:00:00,92.43604100354649,-46.550794587651865
2026-08-07 16:00:00,89.61653525873665,-46.94235402270999
2026-08-07 20:00:00,90.5478819879818,-46.813013015143554
2026-08-08 00:00:00,90.2944731532334,-46.84820522979723
2026-08-08 04:00:00,90.79297943736161,-46.778975046190304
2026-08-08 08:00:00,90.67679688018806,-46.79510992757723
2026-08-08 12:00:00,90.76209173570814,-46.78326458340326
2026-08-08 16:00:00,91.22251890672925,-46.71932264605507
2026-08-08 20:00:00,91.19870472453849,-46.7226298465017
2026-08-09 00:00:00,90.55760807724292,-46.81166230208984
2026-08-09 04:00:00,89.44559187172332,-46.96609382789623
2026-08-09 08:00:00,89.67642439018688,-46.93403690475509
2026-08-09 12:00:00,90.47779519930631,-46.822746335269905
2026-08-09 16:00:00,92.08130311548702,-46.60005877648319
2026-08-09 20:00:00,91.5261497296623,-46.67715584036045
2026-08-10 00:00:00,90.52436253576856,-46.81627928489158
2026-08-10 04:00:00,90.75260143042915,-46.78458255189808
2026-08-10 08:00:00,92.16052653346838,-46.58905660470032
2026-08-10 12:00:00,89.95105378332313,-46.89589767980243
2026-08-10 16:00:00,84.25628115595788,-47.686760638093226
2026-08-10 20:00:00,82.79242942139491,-47.47895548131636
2026-08-11 00:00:00,83.47577153442829,-47.5759612369912
2026-08-11 04:00:00,83.57086277024197,-47.589460181388496
2026-08-11 08:00:00,82.91981361782452,-47.4970386639565
2026-08-11 12:00:00,81.80339983653118,-47.33855499898901
2026-08-11 16:00:00,86.51713409843614,-48.007706431931844
2026-08-11 20:00:00,85.20575156742416,-47.82154542857307
2026-08-12 00:00:00,85.19381470519647,-47.81985089765115
2026-08-12 04:00:00,85.03517553617074,-47.79733082728309
2026-08-12 08:00:00,84.8889345573815,-47.77657077695471
2026-08-12 12:00:00,83.0161158396613,-47.5107095172879
2026-08-12 16:00:00,86.63517640268752,-48.02446345993744
2026-08-12 20:00:00,86.01313324882331,-47.936159570784326
2026-08-13 00:00:00,86.26150071556047,-47.97141727455577
2026-08-13 04:00:00,85.47251448851213,-47.859414510914995
2026-08-13 08:00:00,85.05120668447653,-47.79960657412508
2026-08-13 12:00:00,85.44933275606998,-47.85612368274779
2026-08-13 16:00:00,88.54962997320187,-48.29623511248166
2026-08-13 20:00:00,87.07672497310915,-48.08714473176886
2026-08-14 00:00:00,86.35071001926194,-47.98408123270167
2026-08-14 04:00:00,87.3246311118375,-48.12233694642254
2026-08-14 08:00:00,89.81897398941199,-48.476428419985
2026-08-14 12:00:00,90.96260612322449,-48.63877594290004
2026-08-14 16:00:00,88.70330986613295,-48.31805117483385
2026-08-14 20:00:00,90.00592716497778,-48.502967884955275
2026-08-15 00:00:00,89.35839563862741,-48.41104572204618
2026-08-15 04:00:00,88.76951043539563,-48.32744886323171
2026-08-15 08:00:00,89.84371270388385,-48.47994027392461
2026-08-15 12:00:00,89.18395598530034,-48.386282649395014
2026-08-15 16:00:00,88.91580908018601,-48.348217099699816
2026-08-15 20:00:00,88.87740352345348,-48.3427651306467
2026-08-16 00:00:00,88.97814602737495,-48.357066316736486
2026-08-16 04:00:00,88.9539839729141,-48.353636324194056
2026-08-16 08:00:00,89.05541846884874,-48.36803574396048
2026-08-16 12:00:00,89.34628577839645,-48.409326632705096
2026-08-16 16:00:00,87.97366195421641,-48.21447194896433
2026-08-16 20:00:00,89.08211782735798,-48.37182592665055
2026-08-17 00:00:00,89.94854949388339,-48.49482267593447
2026-08-17 04:00:00,86.40266708625288,-47.99145694458885
2026-08-17 08:00:00,87.27688366292683,-48.115558822734876
2026-08-17 12:00:00,86.27436023380565,-47.97324278371319
2026-08-17 16:00:00,83.03889391009575,-47.51394304247707
2026-08-17 20:00:00,82.20388245497922,-47.28721153066896
2026-08-18 00:00:00,82.1528898228727,-47.29459542869587
2026-08-18 04:00:00,81.1726667096864,-47.43653490529046
2026-08-18 08:00:00,81.6571532475494,-47.36637968789525
2026-08-18 12:00:00,81.28403642725817,-47.42040821004325
2026-08-18 16:00:00,84.7324273066709,-46.921070059439565
2026-08-18 20:00:00,83.27608451765241,-47.13195320475091
2026-08-19 00:00:00,82.74247093178442,-47.209222177562296
2026-08-19 04:00:00,81.77134960769918,-47.34984368566206
2026-08-19 08:00:00,82.32384516598792,-47.269840542184404
2026-08-19 12:00:00,84.97071327599328,-46.88656548052231
2026-08-19 16:00:00,105.22711238390043,-43.95337338538627
2026-08-19 20:00:00,108.52179043992341,-43.476293348679626
2026-08-20 00:00:00,110.62447332081915,-43.17181806795642
2026-08-20 04:00:00,111.0315663848975,-43.11286967583706
2026-08-20 08:00:00,122.90397400800946,-41.39370665950652
2026-08-20 12:00:00,124.93881746703397,-41.09905474644661
2026-08-20 16:00:00,129.942596691397,-40.374491333743194
2026-08-20 20:00:00,129.00754332660665,-40.509890084702
2026-08-21 00:00:00,134.86587313513968,-39.6615849840002
2026-08-21 04:00:00,142.3167899049491,-38.582668141263305
2026-08-21 08:00:00,166.24166228338927,-35.118269253595976
2026-08-21 12:00:00,154.7407885607249,-36.783632959690635
2026-08-21 16:00:00,156.22392792138245,-36.56886958415229
2026-08-21 20:00:00,156.41715720801207,-36.5408893585914
2026-08-22 00:00:00,158.86565154189591,-36.18633946120466
2026-08-22 04:00:00,161.78670398196363,-35.7633616219035
2026-08-22 08:00:00,154.66667399233066,-36.79436498886276
2026-08-22 12:00:00,155.17388673652053,-36.72091894330035
2026-08-22 16:00:00,155.1045774605088,-36.73095515059633
2026-08-22 20:00:00,155.2384472530012,-36.71157037174079
2026-08-23 00:00:00,155.18734155519158,-36.71897064204713
2026-08-23 04:00:00,151.22636731069093,-37.29253252148658
2026-08-23 08:00:00,150.57335634232973,-37.38709062138531
2026-08-23 12:00:00,154.64095154487123,-36.798089682435084
2026-08-23 16:00:00,155.90660902558028,-36.61481838639726
2026-08-23 20:00:00,155.74673412137065,-36.637968789523704
2026-08-24 00:00:00,157.31778206620294,-36.41047596672171
2026-08-24 04:00:00,152.89657387715823,-37.05068120961676
2026-08-24 08:00:00,153.71081653816645,-36.932776239238294
2026-08-24 12:00:00,165.6874142067021,-35.19852616740492
2026-08-24 16:00:00,165.05204148802747,-35.290530191711206
2026-08-24 20:00:00,164.40038730810363,-35.384891824256684
2026-08-25 00:00:00,168.96631959714014,-34.72373006367998
2026-08-25 04:00:00,172.49249968029832,-34.21312778482241
2026-08-25 08:00:00,170.04485333918797,-34.567554890113364
2026-08-25 12:00:00,164.66987941148673,-35.34586849621432
2026-08-25 16:00:00,165.66497066463307,-35.20177606487353
2026-08-25 20:00:00,160.29497162786907,-35.97936929067917
2026-08-26 00:00:00,162.70134898734113,-35.63091806738339
2026-08-26 04:00:00,163.79927349747388,-35.47193504789301
2026-08-26 08:00:00,163.12986800216044,-35.56886712831038
2026-08-26 12:00:00,160.93639336166055,-35.88648934942292
2026-08-26 16:00:00,159.08047637782116,-36.15523213027095
2026-08-26 20:00:00,161.68517098056319,-35.778063928839536
2026-08-27 00:00:00,163.03048324911924,-35.58325836193708
2026-08-27 04:00:00,163.56177898807337,-35.5063250208542
2026-08-27 08:00:00,169.05677215963496,-34.71063224012895
2026-08-27 12:00:00,166.37892404697513,-35.09839330635727
2026-08-27 16:00:00,172.55055891884973,-34.2047206193306
2026-08-27 20:00:00,170.97894564550188,-34.432295303529784
2026-08-28 00:00:00,173.69252252034707,-34.039360596998804
2026-08-28 04:00:00,168.42258663084294,-34.80246435550114
2026-08-28 08:00:00,167.70444981748545,-34.90645288835662
2026-08-28 12:00:00,167.16326082950854,-34.98481880389038
2026-08-28 16:00:00,157.9337640167928,-36.321279788339176
2026-08-28 20:00:00,155.77918397816566,-36.633269945324784
2026-08-29 00:00:00,157.62379439169328,-36.366164392420615
2026-08-29 04:00:00,157.14484807328307,-36.435517368123335
2026-08-29 08:00:00,157.0605010587567,-36.447731088584675
2026-08-29 12:00:00,156.77642347967128,-36.48886644067464
2026-08-29 16:00:00,159.28325971636423,-36.12586844709749
2026-08-29 20:00:00,159.8641347661358,-36.0417558614807
2026-08-30 00:00:00,160.14645982682282,-36.000874279722034
2026-08-30 04:00:00,159.75010800454072,-36.05826730529472
2026-08-30 08:00:00,159.54805959306782,-36.087524568651844
2026-08-30 12:00:00,163.56782800319021,-35.505449103904226
2026-08-30 16:00:00,166.6933597673478,-35.052861997238004
2026-08-30 20:00:00,162.50653678086792,-35.659127504856436
2026-08-31 00:00:00,158.77372912526042,-36.1996501243884
2026-08-31 04:00:00,156.9943010895807,-36.45731705819609
2026-08-31 08:00:00,161.84775946164766,-35.754520591006546
2026-08-31 12:00:00,158.73613477897356,-36.20509390730179
2026-08-31 16:00:00,162.74533154585433,-35.6245492506817
2026-08-31 20:00:00,164.0181686987114,-35.44023831489952
2026-09-01 00:00:00,162.81560188034246,-35.6143738790105
2026-09-01 04:00:00,163.2402201284042,-35.552887783578115
2026-09-01 08:00:00,158.4698085152779,-36.24365881151987
2026-09-01 12:00:00,159.15227309930145,-36.144835732827325
2026-09-01 16:00:00,156.8457892885345,-36.47882204723894
2026-09-01 20:00:00,156.0115905309258,-36.59961672493835
2026-09-02 00:00:00,154.68193786225166,-36.792154731138524
2026-09-02 04:00:00,156.65250346905339,-36.50681045893955
2026-09-02 08:00:00,152.6516170313518,-37.08615175302089
2026-09-02 12:00:00,151.2935283383434,-37.28280738749993
2026-09-02 16:00:00,154.4459132069917,-36.826331864467
2026-09-02 20:00:00,155.77166510890828,-36.63435870190746
2026-09-03 00:00:00,153.8608547262047,-36.91105022442303
2026-09-03 04:00:00,157.86332408374992,-36.33147971842955
2026-09-03 08:00:00,158.24401630615003,-36.276354253559134
2026-09-03 12:00:00,162.81775012870173,-35.61406280570116
2026-09-03 16:00:00,175.91635530213426,-33.71734241885695
2026-09-03 20:00:00,178.76351930521415,-33.30506386416903
2026-09-04 00:00:00,175.9319018363131,-33.715091230434105
2026-09-04 04:00:00,176.48829816135952,-33.634523243315826
2026-09-04 08:00:00,176.9214528700067,-33.5718010407858
2026-09-04 12:00:00,167.34931044399016,-34.957878218073844
2026-09-04 16:00:00,168.9987694539351,-34.71903121948105
2026-09-04 20:00:00,168.72351099969302,-34.75888953377479
2026-09-05 00:00:00,168.02431269160795,-34.86013570982427
2026-09-05 04:00:00,167.60964422542054,-34.920181044666045
2026-09-05 08:00:00,168.4575804659582,-34.797397135014826
2026-09-05 12:00:00,168.7636493243001,-34.75307737457401
2026-09-05 16:00:00,170.67366824708174,-34.47650045801452
2026-09-05 20:00:00,168.95410850120328,-34.72549826985937
2026-09-06 00:00:00,169.6899966299504,-34.61893928913201
2026-09-06 04:00:00,169.67874659249006,-34.620568330936166
2026-09-06 08:00:00,169.51570584859311,-34.644177157886894
2026-09-06 12:00:00,169.99550015977664,-34.5747013900884
2026-09-06 16:00:00,168.63848559094782,-34.771201487912755
2026-09-06 20:00:00,169.9387411768112,-34.582920274366664
2026-09-07 00:00:00,171.34081242833275,-34.37989582318595
2026-09-07 04:00:00,168.87592356749678,-34.7368197010913
2026-09-07 08:00:00,167.25557897610489,-34.97145083772861
2026-09-07 12:00:00,168.21358467862834,-34.832728514043744
2026-09-07 16:00:00,164.94615545705685,-35.30586283140564
2026-09-07 20:00:00,166.12842698171602,-35.13466609145392
2026-09-08 00:00:00,166.55287563122306,-35.07320455444069
2026-09-08 04:00:00,162.9666011268573,-35.592508699819994
2026-09-08 08:00:00,161.4927331538554,-35.805929548444354
2026-09-08 12:00:00,161.67358174599354,-35.779742087482
2026-09-08 16:00:00,163.2898559720732,-35.54570035290449
2026-09-08 20:00:00,161.8884065819188,-35.7486347565483
2026-09-09 00:00:00,163.50897730471695,-35.51397087535212
2026-09-09 04:00:00,165.75248351884684,-35.1891039205879
2026-09-09 08:00:00,168.72905121914584,-34.75808729208229
2026-09-09 12:00:00,168.20962737901922,-34.8333015438241
2026-09-09 16:00:00,163.67998918068375,-35.489207802700946
2026-09-09 20:00:00,160.96172007915916,-35.88282195882863
2026-09-10 00:00:00,160.15120858635382,-36.000186643985614
2026-09-10 04:00:00,161.39097402104872,-35.82066459993926
2026-09-10 08:00:00,159.7515213258297,-36.058062651801734
2026-09-10 12:00:00,152.88848967938517,-37.051851827596636
2026-09-10 16:00:00,154.60708836678714,-36.80299318012701
2026-09-10 20:00:00,154.9919074873512,-36.747270127057085
2026-09-11 00:00:00,152.95960800664673,-37.04155366382963
2026-09-11 04:00:00,154.1209058433774,-36.87339398171381
2026-09-11 08:00:00,155.5394281547027,-36.667987363874744
2026-09-11 12:00:00,159.3161618359717,-36.1211041137808
2026-09-11 16:00:00,158.65478400557978,-36.216873762358006
2026-09-11 20:00:00,155.39470405471104,-36.68894388155638
2026-09-12 00:00:00,155.10129855511835,-36.731429946700054
2026-09-12 04:00:00,154.73564407123303,-36.7843778984051
2026-09-12 08:00:00,155.51161399173554,-36.672014944616684
2026-09-12 12:00:00,155.3984917557655,-36.688395410195184
2026-09-12 16:00:00,155.50030742142368,-36.67365217256056
2026-09-12 20:00:00,154.4374332792578,-36.82755978542491
2026-09-13 00:00:00,155.03679457148928,-36.74077033211988
2026-09-13 04:00:00,154.66362121834644,-36.79480704040762
2026-09-13 08:00:00,152.4232243110524,-37.119223757487255
2026-09-13 12:00:00,152.13841180489675,-37.16046552939357
2026-09-13 16:00:00,155.037472965708,-36.74067209844324
2026-09-13 20:00:00,155.4437745698644,-36.68183831227996
2026-09-14 00:00:00,152.39094405281202,-37.123898043267026
2026-09-14 04:00:00,157.3306715563584,-36.40860952686569
2026-09-14 08:00:00,157.5964890243901,-36.370118297905094
2026-09-14 12:00:00,157.4224243744391,-36.395323422101114
2026-09-14 16:00:00,163.47941062335147,-35.51825222642535
2026-09-14 20:00:00,165.34827363019804,-35.24763481958158
2026-09-15 00:00:00,158.86355982638813,-36.186642348374285
2026-09-15 04:00:00,156.68246588037974,-36.50247180488827
2026-09-15 08:00:00,153.47643133560163,-36.966715974514926
2026-09-15 12:00:00,153.2369581763965,-37.00139246236628
2026-09-15 16:00:00,150.01656428732244,-37.46771591148164
2026-09-15 20:00:00,147.45698290012467,-37.838351573416986
2026-09-16 00:00:00,146.53470595978672,-37.97190025679921
2026-09-16 04:00:00,147.05435593131955,-37.896653260498525
2026-09-16 08:00:00,146.3306788985092,-38.00144403504651
2026-09-16 12:00:00,147.64212798898131,-37.811541965835964
2026-09-16 16:00:00,146.51152749064735,-37.97525657408416
2026-09-16 20:00:00,148.83129652153062,-37.639346516838486
2026-09-17 00:00:00,149.76086619971986,-37.50474182143246
2026-09-17 04:00:00,150.87478950684383,-37.3434421244015
2026-09-17 08:00:00,151.07163689597323,-37.31493798589856
2026-09-17 12:00:00,151.98724295982723,-37.18235526700323
2026-09-17 16:00:00,152.08261388040776,-37.168545249296606
2026-09-17 20:00:00,150.96637272636983,-37.33018057805608
2026-09-18 00:00:00,151.15852788881986,-37.30235588914985
2026-09-18 04:00:00,156.73249745400975,-36.49522707123661
2026-09-18 08:00:00,160.66820151386335,-35.925324396251746
2026-09-18 12:00:00,159.3733730817497,-36.11281974038477
2026-09-18 16:00:00,175.22309294346297,-33.81772905023588
2026-09-18 20:00:00,176.71143332646395,-33.60221254984337
2026-09-19 00:00:00,179.8714501300728,-33.144631897948315
2026-09-19 04:00:00,176.22519427020268,-33.67262153756989
2026-09-19 08:00:00,177.8533969279613,-33.436852527511576
2026-09-19 12:00:00,177.95509952791647,-33.42212566215638
2026-09-19 16:00:00,180.83539178201005,-33.0050500295929
2026-09-19 20:00:00,176.9676402097306,-33.56511296463506
2026-09-20 00:00:00,177.74801969265482,-33.45211149194853
2026-09-20 04:00:00,172.88071077195588,-34.15691356336933
2026-09-20 08:00:00,171.93350284408027,-34.29407233436779
2026-09-20 12:00:00,173.22759634912362,-34.10668341005112
2026-09-20 16:00:00,177.9777692013917,-33.418843020128904
2026-09-20 20:00:00,176.60876966803238,-33.617078579573786
2026-09-21 00:00:00,179.5251298814207,-33.19478018986933
2026-09-21 04:00:00,178.35088602168298,-33.3648144979809
2026-09-21 08:00:00,191.6925824568205,-31.432893710343272
2026-09-21 12:00:00,200.5286671555353,-30.15340007220176
2026-09-21 16:00:00,204.140607574509,-29.630379419389858
2026-09-21 20:00:00,210.01872388108768,-28.77920916978628
2026-09-22 00:00:00,203.73809367140697,-29.68866473419195
2026-09-22 04:00:00,201.25794094064992,-30.047798869821555
2026-09-22 08:00:00,205.62097682544015,-29.41601716469776
2026-09-22 12:00:00,204.49167658269198,-29.579543491732412
2026-09-22 16:00:00,206.73670918381407,-29.254455511195776
2026-09-22 20:00:00,205.84846502011467,-29.383076138466922
2026-09-23 00:00:00,206.94118850790392,-29.224846243830726
2026-09-23 04:00:00,210.95304231880792,-28.64391683864382
2026-09-23 08:00:00,203.79055615765392,-29.681067996532352
2026-09-23 12:00:00,201.59097596918568,-29.999574320734588
2026-09-23 16:00:00,193.26419573016838,-31.205319026144075
2026-09-23 20:00:00,194.36579487565237,-31.04580390757194
2026-09-24 00:00:00,194.84711557382806,-30.97610711400101
2026-09-24 04:00:00,193.30942201141573,-31.198770114368568
2026-09-24 08:00:00,191.12725394122774,-31.514755107537233
2026-09-24 12:00:00,190.81213982663633,-31.560384650333145
2026-09-24 16:00:00,195.87787905630833,-30.826849228497267
2026-09-24 20:00:00,195.15030125674048,-30.932204846685885
2026-09-25 00:00:00,196.3848656690919,-30.753435927493733
2026-09-25 04:00:00,194.22531073952754,-31.06614646477464
2026-09-25 08:00:00,195.4071300013742,-30.89501521394068
2026-09-25 12:00:00,195.71659083080974,-30.8502042851167
2026-09-25 16:00:00,191.59206704674807,-31.44744866676436
2026-09-25 20:00:00,192.40489638646739,-31.329748349878887
2026-09-26 00:00:00,192.5406317630611,-31.31009342841262
2026-09-26 04:00:00,192.9136920505008,-31.25607309240433
2026-09-26 08:00:00,194.2931501613987,-31.05632309711137
2026-09-26 12:00:00,193.34277639383566,-31.19394029193413
2026-09-26 16:00:00,193.72776511295436,-31.138192680445037
2026-09-26 20:00:00,193.22089156587393,-31.21158960916913
2026-09-27 00:00:00,194.7793326848084,-30.98592229552457
2026-09-27 04:00:00,194.91269368163685,-30.966611191926496
2026-09-27 08:00:00,197.5719990189851,-30.58153517952614
2026-09-27 12:00:00,197.58336212214854,-30.579889765442548
2026-09-27 16:00:00,195.45767037066824,-30.887696805031535
2026-09-27 20:00:00,196.16998430031515,-30.78455144456715
2026-09-28 00:00:00,193.84083081607292,-31.12182040100625
2026-09-28 04:00:00,190.16738265460285,-31.653747573832845
2026-09-28 08:00:00,187.18126090239028,-32.08614765995104
2026-09-28 12:00:00,190.6735778074645,-31.58044887878538
2026-09-28 16:00:00,191.48397623456677,-31.463100565907844
2026-09-28 20:00:00,190.49408600376378,-31.60643987239446
2026-09-29 00:00:00,188.44584425891972,-31.90303190056788
2026-09-29 04:00:00,188.60012241082498,-31.880691925273652
2026-09-29 08:00:00,192.33711349744772,-31.339563531402458
2026-09-29 12:00:00,194.93106685839362,-30.963950696517696
2026-09-29 16:00:00,187.74246251981918,-32.0048838509566
2026-09-29 20:00:00,190.88071417557774,-31.55045486285352
2026-09-30 00:00:00,189.95905909660684,-31.683913498698818
2026-09-30 04:00:00,188.58333215391184,-31.883123208770307
2026-09-30 08:00:00,187.74890726489699,-32.00395063102858
2026-09-30 12:00:00,200.34391779663952,-30.18015237680474
2026-09-30 16:00:00,195.0248548591304,-30.950369890723223
2026-09-30 20:00:00,191.20634340055915,-31.503302698069792
2026-10-01 00:00:00,190.2737774812373,-31.638341258880935
2026-10-01 04:00:00,193.6712887942466,-31.146370634024716
2026-10-01 08:00:00,190.60132882317177,-31.590910765346763
2026-10-01 12:00:00,191.55701667878128,-31.452524073390382
2026-10-01 16:00:00,194.19139102859205,-31.07105814860628
2026-10-01 20:00:00,196.6335536831012,-30.717425098868105
2026-10-02 00:00:00,197.48657788027907,-30.593904436642145
2026-10-02 04:00:00,208.04256152198164,-29.065363869817467
2026-10-02 08:00:00,205.69011650289713,-29.406005515820947
2026-10-02 12:00:00,208.93510218239956,-28.936121095927653
2026-10-02 16:00:00,199.60723820797062,-30.28682596348819
2026-10-02 20:00:00,195.64445491222008,-30.860649799398654
2026-10-03 00:00:00,196.78116095852246,-30.69605108806077
2026-10-03 04:00:00,196.31261668479908,-30.763897814055124
2026-10-03 08:00:00,196.531851083146,-30.7321519642233
2026-10-03 12:00:00,198.0696011784099,-30.509480777716018
2026-10-03 16:00:00,197.95659200814288,-30.525844871015096
2026-10-03 20:00:00,197.2879214398998,-30.6226705316161
2026-10-04 00:00:00,197.51546616742593,-30.589721319245538
2026-10-04 04:00:00,197.63949924374694,-30.57176092870118
2026-10-04 08:00:00,199.30461785357377,-30.33064636940611
2026-10-04 12:00:00,199.42593735301998,-30.313078913568287
2026-10-04 16:00:00,200.81698469848757,-30.111650759632834
2026-10-04 20:00:00,203.36345046412362,-29.74291428211239
2026-10-05 00:00:00,208.0444836389348,-29.065085541066992
