CANDLE_START,PROFIT_PORTFOLIO,PROFIT_BTC
2026-07-01 00:00:00,0.0,0.0
2026-07-01 01:00:00,-0.33337331231581696,0.33216675771647874
2026-07-01 02:00:00,-0.8721129463367828,0.8689565692433856
2026-07-01 03:00:00,-1.0642348022753965,1.060383092051357
2026-07-01 04:00:00,-1.309008978137208,1.304271373941554
2026-07-01 05:00:00,-0.9909019258447221,0.9873156241464047
2026-07-01 06:00:00,-0.3080666164073803,0.3069516525539534
2026-07-01 07:00:00,-0.33008361318623075,0.32888896476372764
2026-07-01 08:00:00,-0.6819100815571231,0.6794420923244955
2026-07-01 09:00:00,-0.631468028236597,0.6291826003824058
2026-07-01 10:00:00,-0.1438900692207706,0.14336929800601766
2026-07-01 11:00:00,-0.07886710986224638,0.07858167167440495
2026-07-01 12:00:00,0.06509149475702959,-0.06485591368478202
2026-07-01 13:00:00,-1.5797923377424405,1.5740747063643843
2026-07-01 14:00:00,-1.6551298745802148,1.649139579349889
2026-07-01 15:00:00,-2.6919847851415253,2.6822418738049802
2026-07-01 16:00:00,-2.3027893907203056,2.294455066921618
2026-07-01 17:00:00,-2.7664313617983725,2.756419011199132
2026-07-01 18:00:00,-2.7331231581111766,2.723231357552586
2026-07-01 19:00:00,-2.488982934685766,2.479974733679309
2026-07-01 20:00:00,-2.655746693167022,2.646134935809888
2026-07-01 21:00:00,-3.837965184017554,3.824074706364364
2026-07-01 22:00:00,-3.2588753341100776,3.2470807156514683
2026-07-01 23:00:00,-2.480981426907018,2.472002185195308
2026-07-02 00:00:00,-2.0316119525735252,2.024259082217979
2026-07-02 01:00:00,-2.741278870536642,2.731357552581266
2026-07-02 02:00:00,-3.164793365773433,3.153339251570601
2026-07-02 03:00:00,-4.252621478993917,4.237230264954929
2026-07-02 04:00:00,-3.789973271194586,3.7762564872985593
2026-07-02 05:00:00,-3.3043314371873094,3.2923723026495546
2026-07-02 06:00:00,-2.9093448015900254,2.8988152144222887
2026-07-02 07:00:00,-2.696850798437404,2.687090275880909
2026-07-02 08:00:00,-3.317096155164162,3.3050908221797313
2026-07-02 09:00:00,-4.468507984373944,4.4523354274788325
2026-07-02 10:00:00,-4.605030498252356,4.588363835017768
2026-07-02 11:00:00,-4.766654101843622,4.749402485659665
2026-07-02 12:00:00,-5.082807895277929,5.0644120458890916
2026-07-02 13:00:00,-5.762182167089316,5.741327506145868
2026-07-02 14:00:00,-5.346806250428351,5.327454930346912
2026-07-02 15:00:00,-5.20343019669661,5.184597787489759
2026-07-02 16:00:00,-5.322356247001571,5.303093417099154
2026-07-02 17:00:00,-5.296741141799732,5.27757101884731
2026-07-02 18:00:00,-5.457747926804204,5.43799508331057
2026-07-02 19:00:00,-4.974984579535326,4.956978967495205
2026-07-02 20:00:00,-5.155198409978756,5.136540562687786
2026-07-02 21:00:00,-5.168014529504496,5.149310297732868
2026-07-02 22:00:00,-4.950414639161154,4.9324979513794105
2026-07-02 23:00:00,-5.11274073058736,5.094236547391415
2026-07-03 00:00:00,-4.682252758549804,4.665306610215788
2026-07-03 01:00:00,-5.160715509560699,5.142037694618956
2026-07-03 02:00:00,-4.907151668836965,4.889391559683158
2026-07-03 03:00:00,-4.896854225207322,4.879131384867532
2026-07-03 04:00:00,-4.920841614694003,4.903031958481292
2026-07-03 05:00:00,-5.353454184086096,5.334078803605584
2026-07-03 06:00:00,-5.369765608937026,5.350331193662944
2026-07-03 07:00:00,-5.4390891645535016,5.419403851406716
2026-07-03 08:00:00,-5.153861969707371,5.135208959300739
2026-07-03 09:00:00,-5.384620656569124,5.365132477465182
2026-07-03 10:00:00,-5.723493934617233,5.70277929527451
2026-07-03 11:00:00,-5.907785621273391,5.886403987981422
2026-07-03 12:00:00,-5.839198821191147,5.818065419284343
2026-07-03 13:00:00,-6.065399904050445,6.043447828462176
2026-07-03 14:00:00,-6.153587828113229,6.131316580169367
2026-07-03 15:00:00,-5.734219724487693,5.713466266047531
2026-07-03 16:00:00,-6.046209992461116,6.024327369571155
2026-07-03 17:00:00,-6.199026797340842,6.17659109532915
2026-07-03 18:00:00,-6.216177780823802,6.193680005462995
2026-07-03 19:00:00,-6.226440956754187,6.20390603660202
2026-07-03 20:00:00,-7.197793160167235,7.171742693253219
2026-07-03 21:00:00,-7.12082790761428,7.095055995629612
2026-07-03 22:00:00,-6.856966623260914,6.832149685878187
2026-07-03 23:00:00,-6.865979028168049,6.841129472821635
2026-07-04 00:00:00,-7.162446028373659,7.136523490849497
2026-07-04 01:00:00,-6.6692481666781145,6.645110625512167
2026-07-04 02:00:00,-6.7900760742923785,6.765501229172361
2026-07-04 03:00:00,-6.941419368103631,6.916296776836931
2026-07-04 04:00:00,-7.065999588787612,7.040426113083854
2026-07-04 05:00:00,-6.6745253923651715,6.650368751707168
2026-07-04 06:00:00,-6.723339729970538,6.699006419011212
2026-07-04 07:00:00,-6.853539853334249,6.828735318219059
2026-07-04 08:00:00,-6.815468439448984,6.790801693526357
2026-07-04 09:00:00,-6.713042286340907,6.688746244195566
2026-07-04 10:00:00,-6.745596600644242,6.721182736957116
2026-07-04 11:00:00,-6.692498800630531,6.668277110079216
2026-07-04 12:00:00,-7.004334863957247,6.9789845670581805
2026-07-04 13:00:00,-6.875539716263448,6.85065555859055
2026-07-04 14:00:00,-7.05570214515798,7.030165938268226
2026-07-04 15:00:00,-7.48284901651704,7.455766866976235
2026-07-04 16:00:00,-7.455434857103696,7.428451925703365
2026-07-04 17:00:00,-8.060413953807133,8.03124146408084
2026-07-04 18:00:00,-7.876053731752459,7.847548484020758
2026-07-04 19:00:00,-8.084983894181361,8.055722480196671
2026-07-04 20:00:00,-7.980570214515803,7.95168669762361
2026-07-04 21:00:00,-8.090329655266935,8.061048893744879
2026-07-04 22:00:00,-7.896974162154755,7.868393198579615
2026-07-04 23:00:00,-7.8267596463573526,7.798432805244472
2026-07-05 00:00:00,-7.565091494757052,7.537711690794861
2026-07-05 01:00:00,-7.388013158796546,7.3612742420103725
2026-07-05 02:00:00,-7.054965389623749,7.029431849221533
2026-07-05 03:00:00,-7.184291686656173,7.158290084676329
2026-07-05 04:00:00,-7.2647351106846685,7.2384423654739125
2026-07-05 05:00:00,-7.135391679802637,7.109567058180814
2026-07-05 06:00:00,-7.206805565074379,7.180722480196666
2026-07-05 07:00:00,-7.614642587896663,7.58708344714558
2026-07-05 08:00:00,-7.434377355904344,7.407470636438132
2026-07-05 09:00:00,-6.932663970940989,6.907573067467915
2026-07-05 10:00:00,-7.1621547529299185,7.136233269598481
2026-07-05 11:00:00,-6.995613734493874,6.970295001365749
2026-07-05 12:00:00,-7.143119045987274,7.1172664572521205
2026-07-05 13:00:00,-7.223631005414307,7.19748702540289
2026-07-05 14:00:00,-7.2583270509218085,7.23205749795139
2026-07-05 15:00:00,-7.134552121170598,7.108730538104348
2026-07-05 16:00:00,-6.9588787608800144,6.933692980060095
2026-07-05 17:00:00,-6.937375779590173,6.912267822999185
2026-07-05 18:00:00,-7.272171201425542,7.245851543294202
2026-07-05 19:00:00,-7.18401754506204,7.158016935263577
2026-07-05 20:00:00,-7.1184463025152604,7.0926830101065335
2026-07-05 21:00:00,-7.737663628264013,7.709659246107627
2026-07-05 22:00:00,-8.841066410801186,8.809068560502602
2026-07-05 23:00:00,-8.693715303954495,8.662250751160892
2026-07-06 00:00:00,-8.885597285998221,8.853438268232733
2026-07-06 01:00:00,-8.566924816667806,8.535919147773834
2026-07-06 02:00:00,-8.368189294770763,8.337902895383776
2026-07-06 03:00:00,-8.08375025700775,8.054493307839378
2026-07-06 04:00:00,-8.039185114111445,8.010089456432663
2026-07-06 05:00:00,-7.77534096360772,7.74720021851952
2026-07-06 06:00:00,-7.538893838667677,7.511608850040983
2026-07-06 07:00:00,-7.733225961208974,7.705237639989073
2026-07-06 08:00:00,-7.415547255157316,7.388708686151335
2026-07-06 09:00:00,-7.005637036529384,6.980282026768643
2026-07-06 10:00:00,-7.27513535741212,7.248804971319313
2026-07-06 11:00:00,-6.695634295113444,6.671401256487289
2026-07-06 12:00:00,-5.44515454732371,5.425447282163354
2026-07-06 13:00:00,-5.469484613803041,5.449689292543037
2026-07-06 14:00:00,-5.955726132547471,5.934170991532377
2026-07-06 15:00:00,-8.515489000068555,8.4846694892106
2026-07-06 16:00:00,-8.834212870947859,8.802239825184387
2026-07-06 17:00:00,-8.58642313755055,8.555346899754152
2026-07-06 18:00:00,-8.773216366253186,8.741464080852218
2026-07-06 19:00:00,-8.845384140908777,8.813370663753064
2026-07-06 20:00:00,-8.998697827427883,8.96612947282164
2026-07-06 21:00:00,-10.132924405455434,10.096251024310313
2026-07-06 22:00:00,-9.711465972174633,9.676317945916416
2026-07-06 23:00:00,-9.365396477280525,9.331500956022948
2026-07-07 00:00:00,-9.642913439791647,9.608013520895922
2026-07-07 01:00:00,-9.019258446987877,8.986615678776293
2026-07-07 02:00:00,-8.13174216983073,8.102311526905238
2026-07-07 03:00:00,-7.907288739634017,7.878670445233545
2026-07-07 04:00:00,-7.751370707970668,7.723316716744062
2026-07-07 05:00:00,-7.799345486944019,7.7711178639715826
2026-07-07 06:00:00,-8.162565965321088,8.133023763998914
2026-07-07 07:00:00,-7.722534439037772,7.694584812892654
2026-07-07 08:00:00,-7.758207113974379,7.730128380223977
2026-07-07 09:00:00,-8.01864162840106,7.989620322316293
2026-07-07 10:00:00,-8.06661640737441,8.037421469543835
2026-07-07 11:00:00,-8.27564937290112,8.24569789674952
2026-07-07 12:00:00,-8.404821465286824,8.374402485659656
2026-07-07 13:00:00,-7.675964635734356,7.648183556405369
2026-07-07 14:00:00,-8.543023096429318,8.512103933351543
2026-07-07 15:00:00,-9.174336920019195,9.14113288718929
2026-07-07 16:00:00,-9.264735110684672,9.231203906036598
2026-07-07 17:00:00,-9.612089644301289,9.577301283802244
2026-07-07 18:00:00,-8.745099719004868,8.71344919420924
2026-07-07 19:00:00,-8.981546843944889,8.949040562687795
2026-07-07 20:00:00,-8.775940648344877,8.74417850314122
2026-07-07 21:00:00,-8.306387499143309,8.276324774651744
2026-07-07 22:00:00,-8.524124460283739,8.49327369571154
2026-07-07 23:00:00,-8.20367007059147,8.173979104069936
2026-07-08 00:00:00,-8.629925981769592,8.598692297186554
2026-07-08 01:00:00,-7.645140840243987,7.617471319311655
2026-07-08 02:00:00,-7.545730244671386,7.5184205135209
2026-07-08 03:00:00,-7.179082996367645,7.153100245834479
2026-07-08 04:00:00,-7.2373380851209745,7.211144496039344
2026-07-08 05:00:00,-6.959564114865348,6.93437585359192
2026-07-08 06:00:00,-6.993711877184561,6.968400027314932
2026-07-08 07:00:00,-7.388715646631497,7.3619741873805005
2026-07-08 08:00:00,-5.8980878623809225,5.876741327506148
2026-07-08 09:00:00,-5.965441025289579,5.943850723845934
2026-07-08 10:00:00,-6.180385168939768,6.158016935263599
2026-07-08 11:00:00,-6.380628469604545,6.357535509423647
2026-07-08 12:00:00,-5.794205332054025,5.773234771920254
2026-07-08 13:00:00,-5.773233500102808,5.752338841846491
2026-07-08 14:00:00,-5.677866493043665,5.6573169898934825
2026-07-08 15:00:00,-5.359485299157035,5.340088090685618
2026-07-08 16:00:00,-6.0602940168597135,6.038360420650098
2026-07-08 17:00:00,-6.045884449318085,6.024003004643554
2026-07-08 18:00:00,-6.184154615859081,6.161772739688611
2026-07-08 19:00:00,-6.342916866561602,6.319960393335168
2026-07-08 20:00:00,-6.03730039065179,6.015450013657481
2026-07-08 21:00:00,-6.187324378041276,6.164931029773287
2026-07-08 22:00:00,-6.432732506339543,6.409450969680424
2026-07-08 23:00:00,-6.363511753820844,6.340480742966405
2026-07-09 00:00:00,-6.089353025837857,6.067314258399334
2026-07-09 01:00:00,-5.722705777534102,5.701993990712912
2026-07-09 02:00:00,-5.504763210198078,5.4848402075935505
2026-07-09 03:00:00,-5.822664656294969,5.801591095329135
2026-07-09 04:00:00,-6.644061407717093,6.6200150232176975
2026-07-09 05:00:00,-6.876859022685227,6.851970090139316
2026-07-09 06:00:00,-7.511411143855816,7.484225621414926
2026-07-09 07:00:00,-7.580015077787677,7.552581261950288
2026-07-09 08:00:00,-7.41493043657049,7.38809409997268
2026-07-09 09:00:00,-7.500171338496337,7.47302649549304
2026-07-09 10:00:00,-7.213419231032833,7.187312209778754
2026-07-09 11:00:00,-7.2139332465218295,7.187824364927618
2026-07-09 12:00:00,-6.918682749640179,6.893642447418729
2026-07-09 13:00:00,-7.628589541498182,7.600979923518164
2026-07-09 14:00:00,-7.607429237201021,7.579896203223157
2026-07-09 15:00:00,-7.353933931875827,7.327318355640548
2026-07-09 16:00:00,-7.066016722637253,7.040443184922156
2026-07-09 17:00:00,-7.824669316702085,7.796350040972411
2026-07-09 18:00:00,-7.955297786306646,7.92650573613767
2026-07-09 19:00:00,-8.005105887190739,7.97613357006282
2026-07-09 20:00:00,-8.11695565759716,8.08757853045615
2026-07-09 21:00:00,-8.05049345486943,8.021356869707716
2026-07-09 22:00:00,-7.954869440065796,7.926078940180277
2026-07-09 23:00:00,-7.974093619354394,7.945233542747881
2026-07-10 00:00:00,-7.775221026660282,7.747080715651465
2026-07-10 01:00:00,-8.864813926392992,8.832730128380234
2026-07-10 02:00:00,-9.228274278664935,9.194875034143676
2026-07-10 03:00:00,-9.20293331505723,9.169625785304566
2026-07-10 04:00:00,-9.375436913165663,9.341505053264125
2026-07-10 05:00:00,-9.49213556301829,9.457781343895121
2026-07-10 06:00:00,-9.044462339798505,9.011728352909044
2026-07-10 07:00:00,-9.230004797477912,9.196599289811532
2026-07-10 08:00:00,-9.714909875950958,9.679749385413826
2026-07-10 09:00:00,-9.953207456651361,9.917184512428294
2026-07-10 10:00:00,-9.992118429168679,9.9559546571975
2026-07-10 11:00:00,-10.021897059831412,9.985625512155146
2026-07-10 12:00:00,-9.784524707011172,9.749112264408634
2026-07-10 13:00:00,-10.122678363374702,10.086042065009552
2026-07-10 14:00:00,-9.147539579192667,9.114432532095059
2026-07-10 15:00:00,-9.361935439654602,9.328052444687255
2026-07-10 16:00:00,-9.533291069837594,9.498787899481028
2026-07-10 17:00:00,-8.991827153724891,8.959283665665103
2026-07-10 18:00:00,-8.967856898087874,8.935400163889645
2026-07-10 19:00:00,-9.152696867932297,9.119571155422024
2026-07-10 20:00:00,-9.021400178192044,8.988749658563222
2026-07-10 21:00:00,-9.313943526831611,9.280234225621413
2026-07-10 22:00:00,-9.48579603865398,9.451464763725768
2026-07-10 23:00:00,-9.57048865739156,9.535850860420643
2026-07-11 00:00:00,-9.505859776574608,9.471455886369839
2026-07-11 01:00:00,-9.31558837639641,9.28187312209778
2026-07-11 02:00:00,-9.564183400726488,9.529568423927893
2026-07-11 03:00:00,-9.551127407305875,9.51655968314668
2026-07-11 04:00:00,-9.55383455554796,9.519257033597379
2026-07-11 05:00:00,-9.594972928517599,9.560246517344986
2026-07-11 06:00:00,-9.668802686587618,9.633809068560499
2026-07-11 07:00:00,-9.571276814474691,9.53663616498224
2026-07-11 08:00:00,-9.74912617366871,9.713841846490045
2026-07-11 09:00:00,-9.58011788088548,9.545445233542747
2026-07-11 10:00:00,-9.629223493934608,9.594373122097789
2026-07-11 11:00:00,-9.632650263861295,9.597787489756897
2026-07-11 12:00:00,-9.628349667603322,9.59350245834472
2026-07-11 13:00:00,-9.697176341580441,9.662080032777927
2026-07-11 14:00:00,-9.893204715235413,9.857398934717288
2026-07-11 15:00:00,-9.594527448427119,9.559802649549308
2026-07-11 16:00:00,-9.60182646837094,9.567075252663203
2026-07-11 17:00:00,-9.834024398601873,9.798432805244465
2026-07-11 18:00:00,-9.85537317524502,9.819704315760717
2026-07-11 19:00:00,-9.78342814063464,9.748019666757717
2026-07-11 20:00:00,-9.948684120348155,9.912677547118268
2026-07-11 21:00:00,-9.90334795421836,9.867505462988257
2026-07-11 22:00:00,-9.641354259475026,9.606459983611026
2026-07-11 23:00:00,-8.983277362757878,8.950764818355651
2026-07-12 00:00:00,-8.99950311836063,8.966931849221522
2026-07-12 01:00:00,-9.522325406072236,9.487861922971858
2026-07-12 02:00:00,-9.414005208690297,9.37993376126741
2026-07-12 03:00:00,-9.676735658967884,9.64171332969135
2026-07-12 04:00:00,-9.293280104173819,9.259645588636987
2026-07-12 05:00:00,-9.224744705640463,9.191358235454796
2026-07-12 06:00:00,-8.886402576930992,8.854240644632615
2026-07-12 07:00:00,-9.096823384277986,9.063899890740235
2026-07-12 08:00:00,-9.264580906037965,9.231050259491958
2026-07-12 09:00:00,-9.227623192378884,9.194226304288456
2026-07-12 10:00:00,-9.063395243643352,9.030592734225614
2026-07-12 11:00:00,-9.324258104310882,9.290511472275343
2026-07-12 12:00:00,-9.33794805016792,9.304151871073476
2026-07-12 13:00:00,-9.333047769172783,9.299269325320962
2026-07-12 14:00:00,-9.641354259475026,9.606459983611026
2026-07-12 15:00:00,-9.594955794667959,9.560229445506684
2026-07-12 16:00:00,-9.597868549105604,9.563131658016927
2026-07-12 17:00:00,-9.42704406826127,9.392925430210319
2026-07-12 18:00:00,-9.546963881844968,9.512411226440861
2026-07-12 19:00:00,-9.685062709889651,9.650010243102972
2026-07-12 20:00:00,-9.634175176478644,9.599306883365188
2026-07-12 21:00:00,-9.157014598039899,9.123873258672504
2026-07-12 22:00:00,-9.099564800219326,9.066631384867536
2026-07-12 23:00:00,-8.916455349187858,8.884184649003013
2026-07-13 00:00:00,-9.416780892330898,9.382699399071296
2026-07-13 01:00:00,-8.285946816530751,8.255958071565168
2026-07-13 02:00:00,-8.224230690151463,8.194465310024588
2026-07-13 03:00:00,-7.248320882735951,7.222087544386779
2026-07-13 04:00:00,-7.018024809814273,6.992624965856333
2026-07-13 05:00:00,-7.235624700157627,7.209437312209791
2026-07-13 06:00:00,-7.233140291960821,7.2069618956569395
2026-07-13 07:00:00,-7.555205263518608,7.527861240098326
2026-07-13 08:00:00,-7.934634363648834,7.905917099153226
2026-07-13 09:00:00,-7.751387841820309,7.723333788582363
2026-07-13 10:00:00,-7.353659790281683,7.327045206227796
2026-07-13 11:00:00,-7.41208621753135,7.385260174815624
2026-07-13 12:00:00,-6.937752724282103,6.912643403441692
2026-07-13 13:00:00,-6.411486532794195,6.388281890193927
2026-07-13 14:00:00,-7.2233739976697935,7.197230947828459
2026-07-13 15:00:00,-6.92551915564391,6.900454110898663
2026-07-13 16:00:00,-6.339524364334186,6.316580169352626
2026-07-13 17:00:00,-5.703841409087794,5.683197896749531
2026-07-13 18:00:00,-5.900897813720782,5.879541108986619
2026-07-13 19:00:00,-6.360479062435773,6.337459027588105
2026-07-13 20:00:00,-6.228137207867884,6.205596148593273
2026-07-13 21:00:00,-5.978102940168611,5.956466812346338
2026-07-13 22:00:00,-5.736412857240781,5.715651461349365
2026-07-13 23:00:00,-6.4397916523884655,6.416484567058167
2026-07-14 00:00:00,-6.808203687204445,6.783563234089048
2026-07-14 01:00:00,-6.792577616338846,6.767993717563512
2026-07-14 02:00:00,-6.798711534507583,6.774105435673321
2026-07-14 03:00:00,-6.848211226098283,6.823425976509152
2026-07-14 04:00:00,-7.143495990679205,7.117642037694627
2026-07-14 05:00:00,-7.129394832430956,7.103591914777383
2026-07-14 06:00:00,-6.93586800082243,6.910765501229177
2026-07-14 07:00:00,-6.827702008087198,6.802990986069368
2026-07-14 08:00:00,-7.089729970529778,7.064070609123182
2026-07-14 09:00:00,-6.945291618120775,6.920155012291734
2026-07-14 10:00:00,-7.2373380851209745,7.211144496039344
2026-07-14 11:00:00,-7.314423274621346,7.2879506965310075
2026-07-14 12:00:00,-9.2248646425879,9.19147773832287
2026-07-14 13:00:00,-9.019275580837517,8.986632750614595
2026-07-14 14:00:00,-9.816016722637235,9.780490303195833
2026-07-14 15:00:00,-10.568141319991769,10.529892788855493
2026-07-14 16:00:00,-10.544171064354762,10.506009287080033
2026-07-14 17:00:00,-10.358148858885617,10.320660338705265
2026-07-14 18:00:00,-10.273421972448789,10.236240098333788
2026-07-14 19:00:00,-10.2693269823864,10.232159928981154
2026-07-14 20:00:00,-10.273490507847317,10.236308385686975
2026-07-14 21:00:00,-10.453190322801728,10.415357825730673
2026-07-14 22:00:00,-10.768436022205467,10.729462578530464
2026-07-14 23:00:00,-11.082139675142216,11.042030865883643
2026-07-15 00:00:00,-10.706223014186847,10.667474733679324
2026-07-15 01:00:00,-10.448821191145239,10.411004506965305
2026-07-15 02:00:00,-10.134449318072807,10.097770417918603
2026-07-15 03:00:00,-10.650418065931074,10.611871756350723
2026-07-15 04:00:00,-10.571602357617714,10.533341300191204
2026-07-15 05:00:00,-10.910938249605932,10.871449057634528
2026-07-15 06:00:00,-10.688095401274769,10.649412728762634
2026-07-15 07:00:00,-10.234630936878899,10.197589456432675
2026-07-15 08:00:00,-10.609296826811073,10.570899344441418
2026-07-15 09:00:00,-10.444503461037648,10.406702403714846
2026-07-15 10:00:00,-10.429374271811394,10.391627970499854
2026-07-15 11:00:00,-10.547854842025908,10.509679732313574
2026-07-15 12:00:00,-11.28778013844151,11.246927069106805
2026-07-15 13:00:00,-11.208947296278533,11.168379541108985
2026-07-15 14:00:00,-11.691813446645199,11.649498087954104
2026-07-15 15:00:00,-11.739445548625877,11.69695779841574
2026-07-15 16:00:00,-11.213744774175874,11.173159655831745
2026-07-15 17:00:00,-11.102905900897817,11.06272193389784
2026-07-15 18:00:00,-10.766911109588106,10.727943184922154
2026-07-15 19:00:00,-10.967959701185665,10.928264135482122
2026-07-15 20:00:00,-10.951973819477775,10.912336110352362
2026-07-15 21:00:00,-10.722894249880067,10.684085632340889
2026-07-15 22:00:00,-10.778784867384008,10.739773968860979
2026-07-15 23:00:00,-10.589198821191156,10.550874078120746
2026-07-16 00:00:00,-10.29413679665548,10.256879950833117
2026-07-16 01:00:00,-10.544188198204381,10.506026358918334
2026-07-16 02:00:00,-10.393410321431036,10.355794181917515
2026-07-16 03:00:00,-10.355613049139901,10.318133706637528
2026-07-16 04:00:00,-10.40718593653624,10.369519939907137
2026-07-16 05:00:00,-10.86627030361183,10.826942775198042
2026-07-16 06:00:00,-10.625248440819693,10.586793225894555
2026-07-16 07:00:00,-9.701185662394618,9.666074842939091
2026-07-16 08:00:00,-9.510742923720105,9.47632136028407
2026-07-16 09:00:00,-9.447604687821267,9.413411636164971
2026-07-16 10:00:00,-9.672640668905494,9.6376331603387
2026-07-16 11:00:00,-9.732934685765194,9.69770895930074
2026-07-16 12:00:00,-9.235162086217533,9.201737913138498
2026-07-16 13:00:00,-9.937632787334673,9.901666211417645
2026-07-16 14:00:00,-10.224641902542679,10.187636574706366
2026-07-16 15:00:00,-10.500873826331315,10.462868751707196
2026-07-16 16:00:00,-10.122678363374702,10.086042065009552
2026-07-16 17:00:00,-9.411675005140166,9.377611991259217
2026-07-16 18:00:00,-9.714909875950958,9.679749385413826
2026-07-16 19:00:00,-9.759166609553827,9.723845943731204
2026-07-16 20:00:00,-9.489188540881365,9.454844987708274
2026-07-16 21:00:00,-9.570951271331648,9.53631180005462
2026-07-16 22:00:00,-9.238571722294555,9.205135208959305
2026-07-16 23:00:00,-9.002467274347197,8.969885277246654
2026-07-17 00:00:00,-9.098074155301214,9.065146134935812
2026-07-17 01:00:00,-8.515934480159014,8.485113357006295
2026-07-17 02:00:00,-8.40586663011447,8.375443867795688
2026-07-17 03:00:00,-8.556644506887814,8.525676044796509
2026-07-17 04:00:00,-8.412737303817437,8.382289674952206
2026-07-17 05:00:00,-7.305462271263109,7.279022125102445
2026-07-17 06:00:00,-7.490919059694338,7.463807702813444
2026-07-17 07:00:00,-7.285501336440279,7.259133433488129
2026-07-17 08:00:00,-7.388115961894331,7.361376673040146
2026-07-17 09:00:00,-7.561956000274139,7.53458754438677
2026-07-17 10:00:00,-7.888287300390652,7.859737776563787
2026-07-17 11:00:00,-8.090620930710731,8.061339114995917
2026-07-17 12:00:00,-7.750925227880222,7.722872848948385
2026-07-17 13:00:00,-7.843859228291403,7.81547049986343
2026-07-17 14:00:00,-7.878144061407738,7.84963124829282
2026-07-17 15:00:00,-8.354465081214455,8.324228352909039
2026-07-17 16:00:00,-8.597765746007816,8.566648456705812
2026-07-17 17:00:00,-9.378829415393069,9.344885277246648
2026-07-17 18:00:00,-9.738417517647889,9.703171947555326
2026-07-17 19:00:00,-9.568912343225291,9.534280251297465
2026-07-17 20:00:00,-9.49900623672128,9.464627151051621
2026-07-17 21:00:00,-9.48187238708794,9.447555312756077
2026-07-17 22:00:00,-9.269412651634577,9.235864517891283
2026-07-17 23:00:00,-9.176324446576665,9.143113220431578
2026-07-18 00:00:00,-9.139263929819776,9.106186834198322
2026-07-18 01:00:00,-9.212836680145301,9.179493307839385
2026-07-18 02:00:00,-9.237903502158874,9.20446940726578
2026-07-18 03:00:00,-9.32396682886711,9.290221251024306
2026-07-18 04:00:00,-9.238554588444938,9.205118137121003
2026-07-18 05:00:00,-9.2384860530464,9.205049849767834
2026-07-18 06:00:00,-9.258566924816689,9.225058044250206
2026-07-18 07:00:00,-9.298111849770418,9.264459847036333
2026-07-18 08:00:00,-9.30369748475089,9.27002526632067
2026-07-18 09:00:00,-9.272428209170041,9.2388691614313
2026-07-18 10:00:00,-9.321550956068833,9.287814121824645
2026-07-18 11:00:00,-9.413148516208619,9.37908016935264
2026-07-18 12:00:00,-9.666917963127945,9.631931166347984
2026-07-18 13:00:00,-9.47501884723461,9.44072657743786
2026-07-18 14:00:00,-9.509286546501283,9.474870254028966
2026-07-18 15:00:00,-9.504351997806875,9.46995356459985
2026-07-18 16:00:00,-9.813360975944093,9.777844168260042
2026-07-18 17:00:00,-10.11632170516073,10.079708413001915
2026-07-18 18:00:00,-10.171355630183003,10.134543157607219
2026-07-18 19:00:00,-10.2405421150024,10.203479240644633
2026-07-18 20:00:00,-10.480792954561048,10.442860557224805
2026-07-18 21:00:00,-10.547118086491677,10.508945643266863
2026-07-18 22:00:00,-10.672760605852945,10.634133433488117
2026-07-18 23:00:00,-10.722740045233362,10.683931985796228
2026-07-19 00:00:00,-10.65053800287851,10.611991259218797
2026-07-19 01:00:00,-10.605835789185106,10.567450833105706
2026-07-19 02:00:00,-10.708673154684405,10.669916006555589
2026-07-19 03:00:00,-10.503358234528143,10.465344168260048
2026-07-19 04:00:00,-10.52732849016516,10.489227670035506
2026-07-19 05:00:00,-10.53390788842439,10.495783255941008
2026-07-19 06:00:00,-10.512798985676106,10.474750751160888
2026-07-19 07:00:00,-10.511702419299585,10.473658153509971
2026-07-19 08:00:00,-10.505602768830107,10.467580579076749
2026-07-19 09:00:00,-10.167209238571726,10.1304117727397
2026-07-19 10:00:00,-10.31286409430472,10.275539470090141
2026-07-19 11:00:00,-10.094647385374552,10.058112537558046
2026-07-19 12:00:00,-10.049259817695859,10.012889237913146
2026-07-19 13:00:00,-10.12149612774998,10.084864108167164
2026-07-19 14:00:00,-10.309557261325484,10.272244605299106
2026-07-19 15:00:00,-10.296278527859656,10.259013930620046
2026-07-19 16:00:00,-10.216434788568316,10.179459164162799
2026-07-19 17:00:00,-10.23209512713317,10.195062824364918
2026-07-19 18:00:00,-10.013004591871693,9.976765228079753
2026-07-19 19:00:00,-10.08597765746009,10.0494741873805
2026-07-19 20:00:00,-10.21175724761839,10.174798552308113
2026-07-19 21:00:00,-10.005739839627177,9.969526768642446
2026-07-19 22:00:00,-10.449369474333494,10.411550805790775
2026-07-19 23:00:00,-10.531389212528282,10.493273695711554
2026-07-20 00:00:00,-10.242341169213894,10.205271783665658
2026-07-20 01:00:00,-10.369422931944355,10.331893608303755
2026-07-20 02:00:00,-10.710712082790751,10.671947555312764
2026-07-20 03:00:00,-10.783702282228786,10.744673586451794
2026-07-20 04:00:00,-10.21864505517102,10.181661431302915
2026-07-20 05:00:00,-9.512713316427947,9.478284621688056
2026-07-20 06:00:00,-9.152868206428634,9.119741873804966
2026-07-20 07:00:00,-9.773164964704279,9.737793635618692
2026-07-20 08:00:00,-9.379052155438302,9.345107211144496
2026-07-20 09:00:00,-9.63522034130629,9.60034826550122
2026-07-20 10:00:00,-9.80943732437805,9.77393471729037
2026-07-20 11:00:00,-11.010228908231106,10.970380360557229
2026-07-20 12:00:00,-10.389966417654732,10.352362742420103
2026-07-20 13:00:00,-9.882821602357623,9.84705340071019
2026-07-20 14:00:00,-10.006185319717646,9.96997063643814
2026-07-20 15:00:00,-12.03267425125079,11.98912523900574
2026-07-20 16:00:00,-11.878041258309928,11.835051898388418
2026-07-20 17:00:00,-12.01422109519568,11.97073886916143
2026-07-20 18:00:00,-11.418014529504502,11.376690111991275
2026-07-20 19:00:00,-11.250085669248174,11.209369024856592
2026-07-20 20:00:00,-11.636591049276971,11.594475553127555
2026-07-20 21:00:00,-11.496847371667478,11.455237639989075
2026-07-20 22:00:00,-11.250068535398533,11.209351953018288
2026-07-20 23:00:00,-11.444571996436178,11.403151461349358
2026-07-21 00:00:00,-11.980004797477905,11.936646408085231
2026-07-21 01:00:00,-11.410372832568044,11.369076072111458
2026-07-21 02:00:00,-11.716143513124539,11.673740098333786
2026-07-21 03:00:00,-11.977897333973008,11.934546571974867
2026-07-21 04:00:00,-11.901189089164557,11.858115951925711
2026-07-21 05:00:00,-12.294496607497784,12.24999999999999
2026-07-21 06:00:00,-12.571105475978362,12.525607757443327
2026-07-21 07:00:00,-13.040333082036875,12.99313712100518
2026-07-21 08:00:00,-13.108148858885633,13.060707456978982
2026-07-21 09:00:00,-13.22046124323214,13.172613357006291
2026-07-21 10:00:00,-13.028579261188412,12.981425839934449
2026-07-21 11:00:00,-13.31229867726682,13.264118410270417
2026-07-21 12:00:00,-13.677643752998447,13.628141218246395
2026-07-21 13:00:00,-14.066890548968544,14.015979240644624
2026-07-21 14:00:00,-13.922008515328491,14.11209369024857
2026-07-21 15:00:00,-14.348573133078352,13.829110898661565
2026-07-21 16:00:00,-14.694770876960353,13.599443458071553
2026-07-21 17:00:00,-15.55443651526578,13.0291416279705
2026-07-21 18:00:00,-15.266217178948333,13.220346216880625
2026-07-21 19:00:00,-14.945032756039577,13.433419830647352
2026-07-21 20:00:00,-15.043310402949933,13.368222480196684
2026-07-21 21:00:00,-15.098818359060367,13.331398524993181
2026-07-21 22:00:00,-15.307211232765603,13.193150778475829
2026-07-21 23:00:00,-14.658357451880955,13.623600109259765
2026-07-22 00:00:00,-14.491576244856539,13.734242693253215
2026-07-22 01:00:00,-14.974523770273452,13.413855503960676
2026-07-22 02:00:00,-15.28122002475843,13.210393335154313
2026-07-22 03:00:00,-15.54916107205639,13.032641354821099
2026-07-22 04:00:00,-15.108983237439421,13.324655148866437
2026-07-22 05:00:00,-16.154164339629894,12.631282436492755
2026-07-22 06:00:00,-16.258566647437007,12.56202198852772
2026-07-22 07:00:00,-16.492358850155235,12.406924337612669
2026-07-22 08:00:00,-16.120555906305714,12.653578257306751
2026-07-22 09:00:00,-16.274856186712814,12.551215514886643
2026-07-22 10:00:00,-15.971145061068292,12.752697350450715
2026-07-22 11:00:00,-16.05519187824802,12.696940726577436
2026-07-22 12:00:00,-17.026259436814,12.052734908494944
2026-07-22 13:00:00,-16.21466466638723,12.591146544659914
2026-07-22 14:00:00,-16.61974150325983,12.322418738049718
2026-07-22 15:00:00,-15.967619520972267,12.75503619229719
2026-07-22 16:00:00,-15.500240986490363,13.065094919420913
2026-07-22 17:00:00,-16.027733839689915,12.715156378038783
2026-07-22 18:00:00,-16.358594197460746,12.495663753072947
2026-07-22 19:00:00,-16.287234177852874,12.543003960666491
2026-07-22 20:00:00,-16.296266765982125,12.537011745424739
2026-07-22 21:00:00,-15.903078976732616,12.797852362742423
2026-07-22 22:00:00,-15.975905826891413,12.749539060366018
2026-07-22 23:00:00,-15.794945257874934,12.869588227260328
2026-07-23 00:00:00,-15.93982694211309,12.773473777656383
2026-07-23 01:00:00,-16.527048105990573,12.38391149959028
2026-07-23 02:00:00,-16.590507827719055,12.341812346353453
2026-07-23 03:00:00,-16.95801321539311,12.098009423654748
2026-07-23 04:00:00,-17.076517683584346,12.019393608303739
2026-07-23 05:00:00,-16.88472315558669,12.146630019120453
2026-07-23 06:00:00,-16.629983583246812,12.315624146408087
2026-07-23 07:00:00,-17.525187695074944,11.721746107620854
2026-07-23 08:00:00,-17.034005331477534,12.047596285167998
2026-07-23 09:00:00,-17.018770880843608,12.057702813438947
2026-07-23 10:00:00,-16.758652929817114,12.23026495493035
2026-07-23 11:00:00,-17.234189100871546,11.914794455066927
2026-07-23 12:00:00,-18.233100706035362,11.252116907948638
2026-07-23 13:00:00,-18.97176569082607,10.762086861513259
2026-07-23 14:00:00,-18.894589816753218,10.813285304561587
2026-07-23 15:00:00,-18.77011509088111,10.895861786397173
2026-07-23 16:00:00,-19.288704025298003,10.551830101065285
2026-07-23 17:00:00,-19.483174875704357,10.42281821906583
2026-07-23 18:00:00,-18.99976414063975,10.743512701447688
2026-07-23 19:00:00,-19.056841862778356,10.705647364108174
2026-07-23 20:00:00,-18.28338468667502,11.218758535919148
2026-07-23 21:00:00,-18.225972424235366,11.25684580715651
2026-07-23 22:00:00,-18.16004225105275,11.300583856869702
2026-07-23 23:00:00,-18.40827115445615,11.135908904670849
2026-07-24 00:00:00,-18.72989305314326,10.922545069653102
2026-07-24 01:00:00,-18.44164798295649,11.11376673040153
2026-07-24 02:00:00,-18.361898721952212,11.166672357279431
2026-07-24 03:00:00,-17.487693447484368,11.746619776017475
2026-07-24 04:00:00,-17.844622214870338,11.50983337885823
2026-07-24 05:00:00,-17.826608506350507,11.52178366566513
2026-07-24 06:00:00,-17.448320627433848,11.772739688609674
2026-07-24 07:00:00,-17.37639446270106,11.820455476645725
2026-07-24 08:00:00,-17.885333196125167,11.48282573067468
2026-07-24 09:00:00,-18.371831995507453,11.160082627697342
2026-07-24 10:00:00,-18.79162860562767,10.881589729582082
2026-07-24 11:00:00,-18.448261587370197,11.109379267959579
2026-07-24 12:00:00,-19.229078650097343,10.59138555039607
2026-07-24 13:00:00,-20.836287458106824,9.52516388964764
2026-07-24 14:00:00,-20.588661268120827,9.353865064190115
2026-07-24 15:00:00,-20.68424192752909,9.419984293908758
2026-07-24 16:00:00,-20.34898159753648,9.188063370663741
2026-07-24 17:00:00,-20.89684904883102,9.5670581808249
2026-07-24 18:00:00,-21.123893217835953,9.724119093143957
2026-07-24 19:00:00,-21.008692980779966,9.644427751980333
2026-07-24 20:00:00,-20.872737945231247,9.550378994810165
2026-07-24 21:00:00,-20.835152263775317,9.524378585086042
2026-07-24 22:00:00,-20.869727142120528,9.548296230538105
2026-07-24 23:00:00,-20.798109514027864,9.498753755804424
2026-07-25 00:00:00,-20.634292210347986,9.38543089319858
2026-07-25 01:00:00,-20.620472130495543,9.375870663753078
2026-07-25 02:00:00,-20.580961509345883,9.348538650641888
2026-07-25 03:00:00,-20.66328969932418,9.405490303195856
2026-07-25 04:00:00,-20.90045214107826,9.569550669216072
2026-07-25 05:00:00,-20.5118611100835,9.300737503414366
2026-07-25 06:00:00,-20.47731091045232,9.276836929800606
2026-07-25 07:00:00,-20.460529384917137,9.265228079759629
2026-07-25 08:00:00,-20.146764214837937,9.048176727670022
2026-07-25 09:00:00,-20.452607517715993,9.259748019666741
2026-07-25 10:00:00,-20.62538319458598,9.379267959573905
2026-07-25 11:00:00,-20.610600644886627,9.36904192843486
2026-07-25 12:00:00,-20.758154676025804,9.471114449603935
2026-07-25 13:00:00,-20.877106077613185,9.553400710188466
2026-07-25 14:00:00,-20.980855391362834,9.625170718382973
2026-07-25 15:00:00,-20.901784791635468,9.570472548484029
2026-07-25 16:00:00,-20.96249442813025,9.612469270691061
2026-07-25 17:00:00,-21.112541009385712,9.716266047528011
2026-07-25 18:00:00,-21.479242021042705,9.969936492761535
2026-07-25 19:00:00,-21.41110409162721,9.922801147227519
2026-07-25 20:00:00,-21.291091505336862,9.839780797596278
2026-07-25 21:00:00,-21.301629316224375,9.847070472548472
2026-07-25 22:00:00,-21.46939521414782,9.96312482928162
2026-07-25 23:00:00,-21.378083972265397,9.89995902758809
2026-07-26 00:00:00,-21.703818318645407,10.125290221251019
2026-07-26 01:00:00,-21.592788784259202,10.048484020759355
2026-07-26 02:00:00,-21.754582433389235,10.160406992624967
2026-07-26 03:00:00,-21.827236567470816,10.210666484567057
2026-07-26 04:00:00,-21.760752111894803,10.164674952198844
2026-07-26 05:00:00,-21.483437402426496,9.97283870527178
2026-07-26 06:00:00,-21.533559870605743,10.007511608850052
2026-07-26 07:00:00,-21.36574461525426,9.89142310844032
2026-07-26 08:00:00,-21.637235148213325,10.079230401529635
2026-07-26 09:00:00,-21.78034701082851,10.178229991805523
2026-07-26 10:00:00,-21.724573117138153,10.1396476372576
2026-07-26 11:00:00,-21.704706752350212,10.125904807429675
2026-07-26 12:00:00,-21.604313743707603,10.056456569243377
2026-07-26 13:00:00,-21.730989582783955,10.144086315214418
2026-07-26 14:00:00,-22.21219982750432,10.476970090139307
2026-07-26 15:00:00,-22.347957433340866,10.570882272603118
2026-07-26 16:00:00,-22.26446934380349,10.513128243649266
2026-07-26 17:00:00,-22.17323213806314,10.450013657470624
2026-07-26 18:00:00,-22.26498759679796,10.513486752253472
2026-07-26 19:00:00,-22.16908611410739,10.447145588636984
2026-07-26 20:00:00,-22.05437945133185,10.367795684239283
2026-07-26 21:00:00,-22.570115216969384,10.724562960939629
2026-07-26 22:00:00,-23.938944768928973,11.67146954384048
2026-07-26 23:00:00,-23.907627480834705,11.649805381043441
2026-07-27 00:00:00,-23.24613923018159,11.192211827369576
2026-07-27 01:00:00,-23.429403360511035,11.318987298552312
2026-07-27 02:00:00,-23.34497747984082,11.26058453974324
2026-07-27 03:00:00,-23.62137907689032,11.451789128653363
2026-07-27 04:00:00,-23.61841763120766,11.449740508057925
2026-07-27 05:00:00,-24.076405206033037,11.766559683146678
2026-07-27 06:00:00,-23.949013684250055,11.678434853865074
2026-07-27 07:00:00,-23.468346371238184,11.345926659382673
2026-07-27 08:00:00,-23.322717279792744,11.245185741600666
2026-07-27 09:00:00,-23.56750544417969,11.414521305654205
2026-07-27 10:00:00,-23.743168530590257,11.536038650641899
2026-07-27 11:00:00,-23.169240357288196,11.139015979240657
2026-07-27 12:00:00,-23.132740539249255,11.11376673040153
2026-07-27 13:00:00,-23.456944805359907,11.338039470090143
2026-07-27 14:00:00,-22.149170391891417,10.433368615132474
2026-07-27 15:00:00,-21.81985763197817,10.205562004916695
2026-07-27 16:00:00,-22.670064008759606,10.79370390603659
2026-07-27 17:00:00,-22.969392131135788,11.000768232723303
2026-07-27 18:00:00,-22.619423287585892,10.758672493854132
2026-07-27 19:00:00,-22.881017656222028,10.939633979786949
2026-07-27 20:00:00,-22.823392858980014,10.899771237366844
2026-07-27 21:00:00,-22.479371585509476,10.661789811526909
2026-07-27 22:00:00,-19.93931494476668,8.904670854957665
2026-07-27 23:00:00,-19.85012607229019,8.842973231357542
2026-07-28 00:00:00,-19.18878589392121,8.385482108713468
2026-07-28 01:00:00,-18.55441954997861,7.946650505326418
2026-07-28 02:00:00,-18.442773047741827,7.869417508877344
2026-07-28 03:00:00,-18.833289018430328,8.139562278066096
2026-07-28 04:00:00,-18.850860262814166,8.151717426932523
2026-07-28 05:00:00,-19.099276198162396,8.323562551215515
2026-07-28 06:00:00,-19.56575325061148,8.646254438677964
2026-07-28 07:00:00,-19.23347904501555,8.416399207866709
2026-07-28 08:00:00,-19.041207184068007,8.283392515706092
2026-07-28 09:00:00,-18.95707744796604,8.225194618956566
2026-07-28 10:00:00,-19.153223867015107,8.36088158972958
2026-07-28 11:00:00,-19.095302925204813,8.32081398524993
2026-07-28 12:00:00,-19.333822696230122,8.485813302376403
2026-07-28 13:00:00,-18.241419420034063,7.730128380223977
2026-07-28 14:00:00,-19.002634354051164,8.256709232450143
2026-07-28 15:00:00,-20.2761053550287,9.137650232176995
2026-07-28 16:00:00,-20.559392313290413,9.333617863971593
2026-07-28 17:00:00,-19.67742443156226,8.723504506965323
2026-07-28 18:00:00,-19.797387660424565,8.806490712919961
2026-07-28 19:00:00,-20.215716541816175,9.095875443867808
2026-07-28 20:00:00,-20.249156199316364,9.119007784758272
2026-07-28 21:00:00,-20.384617660584627,9.212715105162536
2026-07-28 22:00:00,-19.91885629084221,8.89051830101065
2026-07-28 23:00:00,-20.242863127240668,9.114654465992887
2026-07-29 00:00:00,-20.339085433213537,9.181217563507243
2026-07-29 01:00:00,-19.724758205056986,8.756248292816172
2026-07-29 02:00:00,-20.40317605352938,9.225553127560769
2026-07-29 03:00:00,-19.843141996221853,8.838141901119915
2026-07-29 04:00:00,-20.3744993878355,9.205715651461357
2026-07-29 05:00:00,-20.618769299227992,9.374692706910672
2026-07-29 06:00:00,-21.52768633666844,10.003448511335723
2026-07-29 07:00:00,-21.83710805307973,10.217495219885274
2026-07-29 08:00:00,-21.482499611293644,9.97218997541654
2026-07-29 09:00:00,-22.175206435184926,10.451379404534276
2026-07-29 10:00:00,-21.612112217338645,10.061851270144775
2026-07-29 11:00:00,-21.705175647916644,10.126229172357295
2026-07-29 12:00:00,-21.135763679280643,9.732330647364108
2026-07-29 13:00:00,-22.09302631749073,10.3945301830101
2026-07-29 14:00:00,-20.719186986584642,9.44415801693527
2026-07-29 15:00:00,-20.363813504663867,9.19832354547939
2026-07-29 16:00:00,-19.979615284765075,8.932549166894285
2026-07-29 17:00:00,-21.11853793689312,9.72041450423383
2026-07-29 18:00:00,-21.69031906207523,10.115951925703365
2026-07-29 19:00:00,-19.439472270959502,8.558897842119638
2026-07-29 20:00:00,-19.273014344879247,8.443748292816164
2026-07-29 21:00:00,-20.10713020011816,9.020759355367378
2026-07-29 22:00:00,-20.310729590801937,9.161602021305642
2026-07-29 23:00:00,-20.41383725798701,9.232928161704454
2026-07-30 00:00:00,-19.704176157562426,8.742010379677685
2026-07-30 01:00:00,-21.109085989422585,9.713875990166612
2026-07-30 02:00:00,-20.921503084139246,9.584112947282161
2026-07-30 03:00:00,-20.852378006162866,9.536294728216339
2026-07-30 04:00:00,-20.511836431369463,9.300720431576066
2026-07-30 05:00:00,-20.536268358251526,9.317621551488667
2026-07-30 06:00:00,-20.457567939234497,9.26317945916417
2026-07-30 07:00:00,-20.516796852887957,9.304151871073476
2026-07-30 08:00:00,-21.21276126703017,9.785594782846214
2026-07-30 09:00:00,-21.853297289478345,10.22869434580716
2026-07-30 10:00:00,-21.861095763109397,10.234089046708556
2026-07-30 11:00:00,-22.39731486138541,10.605025949194204
2026-07-30 12:00:00,-22.735413243490598,10.838910133843205
2026-07-30 13:00:00,-22.974821448220702,11.004524037148334
2026-07-30 14:00:00,-22.14058219941166,10.427427615405628
2026-07-30 15:00:00,-22.254918681476877,10.506521442228896
2026-07-30 16:00:00,-22.47137568216627,10.656258535919154
2026-07-30 17:00:00,-22.60461605917253,10.748429390876806
2026-07-30 18:00:00,-22.187052217915625,10.459573886916143
2026-07-30 19:00:00,-22.42692931821215,10.625512155148856
2026-07-30 20:00:00,-22.371081388379736,10.586878585086044
2026-07-30 21:00:00,-22.267825648910513,10.515450013657459
2026-07-30 22:00:00,-22.553185619150128,10.712851679868898
2026-07-30 23:00:00,-22.37762124759563,10.591402622234353
2026-07-31 00:00:00,-22.241616854618876,10.497319721387601
2026-07-31 01:00:00,-21.844536346000442,10.22263384321224
2026-07-31 02:00:00,-21.187539621299408,9.768147364108163
2026-07-31 03:00:00,-21.36574461525426,9.89142310844032
2026-07-31 04:00:00,-21.19299361709831,9.771920240371477
2026-07-31 05:00:00,-21.348617587722792,9.879575252663193
2026-07-31 06:00:00,-21.025104325604783,9.655780524446877
2026-07-31 07:00:00,-20.32926330503269,9.174422971865608
2026-07-31 08:00:00,-20.04299022237427,8.97638964763725
2026-07-31 09:00:00,-19.75150993105716,8.774754165528536
2026-07-31 10:00:00,-20.25192021528684,9.120919830647352
2026-07-31 11:00:00,-19.97265588741078,8.92773490849494
2026-07-31 12:00:00,-19.84556051019606,8.839814941272884
2026-07-31 13:00:00,-18.652887618927476,8.014767140125668
2026-07-31 14:00:00,-17.20012576057814,7.00979923518163
2026-07-31 15:00:00,-17.285292002669006,7.068714149139585
2026-07-31 16:00:00,-17.666109238746746,7.332149685878175
2026-07-31 17:00:00,-18.590475151165144,7.97159246107621
2026-07-31 18:00:00,-18.22555100691772,7.719151188199959
2026-07-31 19:00:00,-17.91566039494002,7.504780114722748
2026-07-31 20:00:00,-17.870498348279245,7.473538650641887
2026-07-31 21:00:00,-17.855888549578054,7.4634321223709374
2026-07-31 22:00:00,-17.861367224091005,7.467222070472553
2026-07-31 23:00:00,-17.70806305258461,7.361171810980601
2026-08-01 00:00:00,-17.831777445978286,7.4467529363562015
2026-08-01 01:00:00,-17.92308868786073,7.509918738049713
2026-08-01 02:00:00,-18.170023900367617,7.680739552034957
2026-08-01 03:00:00,-17.995816858084382,7.560229445506689
2026-08-01 04:00:00,-18.2685906841726,7.748924474187377
2026-08-01 05:00:00,-18.034118222246935,7.5867249385413755
2026-08-01 06:00:00,-18.183769944078016,7.69024856596559
2026-08-01 07:00:00,-18.109289585158777,7.638725757989623
2026-08-01 08:00:00,-18.29632955873364,7.768113220431566
2026-08-01 09:00:00,-18.115977516658823,7.643352226167704
2026-08-01 10:00:00,-18.122961592727126,7.648183556405369
2026-08-01 11:00:00,-18.172319020771685,7.682327232996437
2026-08-01 12:00:00,-18.24062970118534,7.7295820813985285
2026-08-01 13:00:00,-18.15583363980481,7.670923245015025
2026-08-01 14:00:00,-18.29699588401221,7.768574160065544
2026-08-01 15:00:00,-18.002183966302123,7.564633979786942
2026-08-01 16:00:00,-17.81773525769962,7.437039060366023
2026-08-01 17:00:00,-17.26431509575007,7.054203086588363
2026-08-01 18:00:00,-16.94963681325203,6.836520076481836
2026-08-01 19:00:00,-16.824417018302988,6.749897568970222
2026-08-01 20:00:00,-17.150941083531734,6.975775061458618
2026-08-01 21:00:00,-17.522651874135263,7.232911089866158
2026-08-01 22:00:00,-17.56838153121853,7.264545206227808
2026-08-01 23:00:00,-17.549526993705534,7.251502321770012
2026-08-02 00:00:00,-17.575069462718577,7.26917167440589
2026-08-02 01:00:00,-17.94001828568001,7.521630019120462
2026-08-02 02:00:00,-19.099202162020347,8.323511335700628
2026-08-02 03:00:00,-19.124793988461438,8.341214832013092
2026-08-02 04:00:00,-19.440804921516683,8.559819721387594
2026-08-02 05:00:00,-19.103372864690098,8.326396476372572
2026-08-02 06:00:00,-19.1754840670632,8.376280387872173
2026-08-02 07:00:00,-19.2340960128661,8.416826003824083
2026-08-02 08:00:00,-18.463503167520525,7.883757853045605
2026-08-02 09:00:00,-18.66080948612863,8.020247200218519
2026-08-02 10:00:00,-18.49074846780111,7.902605162523891
2026-08-02 11:00:00,-18.06370800035965,7.6071940726577445
2026-08-02 12:00:00,-18.294453976467924,7.766815760721123
2026-08-02 13:00:00,-18.29798303257312,7.76925703359737
2026-08-02 14:00:00,-18.155957033374918,7.671008604206496
2026-08-02 15:00:00,-18.254104279041528,7.738903305107899
2026-08-02 16:00:00,-18.42986608030815,7.860488937448783
2026-08-02 17:00:00,-18.725813218863312,8.065214422289003
2026-08-02 18:00:00,-18.927512348567376,8.204742556678518
2026-08-02 19:00:00,-19.110134832332225,8.331074160065558
2026-08-02 20:00:00,-19.20517256003199,8.396817809341691
2026-08-02 21:00:00,-19.411190464689962,8.539333515432942
2026-08-02 22:00:00,-19.03256963416022,8.277417372302661
2026-08-02 23:00:00,-19.391447493472146,8.525676044796509
2026-08-03 00:00:00,-18.76855675154988,8.094782846216875
2026-08-03 01:00:00,-18.508344390898994,7.914777383228637
2026-08-03 02:00:00,-18.3337178104774,7.793977055449332
2026-08-03 03:00:00,-17.665146768899877,7.331483884184651
2026-08-03 04:00:00,-17.46650779973458,7.194072657743783
2026-08-03 05:00:00,-17.55823857975539,7.257528680688348
2026-08-03 06:00:00,-17.055853998403915,6.9099972685058795
2026-08-03 07:00:00,-17.049684319898322,6.905729308931985
2026-08-03 08:00:00,-16.85324175628102,6.769837476099425
2026-08-03 09:00:00,-17.583484904200176,7.274993171264681
2026-08-03 10:00:00,-17.34807465114168,7.112144905763457
2026-08-03 11:00:00,-16.89892205593626,6.801437448784492
2026-08-03 12:00:00,-17.244399373534105,7.040426113083854
2026-08-03 13:00:00,-18.851205764810484,8.151956432668653
2026-08-03 14:00:00,-20.371661335722944,9.203752390057371
2026-08-03 15:00:00,-19.699709310324398,8.738920376946197
2026-08-03 16:00:00,-19.900964223176064,8.878141218246375
2026-08-03 17:00:00,-20.22065228462065,9.099289811526898
2026-08-03 18:00:00,-20.13395596226038,9.039316443594648
2026-08-03 19:00:00,-20.130278833871042,9.036772739688608
2026-08-03 20:00:00,-19.898422315631766,8.876382818901934
2026-08-03 21:00:00,-19.441175102227042,8.560075798962027
2026-08-03 22:00:00,-19.509905320779062,8.607620868615134
2026-08-03 23:00:00,-19.268053923360764,8.440316853318771
2026-08-04 00:00:00,-18.878105563094763,8.170564736410808
2026-08-04 01:00:00,-20.077342992293275,9.000153646544671
2026-08-04 02:00:00,-20.01443695025051,8.95663753072931
2026-08-04 03:00:00,-19.959082594698526,8.918345397432402
2026-08-04 04:00:00,-20.524200467094637,9.309273422562137
2026-08-04 05:00:00,-20.004664179497674,8.949877082764282
2026-08-04 06:00:00,-19.638234633694907,8.69639442775198
2026-08-04 07:00:00,-19.677078929565972,8.723265501229173
2026-08-04 08:00:00,-19.438188977830347,8.558010106528267
2026-08-04 09:00:00,-19.474688795869287,8.583259355367396
2026-08-04 10:00:00,-19.870214545504307,8.856869707730125
2026-08-04 11:00:00,-20.27000971266518,9.133433488118003
2026-08-04 12:00:00,-20.221664111895556,9.099989756897026
2026-08-04 13:00:00,-19.672636761041968,8.720192570335968
2026-08-04 14:00:00,-20.770296603324788,9.47951379404535
2026-08-04 15:00:00,-20.76146162370478,9.473402075935523
2026-08-04 16:00:00,-20.33153374672271,9.175993580988806
2026-08-04 17:00:00,-20.383753905593856,9.212117590822162
2026-08-04 18:00:00,-21.20777616679766,9.782146271510522
2026-08-04 19:00:00,-21.028534666853872,9.658153509969955
2026-08-04 20:00:00,-21.29417634458965,9.841914777383225
2026-08-04 21:00:00,-20.93139924846219,9.590958754438681
2026-08-04 22:00:00,-21.120462876586846,9.72174610762086
2026-08-04 23:00:00,-20.7156085730514,9.44168260038242
2026-08-05 00:00:00,-20.423017739603306,9.239278885550393
2026-08-05 01:00:00,-21.276506385349695,9.82969134116361
2026-08-05 02:00:00,-21.361450519014397,9.888452608576886
2026-08-05 03:00:00,-20.904918988316282,9.572640671947541
2026-08-05 04:00:00,-20.888705073203642,9.561424474187373
2026-08-05 05:00:00,-21.26917680728509,9.824621005189833
2026-08-05 06:00:00,-21.078435026606908,9.692672767003568
2026-08-05 07:00:00,-20.857338427681334,9.539726167713749
2026-08-05 08:00:00,-20.750775740533136,9.466009969953555
2026-08-05 09:00:00,-20.83527565734544,9.524463944277532
2026-08-05 10:00:00,-20.606207833790656,9.36600314121824
2026-08-05 11:00:00,-20.63841355558971,9.388281890193936
2026-08-05 12:00:00,-21.273026686672562,9.827284211963947
2026-08-05 13:00:00,-21.459499049824878,9.956279022125102
2026-08-05 14:00:00,-21.628301453737247,10.07305039606666
2026-08-05 15:00:00,-21.410190979208384,9.922169489210617
2026-08-05 16:00:00,-22.086338385990707,10.389903714832018
2026-08-05 17:00:00,-22.35289317614531,10.574296640262224
2026-08-05 18:00:00,-22.424708233950145,10.623975689702263
2026-08-05 19:00:00,-22.52633517829387,10.694277519803327
2026-08-05 20:00:00,-22.483418894609127,10.66458959300738
2026-08-05 21:00:00,-22.26190275754517,10.511352772466545
2026-08-05 22:00:00,-22.02219840824681,10.345534007101888
2026-08-05 23:00:00,-22.09433428933393,10.395434990439771
2026-08-06 00:00:00,-22.04438457215283,10.360881589729575
2026-08-06 01:00:00,-21.88417036072022,10.2500512155149
2026-08-06 02:00:00,-21.882418172024646,10.248839114995908
2026-08-06 03:00:00,-21.763145947154975,10.16633092051353
2026-08-06 04:00:00,-22.265653922076563,10.51394769188747
2026-08-06 05:00:00,-22.69368153807892,10.81004165528544
2026-08-06 06:00:00,-22.575001602345807,10.727943184922154
2026-08-06 07:00:00,-22.450867670813736,10.642071838295534
2026-08-06 08:00:00,-22.77734237861443,10.867915187107345
2026-08-06 09:00:00,-22.139718444420893,10.426830101065294
2026-08-06 10:00:00,-21.972717586632136,10.31130497131931
2026-08-06 11:00:00,-21.987870317041818,10.321787080032767
2026-08-06 12:00:00,-21.49900967097455,9.983611035236272
2026-08-06 13:00:00,-21.523713063710858,10.000699945370117
2026-08-06 14:00:00,-22.37263614736314,10.58795411089866
2026-08-06 15:00:00,-22.01200609935561,10.338483337885842
2026-08-06 16:00:00,-22.323254040604557,10.553793362469271
2026-08-06 17:00:00,-21.98688316848094,10.32110420650096
2026-08-06 18:00:00,-21.485362342120226,9.974170308658847
2026-08-06 19:00:00,-21.553302841823555,10.021169079486487
2026-08-06 20:00:00,-21.537755251989523,10.01041382136028
2026-08-06 21:00:00,-21.540321838247838,10.01218929254302
2026-08-06 22:00:00,-21.32006431559901,9.859823135755253
2026-08-06 23:00:00,-21.25126006090492,9.812226850587278
2026-08-07 00:00:00,-21.237390623624393,9.802632477465172
2026-08-07 01:00:00,-21.49543125744133,9.98113561868344
2026-08-07 02:00:00,-21.439459934038794,9.94241668942912
2026-08-07 03:00:00,-21.168290224362014,9.754831330237632
2026-08-07 04:00:00,-21.082260227280365,9.69531890193936
2026-08-07 05:00:00,-21.282898172281485,9.834112947282165
2026-08-07 06:00:00,-21.203161247275496,9.77895383774924
2026-08-07 07:00:00,-21.241956185718504,9.80579076754985
2026-08-07 08:00:00,-21.933355037766614,10.284075389237913
2026-08-07 09:00:00,-22.523966021747736,10.69263862332696
2026-08-07 10:00:00,-22.658859872593506,10.785953291450417
2026-08-07 11:00:00,-22.994490383296455,11.018130292269882
2026-08-07 12:00:00,-23.64191176695686,11.465992898115267
2026-08-07 13:00:00,-24.304025136725553,10.9827232996449
2026-08-07 14:00:00,-24.423920266345192,10.895213056541932
2026-08-07 15:00:00,-24.52978163128055,10.81794591641629
2026-08-07 16:00:00,-24.760683839553145,10.649412728762634
2026-08-07 17:00:00,-24.876860021531453,10.56461690794865
2026-08-07 18:00:00,-24.944268871231785,10.515415869980874
2026-08-07 19:00:00,-24.418096254001213,10.899463944277525
2026-08-07 20:00:00,-24.391128036199518,10.919147773832277
2026-08-07 21:00:00,-24.494018920943347,10.844048757170189
2026-08-07 22:00:00,-24.587600741779923,10.775744332149694
2026-08-07 23:00:00,-24.505292711906417,10.835820131111715
2026-08-08 00:00:00,-24.491679960162628,10.845755940999723
2026-08-08 01:00:00,-24.531956864806606,10.816358235454793
2026-08-08 02:00:00,-24.503468322497454,10.837151734498782
2026-08-08 03:00:00,-24.248451428575656,11.02328598743513
2026-08-08 04:00:00,-24.293874046937223,10.990132477465169
2026-08-08 05:00:00,-24.336419743538507,10.95907880360557
2026-08-08 06:00:00,-24.310176603578824,10.978233406173175
2026-08-08 07:00:00,-24.419195565568156,10.898661567877644
2026-08-08 08:00:00,-24.33997496392519,10.956483884184644
2026-08-08 09:00:00,-24.338945821181685,10.957235045069657
2026-08-08 10:00:00,-24.311907434556566,10.976970090139314
2026-08-08 11:00:00,-24.402004203829875,10.91120936902486
2026-08-08 12:00:00,-24.3061302014282,10.981186834198306
2026-08-08 13:00:00,-24.289921203217812,10.993017618137111
2026-08-08 14:00:00,-24.023864414411015,11.187209778748969
2026-08-08 15:00:00,-24.136602324041668,11.104923518164439
2026-08-08 16:00:00,-24.123433974846233,11.114534963124825
2026-08-08 17:00:00,-24.045546580848274,11.171384184649003
2026-08-08 18:00:00,-24.222559132733092,11.042184512428301
2026-08-08 19:00:00,-24.149256101865348,11.09568765364654
2026-08-08 20:00:00,-24.13288337640031,11.10763794045344
2026-08-08 21:00:00,-24.29532420262127,10.989074023490856
2026-08-08 22:00:00,-24.4411584072991,10.882631111718112
2026-08-08 23:00:00,-24.413114267538276,10.903100245834462
2026-08-09 00:00:00,-24.38726875091132,10.921964627151052
2026-08-09 01:00:00,-24.64967676090021,10.730435673313306
2026-08-09 02:00:00,-24.746626685261013,10.659672903578263
2026-08-09 03:00:00,-24.819625651227252,10.606391696257853
2026-08-09 04:00:00,-24.82851370219399,10.59990439770556
2026-08-09 05:00:00,-24.789733732449662,10.628209505599573
2026-08-09 06:00:00,-24.676504641055057,10.710854274788309
2026-08-09 07:00:00,-24.732288855675215,10.670137940453419
2026-08-09 08:00:00,-24.736919998021026,10.666757716470912
2026-08-09 09:00:00,-24.61134119370423,10.758416416279719
2026-08-09 10:00:00,-24.41952302007745,10.898422562141494
2026-08-09 11:00:00,-24.442585173375345,10.881589729582082
2026-08-09 12:00:00,-24.418938279882273,10.89884935809889
2026-08-09 13:00:00,-23.81158033395295,11.342153783119379
2026-08-09 14:00:00,-23.717483941744607,11.41083378858236
2026-08-09 15:00:00,-23.79076358300454,11.357347719202407
2026-08-09 16:00:00,-23.782670778703256,11.363254575252668
2026-08-09 17:00:00,-23.860932406426116,11.306132204315759
2026-08-09 18:00:00,-23.858593445645397,11.307839388145311
2026-08-09 19:00:00,-23.903080479694673,11.275368751707196
2026-08-09 20:00:00,-24.002954105031378,11.202472002185203
2026-08-09 21:00:00,-23.87424109326841,11.29641832832558
2026-08-09 22:00:00,-24.145233089322527,11.098624009833369
2026-08-09 23:00:00,-24.55581426476996,10.798944960393328
2026-08-10 00:00:00,-24.40046048971459,10.912336110352362
2026-08-10 01:00:00,-23.881257975610566,11.291296776836935
2026-08-10 02:00:00,-24.091764445875288,11.137650232177007
2026-08-10 03:00:00,-24.36771503878451,10.936236683966142
2026-08-10 04:00:00,-24.30989592828514,10.97843826823272
2026-08-10 05:00:00,-24.012216389723015,11.195711554220155
2026-08-10 06:00:00,-23.6253522765921,11.478079759628523
2026-08-10 07:00:00,-23.8514596152642,11.313046298825466
2026-08-10 08:00:00,-23.751235145810384,11.38619912592189
2026-08-10 09:00:00,-24.402261489515745,10.911021578803616
2026-08-10 10:00:00,-24.295090306543198,10.989244741873797
2026-08-10 11:00:00,-24.030974855184382,11.182019939907137
2026-08-10 12:00:00,-24.627947815247328,10.746295411089859
2026-08-10 13:00:00,-25.350148735509958,10.219168260038243
2026-08-10 14:00:00,-25.20094642730791,10.328069516525536
2026-08-10 15:00:00,-25.962933070450568,9.771903168533196
2026-08-10 16:00:00,-26.887617825500037,9.096985113357007
2026-08-10 17:00:00,-26.998342535790876,9.179595738869178
2026-08-10 18:00:00,-26.852700454411348,9.070933488117998
2026-08-10 19:00:00,-27.21036445661768,9.337783392515696
2026-08-10 20:00:00,-27.46847014050787,9.530353728489493
2026-08-10 21:00:00,-27.076048821472714,9.237571701720837
2026-08-10 22:00:00,-27.14240577921043,9.287080032777933
2026-08-10 23:00:00,-27.03717279692223,9.208566648456715
2026-08-11 00:00:00,-27.197321882165788,9.328052444687255
2026-08-11 01:00:00,-27.24491583806044,9.363561868341975
2026-08-11 02:00:00,-27.207824586855995,9.335888418464899
2026-08-11 03:00:00,-27.460484423869786,9.524395656924343
2026-08-11 04:00:00,-27.159589943093543,9.299900983337881
2026-08-11 05:00:00,-27.10579504390686,9.259765091505043
2026-08-11 06:00:00,-27.035502432123998,9.20732040426114
2026-08-11 07:00:00,-27.256791445324524,9.372422152417366
2026-08-11 08:00:00,-27.41792444407937,9.492642037694637
2026-08-11 09:00:00,-27.792246330848826,9.771920240371477
2026-08-11 10:00:00,-27.639465156085112,9.657931576072109
2026-08-11 11:00:00,-27.997197803420136,9.924832695984714
2026-08-11 12:00:00,-27.860914341252585,9.823152827096429
2026-08-11 13:00:00,-27.56406992306932,9.601679868888285
2026-08-11 14:00:00,-26.57958436904671,8.867164026222337
2026-08-11 15:00:00,-26.213110908657978,8.593741464080852
2026-08-11 16:00:00,-25.99051763801224,8.427666621141764
2026-08-11 17:00:00,-26.208557448454584,8.590344168260026
2026-08-11 18:00:00,-25.671272026165127,8.189480333242283
2026-08-11 19:00:00,-26.044083720103288,8.467631794591641
2026-08-11 20:00:00,-26.510870595223825,8.815897295820822
2026-08-11 21:00:00,-26.35694533498187,8.701055039606684
2026-08-11 22:00:00,-26.347243490126417,8.693816580169356
2026-08-11 23:00:00,-26.190526661317577,8.576891559683157
2026-08-12 00:00:00,-26.51560710910373,8.819431166348005
2026-08-12 01:00:00,-26.67973761181155,8.941887462441976
2026-08-12 02:00:00,-26.533203143759014,8.832559409997273
2026-08-12 03:00:00,-26.729596856953087,8.979086998087949
2026-08-12 04:00:00,-26.578554692116313,8.86639579349906
2026-08-12 05:00:00,-26.7624321101785,9.003585086042063
2026-08-12 06:00:00,-26.44673316331388,8.768044933078393
2026-08-12 07:00:00,-26.73508846724863,8.983184239278883
2026-08-12 08:00:00,-26.636582707572465,8.909689975416555
2026-08-12 09:00:00,-27.35477092568071,9.445523763998903
2026-08-12 10:00:00,-27.433827232226854,9.504506965310028
2026-08-12 11:00:00,-27.655047600298687,9.669557497951386
2026-08-12 12:00:00,-27.37971198910627,9.464132067741058
2026-08-12 13:00:00,-26.73968769087115,8.986615678776293
2026-08-12 14:00:00,-25.649122531306457,8.172954793772208
2026-08-12 15:00:00,-25.82778291958787,8.306251707183842
2026-08-12 16:00:00,-25.943678778533254,8.392720568150796
2026-08-12 17:00:00,-25.895352607932537,8.35666484567059
2026-08-12 18:00:00,-25.70220809749662,8.212561458617861
2026-08-12 19:00:00,-25.781195758914084,8.271493444414098
2026-08-12 20:00:00,-26.190503779608015,8.576874487844854
2026-08-12 21:00:00,-25.892675447913465,8.354667440590019
2026-08-12 22:00:00,-25.806754628497874,8.290562687790212
2026-08-12 23:00:00,-25.915923264831214,8.372012428298277
2026-08-13 00:00:00,-26.091952256512695,8.503346080305924
2026-08-13 01:00:00,-25.861281742390652,8.33124487844852
2026-08-13 02:00:00,-26.076140995203474,8.491549440043704
2026-08-13 03:00:00,-26.29804781456225,8.657112127833928
2026-08-13 04:00:00,-26.405019806777368,8.736922971865607
2026-08-13 05:00:00,-26.82663818721712,9.051488664299375
2026-08-13 06:00:00,-26.973881988266168,9.161345943731227
2026-08-13 07:00:00,-26.798814028386392,9.03072930893197
2026-08-13 08:00:00,-26.572193576857305,8.861649822452904
2026-08-13 09:00:00,-26.60843820480785,8.88869161431304
2026-08-13 10:00:00,-26.30765813257944,8.664282299918067
2026-08-13 11:00:00,-25.925785281653628,8.379370390603661
2026-08-13 12:00:00,-26.414218254022394,8.743785850860428
2026-08-13 13:00:00,-26.474259859920245,8.788582354547952
2026-08-13 14:00:00,-26.78419261597455,9.019820404261141
2026-08-13 15:00:00,-25.77867877086197,8.269615542201583
2026-08-13 16:00:00,-25.1840289026937,7.825952608576888
2026-08-13 17:00:00,-25.147990210129244,7.799064463261411
2026-08-13 18:00:00,-25.52695708394035,8.081808249112266
2026-08-13 19:00:00,-25.751174955965144,8.249095192570326
2026-08-13 20:00:00,-25.7684735283961,8.262001502321766
2026-08-13 21:00:00,-25.90221712080195,8.361786397159236
2026-08-13 22:00:00,-26.030377576074027,8.457405763452616
2026-08-13 23:00:00,-25.940795683128094,8.390569516525527
2026-08-14 00:00:00,-26.05655425181606,8.476935946462708
2026-08-14 01:00:00,-26.13529021442832,8.535680142037684
2026-08-14 02:00:00,-25.88251596886671,8.347087544386769
2026-08-14 03:00:00,-25.52695708394035,8.081808249112266
2026-08-14 04:00:00,-25.670105058977306,8.188609669489194
2026-08-14 05:00:00,-25.686740061830864,8.20102089593009
2026-08-14 06:00:00,-24.758451986499246,7.508433488118007
2026-08-14 07:00:00,-24.63635518426183,7.417338158972951
2026-08-14 08:00:00,-24.680356711754833,7.450167304015292
2026-08-14 09:00:00,-24.34340065670458,7.198767413275071
2026-08-14 10:00:00,-24.39234463346354,7.235284075389235
2026-08-14 11:00:00,-24.517484703073062,7.3286499590275955
2026-08-14 12:00:00,-24.226566647667052,7.111598606938008
2026-08-14 13:00:00,-24.057951329884535,6.9857962305381145
2026-08-14 14:00:00,-23.94814200568341,6.90386847855779
2026-08-14 15:00:00,-24.79691614027756,7.53713124829281
2026-08-14 16:00:00,-25.123049146703707,7.780456159519256
2026-08-14 17:00:00,-24.848949147827767,7.575952608576883
2026-08-14 18:00:00,-24.657475002190104,7.433095465719748
2026-08-14 19:00:00,-24.744517025374332,7.49803673859602
2026-08-14 20:00:00,-24.606174209345955,7.394820404261123
2026-08-14 21:00:00,-24.653996982336253,7.4305005462988225
2026-08-14 22:00:00,-24.558786188837406,7.359464627151045
2026-08-14 23:00:00,-24.917296814297625,7.626946189565685
2026-08-15 00:00:00,-24.86311292604834,7.58652007648183
2026-08-15 01:00:00,-24.920889242699285,7.629626468178081
2026-08-15 02:00:00,-25.12517714569322,7.782043840480754
2026-08-15 03:00:00,-24.93489284895291,7.640074433214972
2026-08-15 04:00:00,-25.096780944123374,7.760857689155974
2026-08-15 05:00:00,-25.02127130255976,7.704520622780662
2026-08-15 06:00:00,-25.080031532722007,7.748361103523626
2026-08-15 07:00:00,-24.990220822680424,7.681354138213614
2026-08-15 08:00:00,-24.670540458351557,7.442843485386512
2026-08-15 09:00:00,-24.88713872109129,7.604445506692159
2026-08-15 10:00:00,-24.92310876852705,7.631282436492767
2026-08-15 11:00:00,-24.867986730185617,7.5901563780387855
2026-08-15 12:00:00,-24.93233009748165,7.638162387325853
2026-08-15 13:00:00,-24.955715204656823,7.6556098060639215
2026-08-15 14:00:00,-24.90915092569257,7.620868615132482
2026-08-15 15:00:00,-25.047699677107037,7.724238596012037
2026-08-15 16:00:00,-25.038730046957642,7.717546435400157
2026-08-15 17:00:00,-24.97894013986501,7.672937721933898
2026-08-15 18:00:00,-24.949376971107373,7.650880906856049
2026-08-15 19:00:00,-25.106116681625796,7.767822999180568
2026-08-15 20:00:00,-25.053969265527765,7.728916279705005
2026-08-15 21:00:00,-25.18153479635115,7.824091778202673
2026-08-15 22:00:00,-25.12771701545489,7.783938814531552
2026-08-15 23:00:00,-25.014429671399913,7.699416143130302
2026-08-16 00:00:00,-25.013994918918176,7.699091778202681
2026-08-16 01:00:00,-25.011615221123435,7.697316307019938
2026-08-16 02:00:00,-25.09657500873732,7.760704042611315
2026-08-16 03:00:00,-25.11508631177517,7.77451515979241
2026-08-16 04:00:00,-25.0235823552258,7.706244878448519
2026-08-16 05:00:00,-24.97649179694158,7.671111035236268
2026-08-16 06:00:00,-24.9762172164268,7.670906173176722
2026-08-16 07:00:00,-24.95724827919764,7.656753619229725
2026-08-16 08:00:00,-24.983333428101435,7.676215514886629
2026-08-16 09:00:00,-24.800897557741838,7.540101748156242
2026-08-16 10:00:00,-24.837233712530622,7.567211827369566
2026-08-16 11:00:00,-24.848880502699078,7.575901393062015
2026-08-16 12:00:00,-24.867918085056928,7.590105162523917
2026-08-16 13:00:00,-24.95493722653162,7.6550293635618685
2026-08-16 14:00:00,-25.052962470306916,7.728165118819991
2026-08-16 15:00:00,-25.152589433751775,7.802495902758802
2026-08-16 16:00:00,-25.412571417826257,7.996466129472831
2026-08-16 17:00:00,-25.18212972079983,7.824535645998368
2026-08-16 18:00:00,-25.13810531159728,7.791689429117725
2026-08-16 19:00:00,-25.06659996920749,7.738339934444148
2026-08-16 20:00:00,-24.972739196572974,7.6683112537558165
2026-08-16 21:00:00,-24.656559733807516,7.432412592187923
2026-08-16 22:00:00,-24.620154933890007,7.405251297459713
2026-08-16 23:00:00,-24.58880699178632,7.381862878994816
2026-08-17 00:00:00,-24.628941510362875,7.411806883365196
2026-08-17 01:00:00,-25.08332649889932,7.750819448238194
2026-08-17 02:00:00,-25.740534961017552,8.24115678776291
2026-08-17 03:00:00,-25.799729943661504,8.285321633433494
2026-08-17 04:00:00,-26.035937831498252,8.461554220158419
2026-08-17 05:00:00,-26.007884855571874,8.440624146408071
2026-08-17 06:00:00,-26.346099404648182,8.692962988254568
2026-08-17 07:00:00,-25.99477363599128,8.430841983064722
2026-08-17 08:00:00,-25.6890511144969,8.202745151597927
2026-08-17 09:00:00,-25.5588999504927,8.105640535372856
2026-08-17 10:00:00,-26.401518905213972,8.73431098060638
2026-08-17 11:00:00,-26.26168877806388,8.629984976782303
2026-08-17 12:00:00,-26.08684963527979,8.499539060366027
2026-08-17 13:00:00,-26.35609871172798,8.700423381589726
2026-08-17 14:00:00,-26.882995837875058,9.093536602021295
2026-08-17 15:00:00,-27.563429235201507,9.601201857416006
2026-08-17 16:00:00,-27.370673713828193,9.457388691614312
2026-08-17 17:00:00,-27.85171589400756,9.816289948101607
2026-08-17 18:00:00,-27.620934413772737,9.991925020486196
2026-08-17 19:00:00,-27.887674264740948,9.78892379131385
2026-08-17 20:00:00,-27.702003947150832,9.93022739688611
2026-08-17 21:00:00,-27.726028703721965,9.911943458071557
2026-08-17 22:00:00,-27.929644684483723,9.756982381862882
2026-08-17 23:00:00,-27.389368062621067,10.168157607211139
2026-08-18 00:00:00,-27.72223768237694,9.9148285987435
2026-08-18 01:00:00,-28.13420281256202,9.60130428844578
2026-08-18 02:00:00,-28.351435065255316,9.435980606391704
2026-08-18 03:00:00,-28.16796309140375,9.575611171810975
2026-08-18 04:00:00,-28.111187499544332,9.618819994537017
2026-08-18 05:00:00,-28.03841783538312,9.67420103796777
2026-08-18 06:00:00,-27.8695715770165,9.802700764818361
2026-08-18 07:00:00,-28.13664790916916,9.599443458071566
2026-08-18 08:00:00,-27.918944582817613,9.765125648729846
2026-08-18 09:00:00,-28.197259386531552,9.553315350996995
2026-08-18 10:00:00,-28.128056422925706,9.605981972138766
2026-08-18 11:00:00,-27.795186803169834,9.859310980606388
2026-08-18 12:00:00,-28.066996303984055,9.652451515979239
2026-08-18 13:00:00,-28.089495679185543,9.63532846216881
2026-08-18 14:00:00,-26.980969632991354,10.478967495219898
2026-08-18 15:00:00,-26.66490164037999,10.719509696804156
2026-08-18 16:00:00,-26.698684351300685,10.693799508331066
2026-08-18 17:00:00,-27.079984829541154,10.403612400983338
2026-08-18 18:00:00,-26.851222488260046,10.577711007921334
2026-08-18 19:00:00,-27.14001307285044,10.357928161704463
2026-08-18 20:00:00,-27.276557137508036,10.254011881999457
2026-08-18 21:00:00,-27.226780354285562,10.291894291177274
2026-08-18 22:00:00,-27.160785177971686,10.342119639442778
2026-08-18 23:00:00,-26.955711112077203,10.49819038514067
2026-08-19 00:00:00,-27.48829353085499,10.09287080032777
2026-08-19 01:00:00,-27.684619085953276,9.943458071565152
2026-08-19 02:00:00,-27.79359412556334,9.86052308112538
2026-08-19 03:00:00,-27.84112770088938,9.824347855777118
2026-08-19 04:00:00,-27.873631783309083,9.799610762086873
2026-08-19 05:00:00,-28.053559488684243,9.662677547118284
2026-08-19 06:00:00,-27.820736941110518,9.839866156787767
2026-08-19 07:00:00,-27.91898944697553,9.765091505053261
2026-08-19 08:00:00,-27.654403075587958,9.966453837749258
2026-08-19 09:00:00,-27.62499462006535,9.98883501775471
2026-08-19 10:00:00,-27.55848350593528,10.039453018301003
2026-08-19 11:00:00,-27.42631369667578,10.140040289538371
2026-08-19 12:00:00,-26.604133138464835,10.765757306746801
2026-08-19 13:00:00,-26.3125834081618,10.987639989074035
2026-08-19 14:00:00,-24.26881912577504,12.543038104343077
2026-08-19 15:00:00,-18.367410223844114,17.034280251297453
2026-08-19 16:00:00,-18.566450060497104,16.882801830101076
2026-08-19 17:00:00,-19.16758491259076,16.425310707456966
2026-08-19 18:00:00,-18.721859503563927,16.76452813438953
2026-08-19 19:00:00,-18.646824199427307,16.821633433488138
2026-08-19 20:00:00,-17.259130930518552,17.87773149412728
2026-08-19 21:00:00,-15.775473227799134,19.006862878994824
2026-08-19 22:00:00,-16.786172977628677,18.237674132750602
2026-08-19 23:00:00,-16.615935930366266,18.367232313575506
2026-08-20 00:00:00,-16.42479218550879,18.51270144769189
2026-08-20 01:00:00,-15.747522857409258,19.028134389511074
2026-08-20 02:00:00,-16.691128259055617,18.310007511608863
2026-08-20 03:00:00,-16.928078309158803,18.129677683692986
2026-08-20 04:00:00,-16.26325878488462,18.63563575525812
2026-08-20 05:00:00,-16.454985763795168,18.489722753346083
2026-08-20 06:00:00,-15.455748806316528,19.250187790221272
2026-08-20 07:00:00,-15.535472414956786,19.189514476918873
2026-08-20 08:00:00,-11.55232031360559,22.220875443867822
2026-08-20 09:00:00,-11.108456767132852,22.558675908221808
2026-08-20 10:00:00,-10.646311076303903,22.91038992078668
2026-08-20 11:00:00,-10.800912964528004,22.79273081125377
2026-08-20 12:00:00,-10.744900063353397,22.83535919147772
2026-08-20 13:00:00,-11.328246276828088,22.391406036602028
2026-08-20 14:00:00,-11.02572725991134,22.621636847855793
2026-08-20 15:00:00,-9.581146238748316,23.721029090412465
2026-08-20 16:00:00,-8.759414322116706,24.346404670854955
2026-08-20 17:00:00,-8.982949988999032,24.176283802239816
2026-08-20 18:00:00,-9.669685654421654,23.653646544659928
2026-08-20 19:00:00,-9.08779752607964,24.096490030046443
2026-08-20 20:00:00,-9.130440908191357,24.064036465446588
2026-08-20 21:00:00,-8.97328176296531,24.183641764545204
2026-08-20 22:00:00,-9.12041376889417,24.071667577164703
2026-08-20 23:00:00,-8.337691237582025,24.667355230811246
2026-08-21 00:00:00,-6.805871861325598,25.833139852499315
2026-08-21 01:00:00,-3.6178023667961057,28.25940658290084
2026-08-21 02:00:00,-5.1644717793270605,27.082320404261136
2026-08-21 03:00:00,-5.005136722441429,27.203581671674414
2026-08-21 04:00:00,-3.849368717947774,28.083173996175915
2026-08-21 05:00:00,-2.847260454361707,28.8458242283529
2026-08-21 06:00:00,-2.45810874848363,29.141986479104077
2026-08-21 07:00:00,-0.9721181095519495,30.27289333515433
2026-08-21 08:00:00,5.643954396112562,35.308027178366565
2026-08-21 09:00:00,2.6216355330525727,33.007904261130854
2026-08-21 10:00:00,2.3957669299578974,32.83600792133297
2026-08-21 11:00:00,-0.044170299022840524,30.97910406992626
2026-08-21 12:00:00,1.0804395477889603,31.83498361103525
2026-08-21 13:00:00,1.177368560995008,31.908751024310288
2026-08-21 14:00:00,1.4416408832771066,32.10987435127014
2026-08-21 15:00:00,1.0766709585229022,31.832115542201567
2026-08-21 16:00:00,1.668945139425512,32.282863288718936
2026-08-21 17:00:00,1.459586546448799,32.12353182190657
2026-08-21 18:00:00,0.906232022549764,31.702403714832005
2026-08-21 19:00:00,0.6436421061900479,31.502560775744335
2026-08-21 20:00:00,1.7456179853265645,32.34121483201312
2026-08-21 21:00:00,3.9550880350248905,34.022722616771375
2026-08-21 22:00:00,3.854121247605174,33.94588227260311
2026-08-21 23:00:00,3.580203131368303,33.73741805517618
2026-08-22 00:00:00,2.7171737573628514,33.08061322043158
2026-08-22 01:00:00,2.4406086558081475,32.87013452608576
2026-08-22 02:00:00,3.8762392774642844,33.962715105162516
2026-08-22 03:00:00,3.743845147415148,33.86195711554219
2026-08-22 04:00:00,3.8762392774642844,33.962715105162516
2026-08-22 05:00:00,1.4328250762440127,32.103165118819994
2026-08-22 06:00:00,1.669124596057245,32.282999863425296
2026-08-22 07:00:00,1.2274145291650687,31.946838295547654
2026-08-22 08:00:00,1.0510310922663413,31.81260243102978
2026-08-22 09:00:00,0.7177801271681035,31.55898320131112
2026-08-22 10:00:00,0.5248866801513916,31.412182463807692
2026-08-22 11:00:00,0.8703855603643406,31.675122917235736
2026-08-22 12:00:00,1.2522917047368478,31.965770964217427
2026-08-22 13:00:00,1.2261583327430492,31.94588227260311
2026-08-22 14:00:00,0.5868440822516332,31.459334881180013
2026-08-22 15:00:00,0.5312349584983743,31.417013794045356
2026-08-22 16:00:00,1.2247899759262164,31.94484089046708
2026-08-22 17:00:00,1.202357896961601,31.927769052171534
2026-08-22 18:00:00,1.1571572578479292,31.893369298005997
2026-08-22 19:00:00,1.516945372361326,32.16718451242829
2026-08-22 20:00:00,1.2779091389144281,31.985267003550955
2026-08-22 21:00:00,0.2557241646550209,31.20733747609942
2026-08-22 22:00:00,0.5736988839783688,31.449330783938795
2026-08-22 23:00:00,0.7468072373482758,31.581074160065555
2026-08-23 00:00:00,1.257630539530408,31.969834061731756
2026-08-23 01:00:00,1.0055837002840173,31.77801488664298
2026-08-23 02:00:00,0.7569689691192666,31.588807702813465
2026-08-23 03:00:00,0.4169210840946911,31.330015706091217
2026-08-23 04:00:00,-0.314073073125068,30.77369571155422
2026-08-23 05:00:00,-1.5447642213605401,29.83708344714558
2026-08-23 06:00:00,-1.447005221232747,29.911482518437577
2026-08-23 07:00:00,-1.6484901544928807,29.758143266866988
2026-08-23 08:00:00,-0.5731860172452838,30.57649890740236
2026-08-23 09:00:00,-0.43076474789898456,30.684888008740767
2026-08-23 10:00:00,0.10843513417340778,31.095243785850883
2026-08-23 11:00:00,1.276406189623801,31.984123190385148
2026-08-23 12:00:00,1.0408244963374564,31.804834744605305
2026-08-23 13:00:00,1.6725567041388174,32.28561185468452
2026-08-23 14:00:00,0.9959603384082256,31.770691068014195
2026-08-23 15:00:00,0.9289557185409483,31.719697487025417
2026-08-23 16:00:00,1.5430338801971637,32.187039060366025
2026-08-23 17:00:00,0.9744479746811888,31.75431917508878
2026-08-23 18:00:00,1.34585590609822,32.03697760174815
2026-08-23 19:00:00,1.3548960339209408,32.04385755258125
2026-08-23 20:00:00,1.4795959608852531,32.138759901666226
2026-08-23 21:00:00,2.4478317852347367,32.87563165801693
2026-08-23 22:00:00,1.9221360146990856,32.47555312756079
2026-08-23 23:00:00,2.225238265668926,32.70622780661022
2026-08-24 00:00:00,2.1029834353118,32.61318628789948
2026-08-24 01:00:00,0.4039777745321626,31.320165255394716
2026-08-24 02:00:00,1.652524857623427,32.27036670308658
2026-08-24 03:00:00,0.4284736047614954,31.338807702813437
2026-08-24 04:00:00,0.34866026780542797,31.278066102157876
2026-08-24 05:00:00,0.9138589293977355,31.708208139852495
2026-08-24 06:00:00,1.6203123922302454,32.24585154329419
2026-08-24 07:00:00,1.2677249750644792,31.977516388964762
2026-08-24 08:00:00,0.6717495011327086,31.523951789128663
2026-08-24 09:00:00,1.8216403009376265,32.39907129199672
2026-08-24 10:00:00,1.963276447520175,32.506862878994816
2026-08-24 11:00:00,3.817130749392522,33.91773081125375
2026-08-24 12:00:00,5.424030293943498,35.14065487571703
2026-08-24 13:00:00,4.1633474561323585,34.181217563507246
2026-08-24 14:00:00,6.2112392410486015,35.73975689702266
2026-08-24 15:00:00,5.289482684313745,35.03825798962032
2026-08-24 16:00:00,5.171916158460255,34.948784485113364
2026-08-24 17:00:00,4.529326824439975,34.45974460529909
2026-08-24 18:00:00,4.904413616807253,34.74520281343897
2026-08-24 19:00:00,4.522283151645096,34.454384048074296
2026-08-24 20:00:00,4.913341584235161,34.75199740508058
2026-08-24 21:00:00,5.029764074061466,34.840600245834466
2026-08-24 22:00:00,4.481905409508789,34.42365473914232
2026-08-24 23:00:00,5.048876205339367,34.85514545206227
2026-08-25 00:00:00,6.725090873890968,36.13082149685879
2026-08-25 01:00:00,6.922515600858498,36.281070745697896
2026-08-25 02:00:00,8.765602504827848,37.68374419557499
2026-08-25 03:00:00,8.40305524460178,37.40782914504233
2026-08-25 04:00:00,8.124269367229585,37.195660338705274
2026-08-25 05:00:00,8.950151218469655,37.82419420923245
2026-08-25 06:00:00,8.59615058032914,37.554783529090415
2026-08-25 07:00:00,6.648373163831976,36.072435809888006
2026-08-25 08:00:00,7.153050076377807,36.45651802786124
2026-08-25 09:00:00,5.485067980806206,35.187107347719206
2026-08-25 10:00:00,5.759703923569942,35.396117863971604
2026-08-25 11:00:00,5.329815562292136,35.06895315487573
2026-08-25 12:00:00,5.020275304659469,34.833378858235456
2026-08-25 13:00:00,4.275507850955413,34.26657675498498
2026-08-25 14:00:00,5.594514094074553,35.2704008467632
2026-08-25 15:00:00,6.191252258691128,35.724545889101336
2026-08-25 16:00:00,5.4151247585945494,35.13387735591368
2026-08-25 17:00:00,5.603531789818293,35.27726372575798
2026-08-25 18:00:00,5.352270073335688,35.08604206500955
2026-08-25 19:00:00,4.899029917855732,34.74110557224802
2026-08-25 20:00:00,3.2843240098251187,33.51224050805793
2026-08-25 21:00:00,4.1005600671104165,34.13343348811801
2026-08-25 22:00:00,4.817287422108685,34.678895793499045
2026-08-25 23:00:00,4.031334671425625,34.080749795137955
2026-08-26 00:00:00,4.23916788303273,34.23892037694619
2026-08-26 01:00:00,4.650437618769939,34.551915460256765
2026-08-26 02:00:00,5.307405915406479,35.051898388418465
2026-08-26 03:00:00,5.263932546373062,35.018813165801696
2026-08-26 04:00:00,4.674821288604459,34.570472548484034
2026-08-26 05:00:00,5.258010477526408,35.01430620049167
2026-08-26 06:00:00,4.9483131953409885,34.77861240098334
2026-08-26 07:00:00,4.8981550667761145,34.740439770554495
2026-08-26 08:00:00,4.409203041584486,34.36832491122644
2026-08-26 09:00:00,3.8190150440255963,33.91916484567059
2026-08-26 10:00:00,4.453753150408211,34.4022295820814
2026-08-26 11:00:00,3.914957045757213,33.992181098060634
2026-08-26 12:00:00,3.5388383777575645,33.7059375853592
2026-08-26 13:00:00,3.8283692209538214,33.926283802239844
2026-08-26 14:00:00,2.351934647661014,32.80264954930347
2026-08-26 15:00:00,2.848064938121338,33.18022739688609
2026-08-26 16:00:00,2.8024156574283676,33.14548620595467
2026-08-26 17:00:00,3.815291318917455,33.91633092051353
2026-08-26 18:00:00,3.881645408494764,33.96682941819175
2026-08-26 19:00:00,3.88855448881587,33.972087544386795
2026-08-26 20:00:00,3.8359512636438544,33.93205408358371
2026-08-26 21:00:00,4.446036515244384,34.396356869707716
2026-08-26 22:00:00,4.392177093650349,34.355367385960115
2026-08-26 23:00:00,5.118415650129641,34.90806815077849
2026-08-27 00:00:00,4.369767446764692,34.33831261950287
2026-08-27 01:00:00,4.837835206440272,34.69453359737777
2026-08-27 02:00:00,4.432016465891503,34.385686970773
2026-08-27 03:00:00,4.685319501559867,34.57846216880633
2026-08-27 04:00:00,4.580584124874139,34.49875375580443
2026-08-27 05:00:00,4.868970932043167,34.718229308932
2026-08-27 06:00:00,4.655731589405583,34.55594441409451
2026-08-27 07:00:00,5.24946385544088,35.00780183010105
2026-08-27 08:00:00,6.760982200234331,36.15813643813166
2026-08-27 09:00:00,7.276942448499331,36.55080579076756
2026-08-27 10:00:00,6.469387605773355,35.93621961212784
2026-08-27 11:00:00,6.136652578491269,35.68299303468997
2026-08-27 12:00:00,5.698419483838604,35.34947760174817
2026-08-27 13:00:00,6.261105752586929,35.777707593553664
2026-08-27 14:00:00,7.766073930322694,36.92305722480197
2026-08-27 15:00:00,7.986513970307954,37.09082217973233
2026-08-27 16:00:00,8.147307112326253,37.21319311663479
2026-08-27 17:00:00,8.300877124917985,37.330066921606125
2026-08-27 18:00:00,7.646376356967545,36.83196189565693
2026-08-27 19:00:00,7.106884857868639,36.42138418464901
2026-08-27 20:00:00,7.523695317110078,36.73859601201857
2026-08-27 21:00:00,7.721097611998649,36.88882818901939
2026-08-27 22:00:00,7.9885104253357735,37.09234157334064
2026-08-27 23:00:00,7.868207185848573,37.0007853045616
2026-08-28 00:00:00,8.600435107411394,37.558044250204865
2026-08-28 01:00:00,8.430803726281043,37.42894700901394
2026-08-28 02:00:00,7.142596727580291,36.448562551215524
2026-08-28 03:00:00,6.883237030591478,36.2511779568424
2026-08-28 04:00:00,6.509339138409301,35.9666245561322
2026-08-28 05:00:00,6.603980079561003,36.03865064190113
2026-08-28 06:00:00,7.093470474647809,36.411175225348266
2026-08-28 07:00:00,6.545656674253025,35.99426386233271
2026-08-28 08:00:00,6.2243844393218435,35.74976099426386
2026-08-28 09:00:00,5.704879922580433,35.354394291177286
2026-08-28 10:00:00,6.334548379117056,35.83360079213328
2026-08-28 11:00:00,6.4203286490777485,35.89888350177548
2026-08-28 12:00:00,6.009642147393632,35.5863322862606
2026-08-28 13:00:00,5.807080474343189,35.43217358645179
2026-08-28 14:00:00,6.281945153945062,35.79356733133024
2026-08-28 15:00:00,3.564724996882733,33.72563848675226
2026-08-28 16:00:00,2.347403367710197,32.79920103796778
2026-08-28 17:00:00,2.6065836080672984,32.996449057634514
2026-08-28 18:00:00,1.821460844305916,32.39893471729036
2026-08-28 19:00:00,1.8798515458507907,32.443372712373666
2026-08-28 20:00:00,1.4924719742109291,32.14855913684785
2026-08-28 21:00:00,1.3952513439783125,32.074569789674946
2026-08-28 22:00:00,2.2806230686325466,32.74837817536193
2026-08-28 23:00:00,2.476185933046005,32.8972104616225
2026-08-29 00:00:00,2.2244082787472252,32.7055961485933
2026-08-29 01:00:00,2.3600774923251815,32.80884662660476
2026-08-29 02:00:00,2.0843199456132204,32.59898251843756
2026-08-29 03:00:00,1.7164114185146369,32.31898729855231
2026-08-29 04:00:00,2.0343637057590374,32.56096353455341
2026-08-29 05:00:00,1.9976199604149936,32.532999863425296
2026-08-29 06:00:00,1.6258979798924575,32.250102431029795
2026-08-29 07:00:00,1.9829942449300828,32.52186902485658
2026-08-29 08:00:00,2.0008950439438586,32.535492351816444
2026-08-29 09:00:00,2.0368760986030763,32.56287558044251
2026-08-29 10:00:00,2.003542029261647,32.53750682873532
2026-08-29 11:00:00,1.890260030490367,32.45129404534281
2026-08-29 12:00:00,1.8881738471466691,32.44970636438132
2026-08-29 13:00:00,2.1586598553019676,32.65555859054906
2026-08-29 14:00:00,2.854166463599702,33.18487093690249
2026-08-29 15:00:00,2.519906054948052,32.93048347446053
2026-08-29 16:00:00,2.882879524674414,33.20672288992079
2026-08-29 17:00:00,3.0462523557736936,33.33105708822726
2026-08-29 18:00:00,3.176380845847376,33.43009082217973
2026-08-29 19:00:00,3.230195403283495,33.47104616225076
2026-08-29 20:00:00,3.1133691360358062,33.38213602840753
2026-08-29 21:00:00,3.1845012584325856,33.43627082764273
2026-08-29 22:00:00,3.3341456572055077,33.550157060912305
2026-08-29 23:00:00,3.337869382313627,33.55299098606938
2026-08-30 00:00:00,3.225394938385067,33.46739278885551
2026-08-30 01:00:00,3.0047530096891606,33.2994741873805
2026-08-30 02:00:00,3.0597340352313984,33.34131726304287
2026-08-30 03:00:00,3.146478884587564,33.40733406173176
2026-08-30 04:00:00,3.068123632764174,33.34770213056541
2026-08-30 05:00:00,3.1084116465846483,33.37836315214424
2026-08-30 06:00:00,3.4507924678214628,33.63893062004915
2026-08-30 07:00:00,3.0866300979100014,33.361786397159236
2026-08-30 08:00:00,2.987951382544629,33.286687380497135
2026-08-30 09:00:00,2.82195399820652,33.16035577711007
2026-08-30 10:00:00,3.1478472414043974,33.40837544386779
2026-08-30 11:00:00,3.1943040769401327,33.44373122097789
2026-08-30 12:00:00,4.58298435732334,34.50058044250204
2026-08-30 13:00:00,4.751090357084128,34.6285167986889
2026-08-30 14:00:00,4.579956026663128,34.49827574433217
2026-08-30 15:00:00,4.6695048858898565,34.56642652280799
2026-08-30 16:00:00,5.823186707039769,35.44443116634799
2026-08-30 17:00:00,5.112291692572297,34.90340753892381
2026-08-30 18:00:00,5.147442760309836,34.93015910953293
2026-08-30 19:00:00,4.742992376577923,34.622353865064184
2026-08-30 20:00:00,4.16186693892069,34.18009082217973
2026-08-30 21:00:00,4.2867463225166675,34.275129745971036
2026-08-30 22:00:00,3.7685877305131115,33.88078735318217
2026-08-30 23:00:00,2.108591455052926,32.61745424747336
2026-08-31 00:00:00,2.680699196966351,33.052854411363015
2026-08-31 01:00:00,2.016485338824242,32.54735727943186
2026-08-31 02:00:00,1.6419817805100791,32.262342939087695
2026-08-31 03:00:00,2.2761815169975845,32.7449979513794
2026-08-31 04:00:00,1.974627079476266,32.51550122917236
2026-08-31 05:00:00,2.857822892470946,33.18765364654466
2026-08-31 06:00:00,3.0325014913683552,33.32059205135209
2026-08-31 07:00:00,3.261622745912915,33.494963807702796
2026-08-31 08:00:00,3.9004659227460734,33.98115269052173
2026-08-31 09:00:00,3.9682780974561163,34.03276085768917
2026-08-31 10:00:00,4.4146316046939225,34.37245629609396
2026-08-31 11:00:00,3.5295066329082747,33.69883570062823
2026-08-31 12:00:00,2.665781864454916,33.04150163889649
2026-08-31 13:00:00,2.5244597669778726,32.93394905763453
2026-08-31 14:00:00,4.168170353109745,34.184888008740785
2026-08-31 15:00:00,4.123934293391524,34.15122234362196
2026-08-31 16:00:00,4.2566200404672285,34.252202267140134
2026-08-31 17:00:00,4.834896604095914,34.69229718656105
2026-08-31 18:00:00,5.1010307889320625,34.89483747609943
2026-08-31 19:00:00,4.83646684962344,34.69349221524174
2026-08-31 20:00:00,4.761678298355438,34.63657470636439
2026-08-31 21:00:00,4.985101804842971,34.806610215788055
2026-08-31 22:00:00,4.15249032991346,34.17295479377219
2026-08-31 23:00:00,4.125885884261427,34.15270759355365
2026-09-01 00:00:00,4.284503114620217,34.273422562141484
2026-09-01 01:00:00,3.7430375925724277,33.861342529363554
2026-09-01 02:00:00,3.8313526874561172,33.92855435673315
2026-09-01 03:00:00,4.3450921599036265,34.31953359737775
2026-09-01 04:00:00,4.452990459723408,34.40164913957936
2026-09-01 05:00:00,5.468894451872751,35.17479855230812
2026-09-01 06:00:00,4.493996300070725,34.43285645998362
2026-09-01 07:00:00,4.240468943612688,34.23991054356731
2026-09-01 08:00:00,2.560104340452649,32.96107620868615
2026-09-01 09:00:00,2.631258894928387,33.01522807975964
2026-09-01 10:00:00,2.8884875444155624,33.210990849494685
2026-09-01 11:00:00,3.0439418516403234,33.32929868888282
2026-09-01 12:00:00,2.8309043977134305,33.167167440590006
2026-09-01 13:00:00,2.9834201025938123,33.28323886916144
2026-09-01 14:00:00,3.1987680606540754,33.44712851679869
2026-09-01 15:00:00,2.6403663189880047,33.02215924610763
2026-09-01 16:00:00,1.9156980080362367,32.47065350996995
2026-09-01 17:00:00,1.1749458964668245,31.906907265774358
2026-09-01 18:00:00,0.9239533649318069,31.7158904670855
2026-09-01 19:00:00,1.278604533362335,31.9857962305381
2026-09-01 20:00:00,1.5846902508344265,32.21874146408085
2026-09-01 21:00:00,1.052758362346618,31.813916962578542
2026-09-01 22:00:00,1.1934074974547353,31.920957388691622
2026-09-01 23:00:00,1.5634919362128945,32.20260857689156
2026-09-02 00:00:00,1.0570877535867886,31.81721182736958
2026-09-02 01:00:00,0.6251132089652623,31.488459437312205
2026-09-02 02:00:00,1.3171877091814466,32.01515979240644
2026-09-02 03:00:00,1.842771319322306,32.415152963671126
2026-09-02 04:00:00,1.8390027300562481,32.4122848948375
2026-09-02 05:00:00,2.0392090348154044,32.56465105162525
2026-09-02 06:00:00,1.950535026668293,32.49716607484294
2026-09-02 07:00:00,1.6416677314045742,32.26210393335157
2026-09-02 08:00:00,0.2514620696517362,31.20409382682327
2026-09-02 09:00:00,0.022991345397166844,31.030217153783102
2026-09-02 10:00:00,-0.13712883425220584,30.908358372029504
2026-09-02 11:00:00,0.19459674947644673,31.160816716744055
2026-09-02 12:00:00,-0.2874237633150955,30.793977055449346
2026-09-02 13:00:00,0.906232022549764,31.702403714832005
2026-09-02 14:00:00,0.7277175381494,31.56654602567603
2026-09-02 15:00:00,1.2269658875857696,31.94649685878175
2026-09-02 16:00:00,0.9634338239095388,31.74593690248567
2026-09-02 17:00:00,1.4348663954298166,32.10471865610489
2026-09-02 18:00:00,1.4261178846335976,32.09806063916961
2026-09-02 19:00:00,1.3447118700710365,32.03610693799509
2026-09-02 20:00:00,1.4894885077086335,32.14628858235455
2026-09-02 21:00:00,1.215794712261412,31.93799508331056
2026-09-02 22:00:00,0.6550600343830133,31.51125034143677
2026-09-02 23:00:00,1.3414367865421941,32.033614449603924
2026-09-03 00:00:00,0.7312842387047668,31.569260447965032
2026-09-03 01:00:00,1.3788759263341446,32.0621073477192
2026-09-03 02:00:00,2.409203745257686,32.846233952472
2026-09-03 03:00:00,2.1669148603609263,32.66184102704179
2026-09-03 04:00:00,2.3194529973202886,32.777929527451505
2026-09-03 05:00:00,2.3955201770892898,32.83582013111173
2026-09-03 06:00:00,2.452228472711804,32.87897773832287
2026-09-03 07:00:00,2.0663069862046313,32.58527383228626
2026-09-03 08:00:00,2.47051061706796,32.89289128653374
2026-09-03 09:00:00,1.9588348958851907,32.50348265501231
2026-09-03 10:00:00,2.229455496514283,32.70943731220981
2026-09-03 11:00:00,2.706159606591224,33.072230947828466
2026-09-03 12:00:00,4.285355533620877,34.27407129199672
2026-09-03 13:00:00,4.707392667261084,34.59526085768916
2026-09-03 14:00:00,8.542044405866497,37.51360625512156
2026-09-03 15:00:00,10.33219160347939,38.875990166621136
2026-09-03 16:00:00,9.482845797642291,38.22959915323681
2026-09-03 17:00:00,9.645769987162293,38.3535919147774
2026-09-03 18:00:00,10.122047887738937,38.71606118546846
2026-09-03 19:00:00,11.246096932576625,39.57151393062005
2026-09-03 20:00:00,10.612592590537027,39.08938814531548
2026-09-03 21:00:00,10.875047914422993,39.2891286533734
2026-09-03 22:00:00,9.865604361015457,38.52089593007374
2026-09-03 23:00:00,10.158051374477113,38.7434614859328
2026-09-04 00:00:00,9.489014619357574,38.234293908768095
2026-09-04 01:00:00,9.479795034903098,38.22727738322862
2026-09-04 02:00:00,9.1746738968265,37.995066238732605
2026-09-04 03:00:00,9.215074071041766,38.02581261950289
2026-09-04 04:00:00,9.709791140527274,38.402314941272856
2026-09-04 05:00:00,9.542918905109525,38.27531753619229
2026-09-04 06:00:00,9.097058903608932,37.935997678229995
2026-09-04 07:00:00,8.781843329998198,37.696104206500955
2026-09-04 08:00:00,9.881665729554143,38.53311936629337
2026-09-04 09:00:00,9.678588118687527,38.378568014203765
2026-09-04 10:00:00,9.954502689952239,38.588551625239006
2026-09-04 11:00:00,10.055962983109172,38.66576754984977
2026-09-04 12:00:00,6.083466119266182,35.64251570609125
2026-09-04 13:00:00,5.914574996741587,35.51398183556406
2026-09-04 14:00:00,4.876059468996007,34.7236240098334
2026-09-04 15:00:00,6.028215908776334,35.60046776836931
2026-09-04 16:00:00,6.737966887216622,36.140620732040425
2026-09-04 17:00:00,6.1244270954555615,35.67368888281891
2026-09-04 18:00:00,6.451778423786105,35.922818219065825
2026-09-04 19:00:00,6.844766015167137,36.22189975416553
2026-09-04 20:00:00,6.628745094737947,36.05749795137939
2026-09-04 21:00:00,6.4649011899804325,35.93280524446872
2026-09-04 22:00:00,6.492021573448617,35.953445096968046
2026-09-04 23:00:00,6.547383944333301,35.99557839388146
2026-09-05 00:00:00,6.351305142103649,35.846353455340086
2026-09-05 01:00:00,6.261531962087247,35.778031958481286
2026-09-05 02:00:00,6.3417266443857505,35.83906378038787
2026-09-05 03:00:00,6.370686458329048,35.86110352362741
2026-09-05 04:00:00,6.186765842898182,35.721131521442224
2026-09-05 05:00:00,6.360659319031874,35.853472411909316
2026-09-05 06:00:00,6.509787779988577,35.9669659928981
2026-09-05 07:00:00,6.657727340760247,36.07955476645728
2026-09-05 08:00:00,6.52322459528841,35.977192024037144
2026-09-05 09:00:00,6.481231743466662,35.94523354274789
2026-09-05 10:00:00,6.451464374680621,35.92257921332969
2026-09-05 11:00:00,6.431881169744508,35.90767549849768
2026-09-05 12:00:00,6.644671870802815,36.06961895656925
2026-09-05 13:00:00,6.441728852409971,35.915170035509426
2026-09-05 14:00:00,6.679710778145519,36.09628516798688
2026-09-05 15:00:00,6.87318745921528,36.243529773285985
2026-09-05 16:00:00,7.402562090701155,36.64640808522262
2026-09-05 17:00:00,7.439799341782437,36.67474733679324
2026-09-05 18:00:00,7.308302494891854,36.57467222070471
2026-09-05 19:00:00,6.756518216520366,36.15473914231085
2026-09-05 20:00:00,6.720245544834579,36.127133979786954
2026-09-05 21:00:00,7.097530680940392,36.41426522807978
2026-09-05 22:00:00,6.823792021335254,36.2059375853592
2026-09-05 23:00:00,6.930927630470209,36.28747268505872
2026-09-06 00:00:00,7.012243916716937,36.34935809888009
2026-09-06 01:00:00,7.199305023202829,36.49172015842666
2026-09-06 02:00:00,7.100357122889912,36.41641627970499
2026-09-06 03:00:00,7.371179612229652,36.62252458344714
2026-09-06 04:00:00,7.007779933002972,36.34596080305926
2026-09-06 05:00:00,7.283963689215296,36.55614927615407
2026-09-06 06:00:00,6.825272538546878,36.20706432668669
2026-09-06 07:00:00,6.870921819239871,36.24180551761815
2026-09-06 08:00:00,6.9430858172690195,36.29672562141492
2026-09-06 09:00:00,7.05210572103707,36.3796947555313
2026-09-06 10:00:00,7.317163166082887,36.58141559683146
2026-09-06 11:00:00,7.127028864778843,36.43671469543842
2026-09-06 12:00:00,7.133466871441669,36.44161431302921
2026-09-06 13:00:00,6.926957152493482,36.28445096968042
2026-09-06 14:00:00,6.2833359428408535,35.794625785304554
2026-09-06 15:00:00,6.672397920403052,36.09071974870254
2026-09-06 16:00:00,6.595007247975157,36.031821906582906
2026-09-06 17:00:00,6.737092036137005,36.1399549303469
2026-09-06 18:00:00,7.208165694393838,36.4984635345534
2026-09-06 19:00:00,6.926979584572463,36.28446804151872
2026-09-06 20:00:00,7.110945064161221,36.424474187380504
2026-09-06 21:00:00,7.183580135848628,36.47975279978148
2026-09-06 22:00:00,7.432105138697547,36.668891696257845
2026-09-06 23:00:00,8.075143114297104,37.158273012838016
2026-09-07 00:00:00,7.667283054562531,36.847872848948356
2026-09-07 01:00:00,7.142664023817188,36.44861376673041
2026-09-07 02:00:00,7.026241533990859,36.360010925976525
2026-09-07 03:00:00,6.40296621995915,35.88566989893472
2026-09-07 04:00:00,6.689221979626519,36.1035236274242
2026-09-07 05:00:00,6.76878856371399,36.16407743785851
2026-09-07 06:00:00,6.544019132488605,35.99301761813712
2026-09-07 07:00:00,5.9575548600378125,35.54669147773832
2026-09-07 08:00:00,6.046273732342862,35.61421059819722
2026-09-07 09:00:00,5.769170260893026,35.40332217973233
2026-09-07 10:00:00,5.872694305314676,35.48210871346626
2026-09-07 11:00:00,6.007645692365789,35.58481289265229
2026-09-07 12:00:00,6.426407742477154,35.903509969953554
2026-09-07 13:00:00,5.854771074221963,35.46846831466812
2026-09-07 14:00:00,5.49572321831439,35.195216470909585
2026-09-07 15:00:00,4.665826024939677,34.56362674132751
2026-09-07 16:00:00,5.129900874559504,34.91680893198579
2026-09-07 17:00:00,5.481770465198405,35.18459778748975
2026-09-07 18:00:00,5.505167123558493,35.20240371483202
2026-09-07 19:00:00,5.885749775272107,35.49204452335428
2026-09-07 20:00:00,5.599022941946434,35.27383228626059
2026-09-07 21:00:00,5.433025557608303,35.147500682873535
2026-09-07 22:00:00,4.957891693058887,34.78590207593554
2026-09-07 23:00:00,5.316401179071305,35.05874419557497
2026-09-08 00:00:00,5.767442990812727,35.402007648183556
2026-09-08 01:00:00,6.056614920745541,35.622080715651485
2026-09-08 02:00:00,4.90813734191535,34.74803673859601
2026-09-08 03:00:00,4.854906018532369,34.70752526632068
2026-09-08 04:00:00,4.344419197534701,34.31902144222891
2026-09-08 05:00:00,4.118505730282086,34.14709095875445
2026-09-08 06:00:00,3.547811209343411,33.71276632067742
2026-09-08 07:00:00,3.9031577722218227,33.98320131111717
2026-09-08 08:00:00,3.759592466848307,33.87394154602567
2026-09-08 09:00:00,4.531233551151984,34.46119571155423
2026-09-08 10:00:00,4.096073651317471,34.13001912045888
2026-09-08 11:00:00,3.786533393684804,33.894444823818624
2026-09-08 12:00:00,3.8313526874561172,33.92855435673315
2026-09-08 13:00:00,2.735926975377264,33.094885277246675
2026-09-08 14:00:00,4.0949969115271845,34.1291996722207
2026-09-08 15:00:00,4.8497915045284365,34.703632887189286
2026-09-08 16:00:00,4.472685825054334,34.41663821360284
2026-09-08 17:00:00,3.9533607649446365,34.021408085222625
2026-09-08 18:00:00,3.7999702089846146,33.90467085495767
2026-09-08 19:00:00,3.8224022879492074,33.921742693253215
2026-09-08 20:00:00,3.916594587521634,33.99342734225623
2026-09-08 21:00:00,3.9259936286077983,34.000580442502034
2026-09-08 22:00:00,4.0836014154131774,34.120527178366565
2026-09-08 23:00:00,3.8443857253345683,33.93847309478286
2026-09-09 00:00:00,4.55963256312117,34.48280865883637
2026-09-09 01:00:00,4.82175140582265,34.68229308931985
2026-09-09 02:00:00,4.450522931037285,34.39977123736683
2026-09-09 03:00:00,4.253120636148714,34.249539060366025
2026-09-09 04:00:00,5.44984961683177,35.160304561595204
2026-09-09 05:00:00,4.893377033956646,34.736803468997536
2026-09-09 06:00:00,5.4218768143629035,35.13901597924065
2026-09-09 07:00:00,5.6874726293038735,35.34114654465992
2026-09-09 08:00:00,6.63094343847648,36.05917099153238
2026-09-09 09:00:00,4.957487915637504,34.7855947828462
2026-09-09 10:00:00,4.885705262950757,34.73096490030046
2026-09-09 11:00:00,5.79362122696442,35.42193048347446
2026-09-09 12:00:00,6.42483749694963,35.90231494127287
2026-09-09 13:00:00,5.380736381541814,35.10770622780662
2026-09-09 14:00:00,4.970947163016295,34.795837885823545
2026-09-09 15:00:00,4.160453717945918,34.17901529636711
2026-09-09 16:00:00,4.627489601989105,34.534450969680414
2026-09-09 17:00:00,4.56268332586034,34.48513042884458
2026-09-09 18:00:00,3.751561782578975,33.86782982791587
2026-09-09 19:00:00,3.3489508293221513,33.561424474187376
2026-09-09 20:00:00,3.5488879491337415,33.71358576891561
2026-09-09 21:00:00,3.14724157527239,33.40791450423383
2026-09-09 22:00:00,2.6515823584703235,33.030695165255395
2026-09-09 23:00:00,3.509317761840132,33.683471046162246
2026-09-10 00:00:00,3.227279233018096,33.468826823272316
2026-09-10 01:00:00,3.0327931083949244,33.320813985249934
2026-09-10 02:00:00,3.6246859439551318,33.77127151051624
2026-09-10 03:00:00,3.5578832127985462,33.720431576072116
2026-09-10 04:00:00,3.7192147247120215,33.843212237093695
2026-09-10 05:00:00,4.025883676237228,34.076601338432134
2026-09-10 06:00:00,3.7551284831343423,33.870544250204865
2026-09-10 07:00:00,3.073170850531209,33.351543294181916
2026-09-10 08:00:00,3.0686844347382864,33.348128926522804
2026-09-10 09:00:00,2.8040083350348275,33.14669830647364
2026-09-10 10:00:00,2.5150831579706665,32.92681302922699
2026-09-10 11:00:00,2.4648128690109563,32.88855503960667
2026-09-10 12:00:00,0.3454524805134601,31.275624829281607
2026-09-10 13:00:00,0.9700288551251405,31.75095602294456
2026-09-10 14:00:00,1.5029477550874024,32.156531685331856
2026-09-10 15:00:00,1.1395256437817418,31.879950833105713
2026-09-10 16:00:00,1.027387681037623,31.79460871346626
2026-09-10 17:00:00,1.3161109693911603,32.01434034416826
2026-09-10 18:00:00,1.144012059574665,31.883365200764825
2026-09-10 19:00:00,0.9394987956543187,31.72772125102432
2026-09-10 20:00:00,1.1800828425497603,31.91081671674405
2026-09-10 21:00:00,0.9017456067568633,31.69898934717292
2026-09-10 22:00:00,0.21184701820023227,31.173944960393325
2026-09-10 23:00:00,-0.38872703191928615,30.716880633706644
2026-09-11 00:00:00,0.3736720358509345,31.2971012018574
2026-09-11 01:00:00,0.5146352200645455,31.40438063370663
2026-09-11 02:00:00,0.2168493718093403,31.177751980333223
2026-09-11 03:00:00,0.3360085752693679,31.268437585359205
2026-09-11 04:00:00,0.8344718019419753,31.64779090412455
2026-09-11 05:00:00,1.1459412183656104,31.88483337885823
2026-09-11 06:00:00,1.2472220548908317,31.96191272876264
2026-09-11 07:00:00,1.0962317313800354,31.8470021851953
2026-09-11 08:00:00,1.3973375273219883,32.076157470636424
2026-09-11 09:00:00,0.6729384013178309,31.524856596558315
2026-09-11 10:00:00,0.5635820163653392,31.44163138486753
2026-09-11 11:00:00,0.6597483388866276,31.514818355640532
2026-09-11 12:00:00,2.895934994631823,33.2166586998088
2026-09-11 13:00:00,5.609251969954278,35.28161704452335
2026-09-11 14:00:00,4.613155503530741,34.52354206500956
2026-09-11 15:00:00,2.2213126518501154,32.703240234908485
2026-09-11 16:00:00,2.633502102824837,33.01693526358919
2026-09-11 17:00:00,1.776596686376685,32.36479104069926
2026-09-11 18:00:00,0.6998568960753694,31.545342802512987
2026-09-11 19:00:00,1.2203035601332932,31.94142652280797
2026-09-11 20:00:00,1.3399114051726086,32.03245356459984
2026-09-11 21:00:00,0.8210125545632284,31.637547801147225
2026-09-11 22:00:00,0.9152048541356326,31.709232450150242
2026-09-11 23:00:00,1.0850156918977163,31.838466266047526
2026-09-12 00:00:00,1.223488915346258,31.943850723845934
2026-09-12 01:00:00,1.1897062044255744,31.918140535372846
2026-09-12 02:00:00,1.2247675438472803,31.944823818628777
2026-09-12 03:00:00,1.1801052746286962,31.910833788582348
2026-09-12 04:00:00,1.0783982286031788,31.833430073750353
2026-09-12 05:00:00,1.0677429910949725,31.825320950559956
2026-09-12 06:00:00,1.2286482935081298,31.947777246653907
2026-09-12 07:00:00,1.183380358157561,31.913326276973525
2026-09-12 08:00:00,1.3863009444714025,32.06775812619501
2026-09-12 09:00:00,1.3625902370058318,32.049713193116645
2026-09-12 10:00:00,1.3255773067142442,32.021544659928985
2026-09-12 11:00:00,1.3773954091224534,32.060980606391695
2026-09-12 12:00:00,1.3414143544632358,32.033597377765645
2026-09-12 13:00:00,1.4009042278773998,32.07887189292544
2026-09-12 14:00:00,1.6133808798301805,32.24057634526086
2026-09-12 15:00:00,1.431972657243376,32.10251638896475
2026-09-12 16:00:00,1.3818145286784795,32.06434375853593
2026-09-12 17:00:00,1.0510983885032383,31.812653646544664
2026-09-12 18:00:00,0.8725839041028521,31.67679595738871
2026-09-12 19:00:00,0.8366701456805314,31.64946394427754
2026-09-12 20:00:00,0.960069012064841,31.743376126741328
2026-09-12 21:00:00,1.1709529864111394,31.903868478557772
2026-09-12 22:00:00,1.099529246987836,31.849511745424753
2026-09-12 23:00:00,1.2039730066470415,31.928998224528808
2026-09-13 00:00:00,1.1978939132476585,31.924371756350727
2026-09-13 01:00:00,1.2964829002971079,31.99940248565965
2026-09-13 02:00:00,1.2291642313243483,31.94816989893472
2026-09-13 03:00:00,1.0094420178659531,31.780951242829826
2026-09-13 04:00:00,1.0498197600022385,31.811680551761807
2026-09-13 05:00:00,1.3010590444058863,32.00288514067193
2026-09-13 06:00:00,0.8531801557984714,31.662028817263057
2026-09-13 07:00:00,0.8658318483345204,31.67165733406174
2026-09-13 08:00:00,0.16083647063473236,31.13512360010927
2026-09-13 09:00:00,0.14805018562487815,31.125392652280787
2026-09-13 10:00:00,-0.14518195060051808,30.902229582081393
2026-09-13 11:00:00,0.11285425372943376,31.098606937995104
2026-09-13 12:00:00,0.047823656811007365,31.04911567877629
2026-09-13 13:00:00,0.24901697304461684,31.20223299644905
2026-09-13 14:00:00,1.06327900738103,31.82192365473913
2026-09-13 15:00:00,0.8811753903462962,31.683334471455893
2026-09-13 16:00:00,1.1981630981952467,31.924576618410278
2026-09-13 17:00:00,1.3166044751283756,32.01471592461077
2026-09-13 18:00:00,1.3388795295402165,32.031668260038224
2026-09-13 19:00:00,1.215794712261412,31.93799508331056
2026-09-13 20:00:00,1.359382449713864,32.04727192024036
2026-09-13 21:00:00,1.2875773649481588,31.99262496585632
2026-09-13 22:00:00,-0.06283378872142018,30.96490030046436
2026-09-13 23:00:00,0.22431925410454817,31.183436902485656
2026-09-14 00:00:00,0.14802775354593106,31.125375580442505
2026-09-14 01:00:00,0.8455981131084389,31.65625853591915
2026-09-14 02:00:00,1.9246484075431245,32.47746517344988
2026-09-14 03:00:00,1.916415834563124,32.47119980879541
2026-09-14 04:00:00,2.1080979493157104,32.61707866703087
2026-09-14 05:00:00,1.9510958286423834,32.49759287080031
2026-09-14 06:00:00,1.9092824334523681,32.46577096421742
2026-09-14 07:00:00,2.5802034832049143,32.976372575798976
2026-09-14 08:00:00,2.213573584607308,32.697350450696526
2026-09-14 09:00:00,3.139502508029583,33.40202472002186
2026-09-14 10:00:00,2.6124159485980964,33.00088773559139
2026-09-14 11:00:00,2.3194529973202886,32.777929527451505
2026-09-14 12:00:00,2.144505213475269,32.64478626058453
2026-09-14 13:00:00,3.1988129248119916,33.44716266047528
2026-09-14 14:00:00,3.9907774726575833,34.0498839114996
2026-09-14 15:00:00,4.118550594440047,34.147125102431026
2026-09-14 16:00:00,4.547900585822676,34.47388008740781
2026-09-14 17:00:00,4.926015708850145,34.76164299371755
2026-09-14 18:00:00,5.572126879267854,35.253363152144225
2026-09-14 19:00:00,5.024761720452392,34.83679322589457
2026-09-14 20:00:00,5.289460252234809,35.03824091778204
2026-09-14 21:00:00,4.521901806302695,34.45409382682326
2026-09-14 22:00:00,4.073596708194939,34.11291313848675
2026-09-14 23:00:00,3.246368932216994,33.48335495766186
2026-09-15 00:00:00,2.716343770441128,33.07998156241464
2026-09-15 01:00:00,2.6376744695122554,33.02011062551217
2026-09-15 02:00:00,2.628387588820904,33.01304288445782
2026-09-15 03:00:00,2.0973529834916937,32.60890125648731
2026-09-15 04:00:00,1.8508917319074707,32.42133296913411
2026-09-15 05:00:00,1.9919446444369482,32.528680688336514
2026-09-15 06:00:00,1.2218513735818592,31.942604479650377
2026-09-15 07:00:00,0.4217215489931302,31.333669079486477
2026-09-15 08:00:00,0.5787461017454045,31.453171947555298
2026-09-15 09:00:00,0.5429445037179198,31.425925293635615
2026-09-15 10:00:00,0.6994082544960704,31.545001365747066
2026-09-15 11:00:00,0.4441536279577456,31.350740917782016
2026-09-15 12:00:00,0.4837238152513106,31.38085564053536
2026-09-15 13:00:00,-0.2764544767014067,30.80232518437585
2026-09-15 14:00:00,-1.7945678527104467,29.646971455886373
2026-09-15 15:00:00,-0.5159617838065619,30.620049166894287
2026-09-15 16:00:00,-0.7941195629677482,30.408358372029493
2026-09-15 17:00:00,0.4934817696009412,31.38828189019393
2026-09-15 18:00:00,-1.6644842267946693,29.74597104616224
2026-09-15 19:00:00,-1.2461708182625924,30.064326686697623
2026-09-15 20:00:00,-1.8097543701694703,29.635413821360302
2026-09-15 21:00:00,-2.8896122194468874,28.813592597650935
2026-09-15 22:00:00,-2.4092292484197553,29.17918601475007
2026-09-15 23:00:00,-2.4619894981445127,29.13903305107893
2026-09-16 00:00:00,-2.175711306398117,29.356903851406717
2026-09-16 01:00:00,-2.810449412780788,28.873839114995913
2026-09-16 02:00:00,-1.9194248042274555,29.551949603933362
2026-09-16 03:00:00,-2.0592663844928527,29.445523763998903
2026-09-16 04:00:00,-1.9695156365554216,29.5138281890194
2026-09-16 05:00:00,-1.749703694781216,29.68111513247746
2026-09-16 06:00:00,-1.597165557821876,29.79720363288717
2026-09-16 07:00:00,-2.187981653591786,29.347565555859063
2026-09-16 08:00:00,-2.2566686793814457,29.295291586998083
2026-09-16 09:00:00,-1.680186682069889,29.734020759355378
2026-09-16 10:00:00,-1.6864676641799743,29.729240644632597
2026-09-16 11:00:00,-1.1036822526793737,30.17276700355096
2026-09-16 12:00:00,-1.7362893115603633,29.69132409177822
2026-09-16 13:00:00,-2.4585573900629285,29.141645042338155
2026-09-16 14:00:00,-2.342336788947258,29.230094236547398
2026-09-16 15:00:00,-2.1391245856068593,29.384748019666773
2026-09-16 16:00:00,-2.184908458773635,29.34990439770554
2026-09-16 17:00:00,-2.184886026694677,29.349921469543823
2026-09-16 18:00:00,-2.4899847326923483,29.117727396886096
2026-09-16 19:00:00,-1.4850275950777685,29.882545752526624
2026-09-16 20:00:00,-1.2644305305397896,30.05043021032504
2026-09-16 21:00:00,-1.7183212163097352,29.704998634252938
2026-09-16 22:00:00,-2.391552770195629,29.192638623326957
2026-09-16 23:00:00,-1.202360968044701,30.09766798688881
2026-09-17 00:00:00,-0.8955798561246799,30.331142447418756
2026-09-17 01:00:00,-0.825053399859919,30.384816307019957
2026-09-17 02:00:00,-0.8344748730250977,30.377646134935798
2026-09-17 03:00:00,-0.6730087686377945,30.500529226987183
2026-09-17 04:00:00,-0.45357817220597957,30.667525949194207
2026-09-17 05:00:00,-0.9155219743242149,30.315965583174016
2026-09-17 06:00:00,-0.593464616629293,30.56106596558317
2026-09-17 07:00:00,-0.6264173406283317,30.535987435126998
2026-09-17 08:00:00,-0.375469673251197,30.72697009013931
2026-09-17 09:00:00,-0.6145507708560338,30.54501843758537
2026-09-17 10:00:00,-0.7626922203383284,30.43227601748156
2026-09-17 11:00:00,-0.5832580207003969,30.56883365200766
2026-09-17 12:00:00,-0.0121597223403722,31.003465583174002
2026-09-17 13:00:00,-0.10754092209787622,30.93087612674133
2026-09-17 14:00:00,-0.5373619871387851,30.603762633160365
2026-09-17 15:00:00,0.08524036452395503,31.077591505053263
2026-09-17 16:00:00,0.025683194872949715,31.032265774378597
2026-09-17 17:00:00,-0.16633540106414468,30.886130838568693
2026-09-17 18:00:00,-0.3724862067488898,30.729240644632615
2026-09-17 19:00:00,-0.3319963042178021,30.76005531275607
2026-09-17 20:00:00,-0.4172382042833182,30.695182327232985
2026-09-17 21:00:00,-0.7316462230512881,30.45590344168262
2026-09-17 22:00:00,-0.7223369102809901,30.46298825457525
2026-09-17 23:00:00,-0.7290441018914052,30.45788377492487
2026-09-18 00:00:00,-0.3409915678825841,30.753209505599564
2026-09-18 01:00:00,0.0044848802513619305,31.016132887189272
2026-09-18 02:00:00,0.5524781372778785,31.433180824911243
2026-09-18 03:00:00,1.4389266017224214,32.1078086588364
2026-09-18 04:00:00,1.8707441217911729,32.43644154602568
2026-09-18 05:00:00,1.6864197289389469,32.296162250751166
2026-09-18 06:00:00,1.9336212391289929,32.4842939087681
2026-09-18 07:00:00,2.3688260031213786,32.81550464354
2026-09-18 08:00:00,3.432420595149452,33.6249487844851
2026-09-18 09:00:00,3.2975140722562775,33.52227874897569
2026-09-18 10:00:00,3.462008507303781,33.64746653919693
2026-09-18 11:00:00,2.961010455708155,33.26618410270418
2026-09-18 12:00:00,2.918636258544004,33.23393540016389
2026-09-18 13:00:00,7.472303424202142,36.699484430483466
2026-09-18 14:00:00,9.412095020587936,38.17575457525267
2026-09-18 15:00:00,8.936019008721981,37.813438951106264
2026-09-18 16:00:00,9.2077612132993,38.02024720021853
2026-09-18 17:00:00,9.594176205543667,38.314326686697626
2026-09-18 18:00:00,9.413440945325787,38.17677888555038
2026-09-18 19:00:00,10.01087450439029,38.6314531548757
2026-09-18 20:00:00,9.798330556200591,38.46969748702539
2026-09-18 21:00:00,10.085887376447943,38.68854138213602
2026-09-18 22:00:00,9.863406017276946,38.519222889920805
2026-09-18 23:00:00,9.291051522494891,38.08363493580988
2026-09-19 00:00:00,11.05221647408546,39.42396203223162
2026-09-19 01:00:00,10.181874242337543,38.76159177820268
2026-09-19 02:00:00,10.235105565720545,38.80210325047802
2026-09-19 03:00:00,9.856653961508568,38.51408426659383
2026-09-19 04:00:00,9.605392245025985,38.3228626058454
2026-09-19 05:00:00,9.641306003448307,38.350194618956564
2026-09-19 06:00:00,9.668224498205845,38.37068082491122
2026-09-19 07:00:00,9.776234958420483,38.4528817263043
2026-09-19 08:00:00,10.251458551285733,38.81454862059546
2026-09-19 09:00:00,10.28232509194104,38.83803947009015
2026-09-19 10:00:00,10.037658406674035,38.651836929800595
2026-09-19 11:00:00,10.230417261216953,38.79853523627425
2026-09-19 12:00:00,10.291813861343083,38.845260857689155
2026-09-19 13:00:00,10.36810536190171,38.90332217973231
2026-09-19 14:00:00,10.866097514916083,39.28231698989346
2026-09-19 15:00:00,10.978257909739138,39.3676761813712
2026-09-19 16:00:00,11.43470585251106,39.71505394700901
2026-09-19 17:00:00,10.59242615154782,39.07404056268778
2026-09-19 18:00:00,10.511805259749021,39.01268437585361
2026-09-19 19:00:00,10.345673282937096,38.886250341436764
2026-09-19 20:00:00,9.899992738068214,38.54706705818082
2026-09-19 21:00:00,9.776795760394574,38.45330852226169
2026-09-19 22:00:00,10.13781763925103,38.72806268779023
2026-09-19 23:00:00,10.112334797547245,38.70866907948649
2026-09-20 00:00:00,10.209645156095695,38.78272671401257
2026-09-20 01:00:00,9.771367197285135,38.44917713739417
2026-09-20 02:00:00,8.052015640884582,37.140671947555326
2026-09-20 03:00:00,8.399398815730558,37.40504643540017
2026-09-20 04:00:00,8.278310453479575,37.31289265228079
2026-09-20 05:00:00,8.417187454349499,37.41858440316854
2026-09-20 06:00:00,8.002485610530739,37.102977328598755
2026-09-20 07:00:00,8.007353371666063,37.10668191750888
2026-09-20 08:00:00,7.902460970427537,37.026854001638895
2026-09-20 09:00:00,8.362677502465473,37.37709983611035
2026-09-20 10:00:00,8.025231738600837,37.12028817263043
2026-09-20 11:00:00,8.41469749358442,37.416689429117724
2026-09-20 12:00:00,8.415953690006438,37.41764545206226
2026-09-20 13:00:00,8.574795241154856,37.538531139033054
2026-09-20 14:00:00,8.83823757651523,37.73902280797595
2026-09-20 15:00:00,9.354152960622338,38.131658016935255
2026-09-20 16:00:00,10.300809125007865,38.85210666484568
2026-09-20 17:00:00,9.883415431713377,38.534450969680414
2026-09-20 18:00:00,9.632310739783524,38.34334881180005
2026-09-20 19:00:00,9.94932087971141,38.58460803059274
2026-09-20 20:00:00,9.757593900800885,38.4386950286807
2026-09-20 21:00:00,9.399039550630505,38.16581876536465
2026-09-20 22:00:00,10.051454135237291,38.66233611035238
2026-09-20 23:00:00,9.950846261080972,38.58576891559682
2026-09-21 00:00:00,10.914797558348269,39.31937995083312
2026-09-21 01:00:00,9.544758335584639,38.27671742693253
2026-09-21 02:00:00,10.248318060230707,38.812158563234085
2026-09-21 03:00:00,10.505434549323068,39.00783597377765
2026-09-21 04:00:00,10.448860846174327,38.96478079759628
2026-09-21 05:00:00,10.78531959856453,39.2208413001912
2026-09-21 06:00:00,10.986983988456354,39.37431712646817
2026-09-21 07:00:00,11.166687373041864,39.5110796230538
2026-09-21 08:00:00,15.742809049743597,42.993717563507246
2026-09-21 09:00:00,17.747586378889864,44.51944482381865
2026-09-21 10:00:00,17.27216089731388,44.157624282982795
2026-09-21 11:00:00,18.27133055855559,44.918038104343076
2026-09-21 12:00:00,19.248942991912322,45.662045889101336
2026-09-21 13:00:00,19.57048441179103,45.90675361922972
2026-09-21 14:00:00,20.417968355074056,46.551727670035525
2026-09-21 15:00:00,20.605433238981334,46.69439702267141
2026-09-21 16:00:00,20.682150949040302,46.75278270964218
2026-09-21 17:00:00,20.53701539813926,46.64232791587
2026-09-21 18:00:00,20.88368074645835,46.90615610488938
2026-09-21 19:00:00,21.867013359951024,47.654517208413004
2026-09-21 20:00:00,23.014571223543637,48.527861240098325
2026-09-21 21:00:00,22.087251511225574,47.82212851679867
2026-09-21 22:00:00,21.785427888756754,47.59242693253211
2026-09-21 23:00:00,22.15838363362237,47.87626331603388
2026-09-22 00:00:00,20.522434546812267,46.63123122097789
2026-09-22 01:00:00,19.906718843391584,46.16264340344168
2026-09-22 02:00:00,20.128056166535423,46.33109123190385
2026-09-22 03:00:00,20.078548568260537,46.2934136847856
2026-09-22 04:00:00,19.538316810555788,45.882272603113904
2026-09-22 05:00:00,19.415770363172115,45.789009150505315
2026-09-22 06:00:00,19.385801105675384,45.76620117454247
2026-09-22 07:00:00,19.296050357738007,45.697896749522
2026-09-22 08:00:00,21.269557368807586,47.1998258672494
2026-09-22 09:00:00,21.33734711143865,47.25141696257854
2026-09-22 10:00:00,20.552246779756224,46.65391969407267
2026-09-22 11:00:00,20.737580616161814,46.794967222070476
2026-09-22 12:00:00,20.8214541594105,46.858798825457534
2026-09-22 13:00:00,21.54376710207098,47.408512018574164
2026-09-22 14:00:00,21.34636480718239,47.25827984157333
2026-09-22 15:00:00,21.6943087840025,47.52308112537558
2026-09-22 16:00:00,21.712276879253174,47.53675566785032
2026-09-22 17:00:00,22.046761608694474,47.79131384867524
2026-09-22 18:00:00,21.802700589559496,47.60557224801966
2026-09-22 19:00:00,21.199277665411465,47.14633979786943
2026-09-22 20:00:00,21.35982405456118,47.26852294455067
2026-09-22 21:00:00,21.180367422844277,47.13194823818628
2026-09-22 22:00:00,21.045774949056607,47.02951720841298
2026-09-22 23:00:00,21.235438176702417,47.17385960120185
2026-09-23 00:00:00,21.793413708868144,47.59850450696531
2026-09-23 01:00:00,21.597581659507124,47.44946735864518
2026-09-23 02:00:00,22.00642873071608,47.76061868341983
2026-09-23 03:00:00,22.34741876305717,48.02012769735046
2026-09-23 04:00:00,23.385306192591788,48.81000751160886
2026-09-23 05:00:00,21.880248286540144,47.66458959300737
2026-09-23 06:00:00,21.821139758468426,47.61960529909862
2026-09-23 07:00:00,21.04747978705795,47.03081466812349
2026-09-23 08:00:00,20.543251516091416,46.647073886916154
2026-09-23 09:00:00,20.440826643538994,46.56912387325867
2026-09-23 10:00:00,20.595024754341758,46.68647568970228
2026-09-23 11:00:00,19.982359813660246,46.22020964217427
2026-09-23 12:00:00,19.670464187736336,45.982842802512984
2026-09-23 13:00:00,20.301029927431532,46.46273217700082
2026-09-23 14:00:00,17.479029529525537,44.31506077574434
2026-09-23 15:00:00,16.272228545387364,43.396630019120465
2026-09-23 16:00:00,16.36642084495979,43.46831466812348
2026-09-23 17:00:00,17.0137209155626,43.960939633979784
2026-09-23 18:00:00,17.021437550726407,43.966812346353464
2026-09-23 19:00:00,17.44316063526111,44.28776290630975
2026-09-23 20:00:00,16.803532335664187,43.8009765091505
2026-09-23 21:00:00,17.22215979330176,44.119571155422015
2026-09-23 22:00:00,17.544127422680802,44.364603250478005
2026-09-23 23:00:00,17.173078404527214,44.082217973231366
2026-09-24 00:00:00,16.99451905596889,43.94632614039879
2026-09-24 01:00:00,16.515257688889996,43.58158631521444
2026-09-24 02:00:00,17.10116115936665,44.02748565965582
2026-09-24 03:00:00,16.133149655806776,43.290784621688054
2026-09-24 04:00:00,16.38436650813146,43.48197213875989
2026-09-24 05:00:00,16.231873235330042,43.36591778202677
2026-09-24 06:00:00,16.53688221301189,43.59804356733133
2026-09-24 07:00:00,17.456664746797795,44.29804015296368
2026-09-24 08:00:00,15.518488260097488,42.822999180551754
2026-09-24 09:00:00,14.630065772704059,42.14686902485659
2026-09-24 10:00:00,15.1869421330005,42.570677410543574
2026-09-24 11:00:00,15.147416809864875,42.54059683146682
2026-09-24 12:00:00,15.393451851948733,42.727840753892366
2026-09-24 13:00:00,16.860891161576692,43.844629199672205
2026-09-24 14:00:00,15.549377232831754,42.84650710188474
2026-09-24 15:00:00,17.218839845615,44.11704452335426
2026-09-24 16:00:00,17.403523151730646,44.257596968041526
2026-09-24 17:00:00,16.527931813504978,43.591231903851416
2026-09-24 18:00:00,17.34896833568868,44.216078257306734
2026-09-24 19:00:00,17.206838683368918,44.10791108986615
2026-09-24 20:00:00,17.11482229545611,44.037882409177826
2026-09-24 21:00:00,17.066301708655658,44.00095602294455
2026-09-24 22:00:00,16.903265358740864,43.87687790221253
2026-09-24 23:00:00,17.20143255233846,44.10379677683694
2026-09-25 00:00:00,17.604694035885277,44.41069721387599
2026-09-25 01:00:00,17.65117330349995,44.44607006282437
2026-09-25 02:00:00,16.788502842757893,43.78953837749249
2026-09-25 03:00:00,16.79978617847711,43.79812551215517
2026-09-25 04:00:00,16.747788619437124,43.75855299098606
2026-09-25 05:00:00,16.71638370888666,43.7346524173723
2026-09-25 06:00:00,16.361934429166848,43.46490030046436
2026-09-25 07:00:00,16.379790364022707,43.478489483747616
2026-09-25 08:00:00,17.216731230192323,44.11543977055448
2026-09-25 09:00:00,17.559829877956044,44.37655353728488
2026-09-25 10:00:00,17.8820666922827,44.62179049440044
2026-09-25 11:00:00,17.588161593688355,44.39811526905217
2026-09-25 12:00:00,17.339524430444627,44.20889101338433
2026-09-25 13:00:00,16.110044614473278,43.27320062824367
2026-09-25 14:00:00,16.317092703316597,43.43077369571155
2026-09-25 15:00:00,15.823586966095126,43.0551932532095
2026-09-25 16:00:00,15.702924813344504,42.96336383501775
2026-09-25 17:00:00,15.799136000023731,43.03658494946737
2026-09-25 18:00:00,16.209396292207508,43.34881180005462
2026-09-25 19:00:00,16.32606553490242,43.43760243102977
2026-09-25 20:00:00,16.025453244697708,43.208822726031144
2026-09-25 21:00:00,15.814591702430345,43.04834744605298
2026-09-25 22:00:00,16.467477360695344,43.545223299644896
2026-09-25 23:00:00,16.505477302461404,43.574142993717565
2026-09-26 00:00:00,16.0793126662917,43.24981220977875
2026-09-26 01:00:00,16.453143262236978,43.53431439497407
2026-09-26 02:00:00,16.30361102385887,43.42051352089592
2026-09-26 03:00:00,16.144343263210136,43.29930346899754
2026-09-26 04:00:00,16.227341955379178,43.36246927069107
2026-09-26 05:00:00,16.10102691872947,43.26633774924885
2026-09-26 06:00:00,16.037162789917218,43.21773422562142
2026-09-26 07:00:00,16.543185627200902,43.602840753892394
2026-09-26 08:00:00,16.774707114194662,43.77903919694071
2026-09-26 09:00:00,16.33041735822157,43.440914367659126
2026-09-26 10:00:00,16.684776909625533,43.710598197213876
2026-09-26 11:00:00,16.675983534671396,43.70390603660202
2026-09-26 12:00:00,16.39760143472056,43.49204452335426
2026-09-26 13:00:00,16.144567583999805,43.299474187380504
2026-09-26 14:00:00,16.326043102823483,43.43758535919148
2026-09-26 15:00:00,16.631096944663252,43.66974528817263
2026-09-26 16:00:00,16.550363892469573,43.60830374214695
2026-09-26 17:00:00,16.578179670385687,43.62947282163343
2026-09-26 18:00:00,16.278217910470914,43.40118819994536
2026-09-26 19:00:00,16.31848349221241,43.43183214968588
2026-09-26 20:00:00,16.349237872472884,43.45523763998908
2026-09-26 21:00:00,16.63728819845747,43.67445711554222
2026-09-26 22:00:00,16.900326756396485,43.874641491395785
2026-09-26 23:00:00,17.252712284851583,44.14282299918056
2026-09-27 00:00:00,16.967622993290288,43.92585700628242
2026-09-27 01:00:00,17.391589285721462,44.24851475006827
2026-09-27 02:00:00,17.290622498301747,44.17167440590004
2026-09-27 03:00:00,17.183285000456078,44.089985659655824
2026-09-27 04:00:00,17.020540267567853,43.96612947282165
2026-09-27 05:00:00,17.35356691187644,44.21957798415733
2026-09-27 06:00:00,17.429005993434455,44.27699057634526
2026-09-27 07:00:00,18.055556390994987,44.7538240917782
2026-09-27 08:00:00,18.07574526206313,44.76918874624421
2026-09-27 09:00:00,18.398789631232503,45.01504028953837
2026-09-27 10:00:00,18.261931517469403,44.91088500409724
2026-09-27 11:00:00,18.295579635916337,44.93649276154057
2026-09-27 12:00:00,18.08025410993503,44.7726201857416
2026-09-27 13:00:00,18.59260279348675,45.16254097241191
2026-09-27 14:00:00,17.48806965734828,44.32194072657744
2026-09-27 15:00:00,17.320614187877435,44.194499453701184
2026-09-27 16:00:00,17.236785508786692,44.13070199399072
2026-09-27 17:00:00,17.568780277462935,44.383365200764814
2026-09-27 18:00:00,18.11807459506934,44.8014033051079
2026-09-27 19:00:00,17.932202388768573,44.65994605299098
2026-09-27 20:00:00,17.5194297037408,44.345807156514624
2026-09-27 21:00:00,17.82466300221228,44.57810366020214
2026-09-27 22:00:00,16.71921015083623,43.73680346899755
2026-09-27 23:00:00,17.339973072023923,44.20923245015023
2026-09-28 00:00:00,16.595228050398802,43.642447418738044
2026-09-28 01:00:00,15.595721907972607,42.881777519803336
2026-09-28 02:00:00,14.97617031904904,42.41027041791862
2026-09-28 03:00:00,14.797521242174902,42.27431029773287
2026-09-28 04:00:00,15.137613991357373,42.53313643813166
2026-09-28 05:00:00,14.450743733460932,42.01039674952198
2026-09-28 06:00:00,14.407606845612001,41.97756760447966
2026-09-28 07:00:00,13.961724412032407,41.638230674679036
2026-09-28 08:00:00,13.952729148367624,41.631384867522534
2026-09-28 09:00:00,13.288762043094076,41.1260755258126
2026-09-28 10:00:00,13.9482427325747,41.62797049986343
2026-09-28 11:00:00,14.22312542820702,41.837168806337054
2026-09-28 12:00:00,15.338470826406475,42.685997678229995
2026-09-28 13:00:00,15.478088085882222,42.79225279978149
2026-09-28 14:00:00,14.08283520636237,41.73040152963671
2026-09-28 15:00:00,14.867957970123774,42.327915869980885
2026-09-28 16:00:00,15.660034678364182,42.93072248019668
2026-09-28 17:00:00,16.01273425592476,43.19914299371757
2026-09-28 18:00:00,16.373576678149508,43.47376058453975
2026-09-28 19:00:00,14.911790252420593,42.36127424201037
2026-09-28 20:00:00,15.267248975693818,42.63179459164162
2026-09-28 21:00:00,14.5270128019406,42.068440999726846
2026-09-28 22:00:00,15.258298576186952,42.62498292816169
2026-09-28 23:00:00,15.159597428742643,42.549866839661284
2026-09-29 00:00:00,14.454512322727012,42.01326481835564
2026-09-29 01:00:00,14.190509185392502,41.81234635345534
2026-09-29 02:00:00,13.964842471008495,41.64060366020214
2026-09-29 03:00:00,14.194973169106467,41.81574364927616
2026-09-29 04:00:00,14.51572946622143,42.05985386506419
2026-09-29 05:00:00,15.004838515965835,42.432088227260316
2026-09-29 06:00:00,16.297015992643267,43.415494400437034
2026-09-29 07:00:00,16.2384906986246,43.37095397432396
2026-09-29 08:00:00,15.998557182019105,43.188353591914755
2026-09-29 09:00:00,16.859949014260177,43.8439121824638
2026-09-29 10:00:00,16.349574353657367,43.45549371756351
2026-09-29 11:00:00,17.08426980390631,44.01463056541927
2026-09-29 12:00:00,17.027830693231362,43.971677820267715
2026-09-29 13:00:00,16.729842956265433,43.74489552034962
2026-09-29 14:00:00,15.724885818650842,42.980077164709094
2026-09-29 15:00:00,14.190509185392502,41.81234635345534
2026-09-29 16:00:00,14.175412396249312,41.800857006282435
2026-09-29 17:00:00,14.212963696436054,41.82943526358917
2026-09-29 18:00:00,15.473624102168257,42.78885550396068
2026-09-29 19:00:00,15.370458971010006,42.71034211963943
2026-09-29 20:00:00,15.42066196373282,42.74854889374487
2026-09-29 21:00:00,15.168525396170573,42.556661431302935
2026-09-29 22:00:00,15.410836713146313,42.74107142857142
2026-09-29 23:00:00,15.526698400998528,42.829247473367936
2026-09-30 00:00:00,15.054951780372747,42.47022671401257
2026-09-30 01:00:00,15.042950618126689,42.46109328052444
2026-09-30 02:00:00,14.900888262043798,42.352977328598726
2026-09-30 03:00:00,14.712391502504154,42.20952267140126
2026-09-30 04:00:00,14.509067138768932,42.054783529090415
2026-09-30 05:00:00,14.899362880674213,42.35181644359466
2026-09-30 06:00:00,14.134743037086455,41.769905763452606
2026-09-30 07:00:00,14.721970000222054,42.21681234635345
2026-09-30 08:00:00,14.177969653251289,41.802803195848135
2026-09-30 09:00:00,15.4557008710755,42.77521510516251
2026-09-30 10:00:00,16.09725832946339,43.263469680415184
2026-09-30 11:00:00,16.0908651869585,43.258604206500955
2026-09-30 12:00:00,19.175634957855948,45.60625512155149
2026-09-30 13:00:00,17.711762348783378,44.49218109806065
2026-09-30 14:00:00,15.832559797680995,43.06202198852772
2026-09-30 15:00:00,16.58273338241551,43.63293840480743
2026-09-30 16:00:00,17.065045512233617,44.00000000000001
2026-09-30 17:00:00,16.351750265316944,43.457149685878186
2026-09-30 18:00:00,16.1690185500712,43.318082491122645
2026-09-30 19:00:00,15.390984323262636,42.725962851679874
2026-09-30 20:00:00,15.549870738568968,42.84688268232725
2026-09-30 21:00:00,15.737694535739664,42.98982518437585
2026-09-30 22:00:00,15.576475184221003,42.867129882545754
2026-09-30 23:00:00,15.436835492666317,42.76085768915599
2026-10-01 00:00:00,15.179831163968727,42.5652656378039
