CANDLE_START,PROFIT_PORTFOLIO,PROFIT_BTC
2023-10-02 00:00:00,0.0,0.0
2023-10-02 12:00:00,2.6945545189484243,1.3912691692876245
2023-10-03 00:00:00,-3.4811278563033747,-1.797397613136157
2023-10-03 12:00:00,-3.1850534424717503,-1.6445266280133268
2023-10-04 00:00:00,-4.310205553302061,-2.2254721726475273
2023-10-04 12:00:00,-2.510253396708497,-1.2961096661362053
2023-10-05 00:00:00,-0.8339313759139778,-0.4305806412347184
2023-10-05 12:00:00,-1.4401558724314691,-0.7435902484779994
2023-10-06 00:00:00,-3.292735776120601,-1.700125841103691
2023-10-06 12:00:00,-4.708484577435234,-2.43111407863009
2023-10-07 00:00:00,-0.13271344919757913,-0.06852343454918827
2023-10-07 12:00:00,0.18679729996777206,0.09644834518055266
2023-10-08 00:00:00,0.2279842324773778,0.11771423866133454
2023-10-08 12:00:00,-0.8448868226084247,-0.43623722569592194
2023-10-09 00:00:00,-0.7621662662381335,-0.3935264328969719
2023-10-09 12:00:00,-3.4394555559022537,-1.7758811114830502
2023-10-10 00:00:00,-2.627157720296357,-1.3564704345008618
2023-10-10 12:00:00,-3.505396250879716,-1.809928021752779
2023-10-11 00:00:00,-3.2560558311751877,-1.6811870235088313
2023-10-11 12:00:00,-5.959901007144658,-2.731199464414527
2023-10-12 00:00:00,-3.402654219592277,-4.0466775621553035
2023-10-12 12:00:00,-3.599333389568989,-3.945503462867908
2023-10-13 00:00:00,-3.596340748270689,-3.9470429130693665
2023-10-13 12:00:00,-4.313669907842364,-3.578040279893519
2023-10-14 00:00:00,-4.034101533533678,-3.721853569644906
2023-10-14 12:00:00,-4.038416504708006,-3.7196338972613723
2023-10-15 00:00:00,-3.7299656620552306,-3.8783046715153424
2023-10-15 12:00:00,-3.6560543816181577,-3.9163255113749194
2023-10-16 00:00:00,-5.769972679166503,-2.828900850456724
2023-10-16 12:00:00,-11.341693177776666,-0.15773994389956997
2023-10-17 00:00:00,-8.858837718472664,1.2388635993419947
2023-10-17 12:00:00,-9.235434892343534,1.0270280913860694
2023-10-18 00:00:00,-8.233509472185508,1.5906100697943972
2023-10-18 12:00:00,-8.52838435921335,1.424743260877745
2023-10-19 00:00:00,-8.156242450201526,1.6340726871103222
2023-10-19 12:00:00,-7.592078625764972,1.9514142356182238
2023-10-20 00:00:00,-6.555402139706397,2.5345436514684887
2023-10-20 12:00:00,-1.0231724709505963,5.646416929656082
2023-10-21 00:00:00,-0.2660956781174263,6.072271816783958
2023-10-21 12:00:00,0.625657406740521,6.573881974291193
2023-10-22 00:00:00,1.9209301945460853,7.302471533596712
2023-10-22 12:00:00,1.4376612506215765,7.030633268950903
2023-10-23 00:00:00,2.8643007051281226,7.833116437927039
2023-10-23 12:00:00,6.3191676633936975,9.776475410863158
2023-10-24 00:00:00,24.49785757446661,20.001969064211206
2023-10-24 12:00:00,31.227726083974115,23.78751291079603
2023-10-25 00:00:00,27.726715311097006,21.818198091439776
2023-10-25 12:00:00,29.704152795462985,22.930504563753846
2023-10-26 00:00:00,31.759875648066416,24.08684647206347
2023-10-26 12:00:00,29.202808205538904,22.64849876754483
2023-10-27 00:00:00,27.656385772964942,21.7786378013787
2023-10-27 12:00:00,28.33759576991271,22.161817696875115
2023-10-28 00:00:00,26.850937533090775,21.325574026969043
2023-10-28 12:00:00,27.702911467421547,21.80480845480373
2023-10-29 00:00:00,28.042848176166537,21.99602249029342
2023-10-29 12:00:00,30.232292621182133,23.227582651470286
2023-10-30 00:00:00,30.48707012447857,23.370894724876965
2023-10-30 12:00:00,31.29837385531037,23.82725220669447
2023-10-31 00:00:00,30.81720525053368,23.556595380575367
2023-10-31 12:00:00,29.45052093170174,22.787836911361715
2023-11-01 00:00:00,30.790410014738594,23.541523089067947
2023-11-01 12:00:00,32.59116442412308,24.554445520468427
2023-11-02 00:00:00,36.61796009700813,26.81951378434452
2023-11-02 12:00:00,36.158685936681586,26.561172559837182
2023-11-03 00:00:00,30.80702178799875,23.550867193779204
2023-11-03 12:00:00,30.092906477734903,23.14917809469768
2023-11-04 00:00:00,31.993140586757786,24.218057750863277
2023-11-04 12:00:00,32.388577166318285,24.440490404392083
2023-11-05 00:00:00,33.78415706009319,25.22550260363992
2023-11-05 12:00:00,34.45601100083693,25.603419727517334
2023-11-06 00:00:00,34.273854314742884,25.500956786200806
2023-11-06 12:00:00,35.237337163831455,26.04291485945358
2023-11-07 00:00:00,33.44587516401013,25.035219398504594
2023-11-07 12:00:00,32.25154594858227,24.363410490816122
2023-11-08 00:00:00,36.213994867574584,26.592283774373893
2023-11-08 12:00:00,36.413017913492126,26.704234025071553
2023-11-09 00:00:00,39.37634186452356,28.37110058158998
2023-11-09 12:00:00,45.89783127190957,32.03943140585816
2023-11-10 00:00:00,43.43693390369651,30.655179265395848
2023-11-10 12:00:00,47.832689153551215,33.12778689713073
2023-11-11 00:00:00,48.54177637918839,33.526647703981666
2023-11-11 12:00:00,47.28838308105783,32.82161531287539
2023-11-12 00:00:00,46.06038479262378,32.13086758759206
2023-11-12 12:00:00,46.70003353310072,32.49066932072656
2023-11-13 00:00:00,47.267252396297806,32.80972932527333
2023-11-13 12:00:00,46.204926313979314,32.212172038930206
2023-11-14 00:00:00,41.85098690715875,29.76308577422711
2023-11-14 12:00:00,42.50648366120576,30.131801998063185
2023-11-15 00:00:00,37.085699260566834,27.082616564126166
2023-11-15 12:00:00,41.502330608618195,29.56696697879319
2023-11-16 00:00:00,51.526167368339,35.20536444693462
2023-11-16 12:00:00,47.46659367541956,32.92185858180838
2023-11-17 00:00:00,42.63078555077304,30.201721678143933
2023-11-17 12:00:00,43.634365783593,30.76623448690664
2023-11-18 00:00:00,42.83445480147219,30.316285414067373
2023-11-18 12:00:00,43.148169094189704,30.492749368556925
2023-11-19 00:00:00,43.24612127444777,30.547847365302598
2023-11-19 12:00:00,43.423949988964424,30.64787582723072
2023-11-20 00:00:00,48.55838815244853,33.535991808692884
2023-11-20 12:00:00,47.56397303591002,32.976634368046746
2023-11-21 00:00:00,49.161949247567186,33.87549427986848
2023-11-21 12:00:00,47.82428779695987,33.12306114302389
2023-11-22 00:00:00,40.97699123509614,29.27146414244568
2023-11-22 12:00:00,43.83708033467947,30.88026120531792
2023-11-23 00:00:00,48.57671838501147,33.54630254492601
2023-11-23 12:00:00,48.58722008075065,33.552209737559565
2023-11-24 00:00:00,48.527392238357784,33.518556640132054
2023-11-24 12:00:00,51.19749611502327,35.020487218088185
2023-11-25 00:00:00,51.22295477136068,35.03480768507861
2023-11-25 12:00:00,51.24656767511362,35.04808991821223
2023-11-26 00:00:00,51.3764068224343,35.121124299863425
2023-11-26 12:00:00,50.6471436116497,34.7109145229226
2023-11-27 00:00:00,49.74896221606659,34.205688447500286
2023-11-27 12:00:00,46.47249679208526,32.36268014699961
2023-11-28 00:00:00,48.29610034553254,33.38845519752399
2023-11-28 12:00:00,47.959282322188876,33.19899541924064
2023-11-29 00:00:00,52.47685724261799,35.74012648552471
2023-11-29 12:00:00,54.0431374271351,36.62115741594333
2023-11-30 00:00:00,51.61088104730166,35.25301580084529
2023-11-30 12:00:00,52.254030353025,35.61478659819098
2023-12-01 00:00:00,50.99630908331703,34.907319727696326
2023-12-01 12:00:00,55.31517919103281,37.336679549120106
2023-12-02 00:00:00,57.56088726655408,38.599887942345816
2023-12-02 12:00:00,57.98038227635342,38.83585343718059
2023-12-03 00:00:00,62.584962154815585,41.42592469940448
2023-12-03 12:00:00,61.97904613398566,41.085097585032265
2023-12-04 00:00:00,67.09197173286469,43.9611127718875
2023-12-04 12:00:00,77.2004585249073,49.64712579277212
2023-12-05 00:00:00,77.99196815043679,50.092349111504554
2023-12-05 12:00:00,77.64146609931176,49.895192082213825
2023-12-06 00:00:00,92.0905265035978,58.02277312263154
2023-12-06 12:00:00,91.40327007576985,57.63619211622492
2023-12-07 00:00:00,90.07439186159895,56.88869954049204
2023-12-07 12:00:00,87.43795705793964,55.40570778013073
2023-12-08 00:00:00,87.33574055274505,55.34821110516417
2023-12-08 12:00:00,89.57540219738614,56.60801838747964
2023-12-09 00:00:00,92.33257467872549,58.15892496254303
2023-12-09 12:00:00,90.56930814079782,57.16708941878594
2023-12-10 00:00:00,89.75475843128305,56.7089060774272
2023-12-10 12:00:00,90.46760080872997,57.109879153159206
2023-12-11 00:00:00,88.85358564358026,56.201997347133506
2023-12-11 12:00:00,79.8162718169333,51.11851797487118
2023-12-12 00:00:00,76.68154746211046,49.355238874339705
2023-12-12 12:00:00,77.52174676788512,49.82785008619132
2023-12-13 00:00:00,74.73026874713112,48.257646681858326
2023-12-13 12:00:00,73.4437791957619,47.53399768366447
2023-12-14 00:00:00,83.49727529011577,53.18907849584977
2023-12-14 12:00:00,85.44976329127115,54.28735091051321
2023-12-15 00:00:00,84.13463275152236,53.54759138695514
2023-12-15 12:00:00,82.32783191125773,52.531267844644425
2023-12-16 00:00:00,77.89357044369278,50.03700050658655
2023-12-16 12:00:00,81.14304969195642,51.86482911207736
2023-12-17 00:00:00,79.40473263723936,50.887027625970894
2023-12-17 12:00:00,78.15331238497495,50.183105071056374
2023-12-18 00:00:00,74.4537240926662,48.10209060917478
2023-12-18 12:00:00,71.50898496076108,46.44567799355938
2023-12-19 00:00:00,83.02062559683898,52.92096355262146
2023-12-19 12:00:00,84.49748225097102,53.75169384273622
2023-12-20 00:00:00,81.17194526689936,51.8810828421115
2023-12-20 12:00:00,84.71139861084592,53.872021566623296
2023-12-21 00:00:00,88.54337191610914,56.02750245685514
2023-12-21 12:00:00,91.50084037618292,57.691075305965754
2023-12-22 00:00:00,90.11709875760494,56.91272212386848
2023-12-22 12:00:00,88.45573049166768,55.978204249240605
2023-12-23 00:00:00,90.02131056313549,56.85884136681699
2023-12-23 12:00:00,89.32768947122332,56.468680243662774
2023-12-24 00:00:00,89.40285615405944,56.510961422452
2023-12-24 12:00:00,88.95561120885233,56.25938661859765
2023-12-25 00:00:00,84.34256632715801,53.66455380109948
2023-12-25 12:00:00,88.96560373146473,56.26500740189139
2023-12-26 00:00:00,87.68522425761653,55.544795315775254
2023-12-26 12:00:00,83.35744362018266,53.110423330904844
2023-12-27 00:00:00,80.72826453357948,51.6315129036358
2023-12-27 12:00:00,84.29101254807475,53.635554855443836
2023-12-28 00:00:00,88.4467563153087,55.973156284626455
2023-12-28 12:00:00,83.48015434372891,53.17944798179871
2023-12-29 00:00:00,81.06762842255694,51.822404728618224
2023-12-29 12:00:00,83.73028564224376,53.320146569979656
2023-12-30 00:00:00,79.07835266299402,50.70343923915359
2023-12-30 12:00:00,78.41477278556003,50.3301762670481
2023-12-31 00:00:00,80.81787900388719,51.681920947442116
2023-12-31 12:00:00,81.20364129403946,51.89891182351458
2024-01-01 00:00:00,81.50118933998269,52.06628228146523
2024-01-01 12:00:00,82.60323092618741,52.68617949631338
2024-01-02 00:00:00,97.92692346894457,61.305740180187286
2024-01-02 12:00:00,99.49256718705321,62.18641309893115
2024-01-03 00:00:00,98.43361437669944,61.590753274464305
2024-01-03 12:00:00,83.50064856208046,53.19097595772598
2024-01-04 00:00:00,78.89900858519744,53.493961238076004
2024-01-04 12:00:00,74.58809122213236,55.298733891712224
2024-01-05 00:00:00,76.25512661598972,58.280899540134016
2024-01-05 12:00:00,73.66657160560192,57.10454477920525
2024-01-06 00:00:00,75.1340864492779,57.77144892694952
2024-01-06 12:00:00,71.50358644627369,56.121587924982244
2024-01-07 00:00:00,75.53042890034797,57.95156460052164
2024-01-07 12:00:00,75.29030729612185,57.84244264205457
2024-01-08 00:00:00,71.69297369580113,56.20765393159473
2024-01-08 12:00:00,83.34525268513245,61.502968811812956
2024-01-09 00:00:00,95.61753069849908,67.08003888006789
2024-01-09 12:00:00,91.65859665086936,65.28092281089287
2024-01-10 00:00:00,89.2169664409677,64.171337227307
2024-01-10 12:00:00,79.87451863139685,59.92571257748717
2024-01-11 00:00:00,95.62643284458751,67.08408441199269
2024-01-11 12:00:00,101.76828340517714,69.87521503076218
2024-01-12 00:00:00,92.65973357557591,65.7358840471788
2024-01-12 12:00:00,89.29684941560195,64.20763961112773
2024-01-13 00:00:00,60.61841618773788,53.235297803061385
2024-01-13 12:00:00,61.5139399943643,52.816853757601045
2024-01-14 00:00:00,61.494938462533064,52.825732447135124
2024-01-14 12:00:00,60.95370128166307,53.07863189418609
2024-01-15 00:00:00,64.61800878097065,51.366441059642966
2024-01-15 12:00:00,61.67552963400966,52.74134909539401
2024-01-16 00:00:00,62.16428274510394,52.51297344806415
2024-01-16 12:00:00,57.90334247011183,54.50394797374345
2024-01-17 00:00:00,58.39462401084498,54.27439088788688
2024-01-17 12:00:00,60.76652086930948,53.166094146330124
2024-01-18 00:00:00,61.698515357999014,52.730608745151194
2024-01-18 12:00:00,63.440450140994486,51.91666920258271
2024-01-19 00:00:00,72.19755126647003,47.8248105670726
2024-01-19 12:00:00,71.8388973531557,47.9923958320281
2024-01-20 00:00:00,70.72807393182873,48.51144115809618
2024-01-20 12:00:00,69.67287596255606,49.00449483657665
2024-01-21 00:00:00,69.47389621188792,49.09747046851202
2024-01-21 12:00:00,68.7842478731265,49.419716776964115
2024-01-22 00:00:00,69.38616736532848,49.138462805272106
2024-01-22 12:00:00,75.30468481627501,46.37296582241549
2024-01-23 00:00:00,83.06596775945042,42.74641496059188
2024-01-23 12:00:00,89.2439940342371,39.8596594234938
2024-01-24 00:00:00,80.70977781237862,43.84737246281601
2024-01-24 12:00:00,81.8579913447283,43.31085616701962
2024-01-25 00:00:00,80.78156989030546,43.81382676889095
2024-01-25 12:00:00,83.1593664179273,42.70277333743853
2024-01-26 00:00:00,82.88269492017508,42.832051353194636
2024-01-26 12:00:00,73.35059180085752,47.28603879772521
2024-01-27 00:00:00,68.40153556870322,49.59854360850709
2024-01-27 12:00:00,68.67690454209605,49.469874212598086
2024-01-28 00:00:00,66.83153400114834,50.33214533125927
2024-01-28 12:00:00,58.953008115951945,51.85795528792194
2024-01-29 00:00:00,55.58913657008991,50.26258366285325
2024-01-29 12:00:00,56.57983380468203,50.73243818480924
2024-01-30 00:00:00,64.57667182995993,54.525070662554306
2024-01-30 12:00:00,66.3318304250149,55.357483607540445
2024-01-31 00:00:00,62.84944358973581,53.70590414953435
2024-01-31 12:00:00,60.50631328177039,52.594635911077084
2024-02-01 00:00:00,59.390155912776244,52.06527984877586
2024-02-01 12:00:00,56.88284041087318,50.87614407105817
2024-02-02 00:00:00,64.67020077492035,54.56942830905719
2024-02-02 12:00:00,64.34107551259012,54.413335218861484
2024-02-03 00:00:00,65.08281515196086,54.76511749048137
2024-02-03 12:00:00,63.883923542711294,54.196523348626414
2024-02-04 00:00:00,63.41514650622725,53.97419809860001
2024-02-04 12:00:00,63.311653218462425,53.92511469799032
2024-02-05 00:00:00,58.52967452165198,51.65718234071615
2024-02-05 12:00:00,65.28127164615036,54.859238759775984
2024-02-06 00:00:00,60.33669299175751,52.51419068775832
2024-02-06 12:00:00,61.763556686382614,53.190904355391055
2024-02-07 00:00:00,64.08185162478236,54.290394009748674
2024-02-07 12:00:00,63.9067962386943,54.20737110237166
2024-02-08 00:00:00,76.00539558948518,59.94533161726407
2024-02-08 12:00:00,76.10496353008455,59.99255335716498
2024-02-09 00:00:00,80.6334553849443,62.14026539405451
2024-02-09 12:00:00,95.99432017996945,69.4254091625928
2024-02-10 00:00:00,94.21289195388457,68.58053741132501
2024-02-10 12:00:00,95.29651423387313,69.09446317044402
2024-02-11 00:00:00,99.07752940350495,70.88767204698547
2024-02-11 12:00:00,103.29410713360596,72.88745365986387
2024-02-12 00:00:00,105.65678868995289,74.00799440069743
2024-02-12 12:00:00,101.33890680800629,71.96016762106613
2024-02-13 00:00:00,116.96254340077714,79.36993525358862
2024-02-13 12:00:00,115.13801184331828,78.50462103569198
2024-02-14 00:00:00,112.2907008869346,77.15423679966206
2024-02-14 12:00:00,128.08788311688377,84.64631131621206
2024-02-15 00:00:00,133.71698192696692,87.31600437490268
2024-02-15 12:00:00,133.7980554434217,87.35445482877199
2024-02-16 00:00:00,130.64373704623605,85.85846724461686
2024-02-16 12:00:00,134.1868157876879,87.53883084127376
2024-02-17 00:00:00,131.32101040715952,86.17967531921221
2024-02-17 12:00:00,129.11149287770886,85.13177514718754
2024-02-18 00:00:00,128.8537032513653,85.00951416025674
2024-02-18 12:00:00,127.9260380337562,84.56955361314333
2024-02-19 00:00:00,132.67918052639,86.82380992444165
2024-02-19 12:00:00,133.33871433762368,87.13660472468007
2024-02-20 00:00:00,128.588515855364,84.88374465891333
2024-02-20 12:00:00,132.64294655255543,86.80662536405313
2024-02-21 00:00:00,132.60731647828482,86.78972721300444
2024-02-21 12:00:00,126.08897556034616,83.69829640144567
2024-02-22 00:00:00,127.76381551340125,84.49261690423727
2024-02-22 12:00:00,127.67723141342589,84.45155296514224
2024-02-23 00:00:00,127.18467583161288,84.21795034736084
2024-02-23 12:00:00,123.69836364916844,82.56450922864599
2024-02-24 00:00:00,122.90717973300265,82.18927719232927
2024-02-24 12:00:00,124.32143702423117,82.86001206499348
2024-02-25 00:00:00,127.41876240007299,84.32896976770412
2024-02-25 12:00:00,128.69902947555926,84.93615756809834
2024-02-26 00:00:00,128.86842330323566,85.01649538791463
2024-02-26 12:00:00,125.50862807943,83.42305702588962
2024-02-27 00:00:00,150.57883908808697,95.31301855753516
2024-02-27 12:00:00,167.42778789602843,103.30391074052925
2024-02-28 00:00:00,169.15184566354208,104.12157360451523
2024-02-28 12:00:00,186.80730233908355,112.49496546082369
2024-02-29 00:00:00,201.94849866773694,119.67592783200662
2024-02-29 12:00:00,211.76986825047385,124.33387452764839
2024-03-01 00:00:00,203.0137774984718,120.18115390742896
2024-03-01 12:00:00,208.5159819126887,122.79066520359233
2024-03-02 00:00:00,209.0443185436632,123.04123757475732
2024-03-02 12:00:00,207.37355491266456,122.24885033500942
2024-03-03 00:00:00,204.79369597564698,121.02530963534723
2024-03-03 12:00:00,208.1688906383322,122.62605143553733
2024-03-04 00:00:00,217.7956535865995,127.19170272142574
2024-03-04 12:00:00,230.35978401371833,133.15044903614307
2024-03-05 00:00:00,252.32897076170454,143.5696986078716
2024-03-05 12:00:00,246.97706185145537,141.03146743615312
2024-03-06 00:00:00,217.56828540078797,127.08386960498785
2024-03-06 12:00:00,236.44256237118796,136.03530711136494
2024-03-07 00:00:00,238.47174039336636,136.99767829428916
2024-03-07 12:00:00,242.35277642827066,138.83832371773644
2024-03-08 00:00:00,245.07190970221467,140.127917571392
2024-03-08 12:00:00,247.95983290427125,141.4975628355241
2024-03-09 00:00:00,252.82718790192922,143.80598631321365
2024-03-09 12:00:00,255.65925039432412,145.14913871341344
2024-03-10 00:00:00,254.66236318920198,144.67634849572443
2024-03-10 12:00:00,265.4934528427941,149.81317160752613
2024-03-11 00:00:00,252.79684194884285,143.79159424388834
2024-03-11 12:00:00,282.0276944904938,157.6548087233125
2024-03-12 00:00:00,282.1786693814709,157.7264110582647
2024-03-12 12:00:00,283.7255581144228,158.46004858218433
2024-03-13 00:00:00,277.8185900174961,155.6585714260142
2024-03-13 12:00:00,288.38169923960385,160.66830039327587
2024-03-14 00:00:00,288.62907159846986,160.78562081909493
2024-03-14 12:00:00,288.53214571846246,160.73965212005567
2024-03-15 00:00:00,281.5879046330773,157.4462311215969
2024-03-15 12:00:00,251.43067016039052,143.14366471490635
2024-03-16 00:00:00,264.4521035322791,149.31929450219377
2024-03-16 12:00:00,251.1966590793759,143.03268109573054
2024-03-17 00:00:00,231.09087992327537,133.49718334314883
2024-03-17 12:00:00,241.38464993987975,138.37917374485588
2024-03-18 00:00:00,246.8027613398223,140.9488025404509
2024-03-18 12:00:00,256.2281237835261,145.41893631151314
2024-03-19 00:00:00,245.17993223670888,140.1791490420503
2024-03-19 12:00:00,219.0389318137964,127.78134794975666
2024-03-20 00:00:00,216.06487743643746,126.37085355353439
2024-03-20 12:00:00,222.30051787102133,129.32820899289524
2024-03-21 00:00:00,249.47546983479089,142.21637867610866
2024-03-21 12:00:00,246.36546256810686,140.74140637726197
2024-03-22 00:00:00,235.4197074848177,135.55020129206417
2024-03-22 12:00:00,223.8437832065899,130.0601280607761
2024-03-23 00:00:00,218.64632160981031,127.59514607771361
2024-03-23 12:00:00,227.14583053459677,131.62617852968185
2024-03-24 00:00:00,225.83280190776836,131.0034530226031
2024-03-24 12:00:00,234.30830582488937,135.02310070331393
2024-03-25 00:00:00,241.33294103971988,138.35464994513472
2024-03-25 12:00:00,245.12731748720338,140.15419562831948
2024-03-26 00:00:00,266.36201139058574,150.2250998405058
2024-03-26 12:00:00,275.54875801910015,154.58206612117627
2024-03-27 00:00:00,271.8498731901598,152.82780891484876
2024-03-27 12:00:00,268.57515231741974,151.27471846856923
2024-03-28 00:00:00,264.76922629077666,149.46969520676072
2024-03-28 12:00:00,273.504331532933,153.6124631024218
2024-03-29 00:00:00,272.724093296363,153.2424222353891
2024-03-29 12:00:00,268.30211422708754,151.14522564580827
2024-03-30 00:00:00,266.66320629808513,150.3679464987353
2024-03-30 12:00:00,268.8220717516129,151.39182408738353
2024-03-31 00:00:00,266.2056768909788,150.15095562266285
2024-03-31 12:00:00,270.94409933174234,152.39823070630334
2024-04-01 00:00:00,275.87237269790955,154.73554572614617
2024-04-01 12:00:00,265.9704580108365,150.03939918480745
2024-04-02 00:00:00,262.256098255571,148.27780273914738
2024-04-02 12:00:00,245.09551115235078,133.94484114126962
2024-04-03 00:00:00,244.66229651426792,134.0966380913682
2024-04-03 12:00:00,239.43102541289014,135.92965786614303
2024-04-04 00:00:00,235.46660060811368,137.31877896538208
2024-04-04 12:00:00,231.165106206395,138.8260081161247
2024-04-05 00:00:00,207.1132672012804,145.61748958633544
2024-04-05 12:00:00,191.6413449706505,139.45249274578845
2024-04-06 00:00:00,200.77511695874222,143.09196782907097
2024-04-06 12:00:00,199.31778175987094,142.51127289260904
2024-04-07 00:00:00,210.65319010512295,147.02801978372523
2024-04-07 12:00:00,213.6720842285553,148.2309390109212
2024-04-08 00:00:00,213.58223618916742,148.19513784344514
2024-04-08 12:00:00,239.22513617458264,158.41289844461832
2024-04-09 00:00:00,232.39641563698657,155.69190231293447
2024-04-09 12:00:00,225.8375986097118,153.07845288834875
2024-04-10 00:00:00,211.90046058790526,147.525011590628
2024-04-10 12:00:00,201.45284071984477,143.36201603534292
2024-04-11 00:00:00,186.2745276132172,152.46986884242295
2024-04-11 12:00:00,189.008489348278,153.68288399884722
2024-04-12 00:00:00,184.51240446906243,151.6880429470805
2024-04-12 12:00:00,186.38935045569977,152.5208139037414
2024-04-13 00:00:00,157.17149606752076,139.55731856415844
2024-04-13 12:00:00,136.5874395996526,141.71047237850428
2024-04-14 00:00:00,165.6176870792297,127.95383797465635
2024-04-14 12:00:00,159.1727244851433,131.0079281685376
2024-04-15 00:00:00,151.92005449197623,134.44476864390552
2024-04-15 12:00:00,147.81813086222343,136.38855723085132
2024-04-16 00:00:00,168.7714554514329,126.45935403953523
2024-04-16 12:00:00,170.33421174644587,125.71880689029268
2024-04-17 00:00:00,162.9703318298436,129.20834668418541
2024-04-17 12:00:00,175.850435489452,123.10482044819484
2024-04-18 00:00:00,181.91757143469326,120.22977189286146
2024-04-18 12:00:00,176.49102580250084,122.80126234916521
2024-04-19 00:00:00,172.8788186970059,124.51298776853118
2024-04-19 12:00:00,155.84896811855864,132.5829647304799
2024-04-20 00:00:00,167.33773893171028,127.13875279472869
2024-04-20 12:00:00,164.47007924160587,128.4976577086179
2024-04-21 00:00:00,157.39933417753676,131.84828897270344
2024-04-21 12:00:00,155.5539445105323,132.72276828947395
2024-04-22 00:00:00,156.27378700407272,132.3816547657619
2024-04-22 12:00:00,148.06510453050473,136.27152321437202
2024-04-23 00:00:00,140.26333554037583,139.96856657495607
2024-04-23 12:00:00,147.01170781687802,136.7706988924909
2024-04-24 00:00:00,142.42369407341414,138.94483219097776
2024-04-24 12:00:00,145.36388197445459,137.55155815631156
2024-04-25 00:00:00,158.93096378202304,131.12249190446104
2024-04-25 12:00:00,167.44872220448642,127.08616087970633
2024-04-26 00:00:00,160.8213813799837,130.22667509187477
2024-04-26 12:00:00,162.0622181887482,129.6386767172478
2024-04-27 00:00:00,169.32108329993275,126.19890054614682
2024-04-27 12:00:00,170.43446688802103,125.67129874105196
2024-04-28 00:00:00,166.03782185112075,127.75474768232193
2024-04-28 12:00:00,166.2383321342711,127.65973138384044
2024-04-29 00:00:00,168.7511324423268,126.46898455358628
2024-04-29 12:00:00,173.700427336516,124.12365007222891
2024-04-30 00:00:00,158.75908703214853,131.2039395604691
2024-04-30 12:00:00,184.06720183653061,119.2111212746648
2024-05-01 00:00:00,191.5435760303036,115.66827354240023
2024-05-01 12:00:00,208.69793337085773,107.53929625645094
2024-05-02 00:00:00,210.22926077446513,106.81364239287849
2024-05-02 12:00:00,204.26608193156554,109.63942854176476
2024-05-03 00:00:00,200.67578438979092,111.34077162256261
2024-05-03 12:00:00,188.51831858185275,117.10185969164453
2024-05-04 00:00:00,170.06147545323842,125.84804910488133
2024-05-04 12:00:00,173.56052812510106,129.36501259306067
2024-05-05 00:00:00,168.8553608429243,127.3714961844906
2024-05-05 12:00:00,170.67893743033264,128.14412117979174
2024-05-06 00:00:00,174.8421270362368,129.90800890017027
2024-05-06 12:00:00,169.56912533177274,127.673908646161
2024-05-07 00:00:00,169.15896636067413,127.50012977923211
2024-05-07 12:00:00,170.15242310216706,127.9210441052483
2024-05-08 00:00:00,161.0517779958023,124.06522256690795
2024-05-08 12:00:00,158.11357285714516,122.82034437142997
2024-05-09 00:00:00,151.03009193662024,119.8191683030784
2024-05-09 12:00:00,140.26025524774593,120.23682472285424
2024-05-10 00:00:00,129.54632846141706,124.9771499048584
2024-05-10 12:00:00,128.1934835065383,125.57570962389086
2024-05-11 00:00:00,146.22113982762838,117.59946011839449
2024-05-11 12:00:00,146.7873943281512,117.34892354839694
2024-05-12 00:00:00,144.61890985265654,118.30835903558817
2024-05-12 12:00:00,143.18061694799894,118.94472478747531
2024-05-13 00:00:00,140.29076081314997,120.22332768271575
2024-05-13 12:00:00,129.51954506049208,124.989000091293
2024-05-14 00:00:00,129.7542841725265,124.88514090444491
2024-05-14 12:00:00,139.8568049848699,120.4153293438899
2024-05-15 00:00:00,140.89391329198642,119.9564657803491
2024-05-15 12:00:00,138.8680208635715,128.25950834256705
2024-05-16 00:00:00,156.00820340269362,136.58807713719548
2024-05-16 12:00:00,155.47115898731298,136.32712242746237
2024-05-17 00:00:00,151.770127971618,134.52875818280435
2024-05-17 12:00:00,158.1896101808765,137.64804230265955
2024-05-18 00:00:00,161.95916243491743,139.47970163307025
2024-05-18 12:00:00,162.37478426879898,139.68165601880278
2024-05-19 00:00:00,162.06923848877653,139.53318857727953
2024-05-19 12:00:00,161.52740495458679,139.2699067916605
2024-05-20 00:00:00,158.77918754565576,137.93452324480307
2024-05-20 12:00:00,162.2892432389928,139.6400908633631
2024-05-21 00:00:00,194.53054888581184,155.30643114271962
2024-05-21 12:00:00,194.8080967404886,155.441294140602
2024-05-22 00:00:00,185.74575773609985,151.0378221433801
2024-05-22 12:00:00,182.2376913690374,149.33322115634198
2024-05-23 00:00:00,181.17620160468167,148.81743373651418
2024-05-23 12:00:00,180.6510194681974,148.56224301474475
2024-05-24 00:00:00,169.0353433510339,142.91808155863964
2024-05-24 12:00:00,166.36817256810357,141.6220792960059
2024-05-25 00:00:00,174.03732007154105,145.3485870174227
2024-05-25 12:00:00,178.3505478285446,147.44442316263934
2024-05-26 00:00:00,178.643052469656,147.58655379751937
2024-05-26 12:00:00,177.44370976234825,147.0037823933439
2024-05-27 00:00:00,176.1800455054964,146.3897565699618
2024-05-27 12:00:00,174.70433380352642,145.67269498658354
2024-05-28 00:00:00,180.27437369354715,148.37922744660708
2024-05-28 12:00:00,171.6629486447258,144.19485859433877
2024-05-29 00:00:00,173.78025490961718,145.22367674409864
2024-05-29 12:00:00,169.37537078648202,143.0833039465417
2024-05-30 00:00:00,167.05338495156354,141.95503015353336
2024-05-30 12:00:00,171.10822132912676,143.92531160441143
2024-05-31 00:00:00,173.51501140634232,145.09479254118477
2024-05-31 12:00:00,174.86767959429312,145.752066174878
2024-06-01 00:00:00,167.58873475567327,142.2151614364145
2024-06-01 12:00:00,168.04627979882235,142.43748668644085
2024-06-02 00:00:00,169.3079547293997,143.0505458783011
2024-06-02 12:00:00,169.64680330483338,143.21519544752363
2024-06-03 00:00:00,168.82896916973596,142.8178024885392
2024-06-03 12:00:00,182.99179338459788,149.69964610545955
2024-06-04 00:00:00,177.50405265934324,147.0331035495068
2024-06-04 12:00:00,177.09992471060366,146.83673414590052
2024-06-05 00:00:00,190.57901011702396,153.38634292864296
2024-06-05 12:00:00,191.78741531069352,153.973517876418
2024-06-06 00:00:00,192.3624779615436,154.2529459885687
2024-06-06 12:00:00,193.6084593181771,154.85837953175655
2024-06-07 00:00:00,191.367741145512,153.7695944264743
2024-06-07 12:00:00,193.95416001744533,155.02635860955425
2024-06-08 00:00:00,180.45186580448856,148.4654724590569
2024-06-08 12:00:00,180.14771992073346,148.31768523971567
2024-06-09 00:00:00,179.473411992408,147.99003295497465
2024-06-09 12:00:00,182.74659050157052,149.58049982009916
2024-06-10 00:00:00,181.61960032765614,149.03288516238518
2024-06-10 12:00:00,180.17549680982643,148.3311822798542
2024-06-11 00:00:00,180.52075543658916,148.49894655064708
2024-06-11 12:00:00,162.90519759659776,139.93938862346306
2024-06-12 00:00:00,149.7718794571485,140.58380963803233
2024-06-12 12:00:00,133.1603997785279,148.24275339618825
2024-06-13 00:00:00,117.69268017673917,144.62944896633084
2024-06-13 12:00:00,113.90355720502757,142.5512627966798
2024-06-14 00:00:00,103.95740662655217,138.89306370280735
2024-06-14 12:00:00,101.75828274251491,140.16604581475403
2024-06-15 00:00:00,107.31024024236746,136.95224661276205
2024-06-15 12:00:00,106.30589306029697,137.533621771406
2024-06-16 00:00:00,107.45657224758808,136.8675410505137
2024-06-16 12:00:00,104.7630366772727,138.42671769526407
2024-06-17 00:00:00,104.84659311812348,138.37835031800392
2024-06-17 12:00:00,110.77749237452177,134.94519736288603
2024-06-18 00:00:00,110.00451798684286,135.39264035400197
2024-06-18 12:00:00,113.20848383572401,133.53799667407156
2024-06-19 00:00:00,113.76146543279847,133.21789843566802
2024-06-19 12:00:00,113.45426717838969,133.39572283452168
2024-06-20 00:00:00,114.03687389401895,133.0584758368971
2024-06-20 12:00:00,108.58201751343802,136.21606720595162
2024-06-21 00:00:00,115.6820884632817,132.10612898086612
2024-06-21 12:00:00,121.89538498757409,128.50950789505248
2024-06-22 00:00:00,120.47857451606288,129.3296410395943
2024-06-22 12:00:00,118.98575304099452,130.19377381896425
2024-06-23 00:00:00,117.88121234731896,130.8331468689194
2024-06-23 12:00:00,118.50241211927025,130.47355994278976
2024-06-24 00:00:00,126.51783119982657,125.83376443905838
2024-06-24 12:00:00,138.05115579895983,119.15759852928802
2024-06-25 00:00:00,143.0367107190105,116.27166641904196
2024-06-25 12:00:00,139.08215940294497,118.56079306746194
2024-06-26 00:00:00,134.63400042260798,121.13564883350851
2024-06-26 12:00:00,136.71363426687924,119.93183457712557
2024-06-27 00:00:00,139.49350943114572,118.32267950257858
2024-06-27 12:00:00,137.2677291251938,119.61109191770744
2024-06-28 00:00:00,135.91870389363265,120.39198698269551
2024-06-28 12:00:00,136.93863673306387,119.8015899298476
2024-06-29 00:00:00,140.8002925834314,117.56623663497668
2024-06-29 12:00:00,139.10120853971927,118.5497663078793
2024-06-30 00:00:00,139.23034684356577,118.47501347018931
2024-06-30 12:00:00,136.3145301123192,120.16285951084866
2024-07-01 00:00:00,127.43324117838597,125.30387135924505
2024-07-01 12:00:00,127.74241856388815,125.12490132303216
2024-07-02 00:00:00,127.46626792850755,125.28475353581283
2024-07-02 12:00:00,127.76437454945591,125.11219190857814
2024-07-03 00:00:00,132.61590518577322,122.30384092825271
2024-07-03 12:00:00,145.3937321555957,114.90728392652889
2024-07-04 00:00:00,142.9074487194707,116.34649085906695
2024-07-04 12:00:00,162.5876190733336,104.95445196467861
2024-07-05 00:00:00,161.7959047881138,105.4127427095398
2024-07-05 12:00:00,176.16427283074293,97.09548708383383
2024-07-06 00:00:00,166.5884325787081,102.63854604298648
2024-07-06 12:00:00,165.63368736966675,103.19120866531458
2024-07-07 00:00:00,158.35840147020758,107.40257159785982
2024-07-07 12:00:00,162.01175377299134,105.28779663504828
2024-07-08 00:00:00,175.90952155031013,97.24295209266775
2024-07-08 12:00:00,163.1867391640237,104.60764605533788
2024-07-09 00:00:00,167.02167674462987,102.38775886481659
2024-07-09 12:00:00,162.03080290976555,105.27676987546566
2024-07-10 00:00:00,161.11322825657274,105.80791599614068
2024-07-10 12:00:00,157.00609830277287,108.18536412472413
2024-07-11 00:00:00,160.23177274583514,106.31815423500962
2024-07-11 12:00:00,152.88758834518583,110.5693996681232
2024-07-12 00:00:00,163.0204303043287,104.70391539468102
2024-07-12 12:00:00,161.75687879686512,105.43533324621717
2024-07-13 00:00:00,158.95343960301756,107.05812856557253
2024-07-13 12:00:00,153.18656083598754,110.39633682454387
2024-07-14 00:00:00,147.08848685004094,113.92626033534955
2024-07-14 12:00:00,148.1407042654338,113.31717507307914
2024-07-15 00:00:00,137.17360507228597,119.14607055336077
2024-07-15 12:00:00,148.06508746383417,124.17259026816865
2024-07-16 00:00:00,163.54453534767475,131.31649843101388
2024-07-16 12:00:00,156.81009427633282,128.20849167891367
2024-07-17 00:00:00,170.4794279150869,134.51701539987224
2024-07-17 12:00:00,164.4698393125068,131.74353475666842
2024-07-18 00:00:00,162.24206606786834,130.71539682909062
2024-07-18 12:00:00,165.40026316849242,132.17293395937645
2024-07-19 00:00:00,155.69837972904844,127.6954251478141
2024-07-19 12:00:00,162.0129121516952,130.6096401803663
2024-07-20 00:00:00,177.573347404691,137.7909247620565
2024-07-20 12:00:00,178.01086537598988,137.99284334662156
2024-07-21 00:00:00,182.58572084396496,140.10418139735538
2024-07-21 12:00:00,181.5151981482337,139.61012528618562
2024-07-22 00:00:00,191.28945823080196,144.12103658700312
2024-07-22 12:00:00,187.48134525011744,142.3635572756028
2024-07-23 00:00:00,185.8747854654366,141.62211509717335
2024-07-23 12:00:00,178.23117584380702,138.09451866225356
2024-07-24 00:00:00,172.64599518820847,135.51690620631143
2024-07-24 12:00:00,175.9847848131559,137.05778845448157
2024-07-25 00:00:00,170.55227000286163,134.55063269613228
2024-07-25 12:00:00,159.76326300849175,129.5714063235602
2024-07-26 00:00:00,177.2950115038009,137.66247017315237
2024-07-26 12:00:00,184.5094811578373,140.9920145495945
2024-07-27 00:00:00,188.84013333261228,142.9906505251137
2024-07-27 12:00:00,192.9339517544837,144.87998553632838
2024-07-28 00:00:00,189.5051761638082,143.297573933886
2024-07-28 12:00:00,189.83106499313908,143.44797463845296
2024-07-29 00:00:00,195.36985633192262,146.00417799624447
2024-07-29 12:00:00,203.78951733384903,149.88992931059488
2024-07-30 00:00:00,179.04818635333183,138.47157655811156
2024-07-30 12:00:00,179.49811618197245,138.6792233294728
2024-07-31 00:00:00,176.98471507025556,137.5192655032481
2024-07-31 12:00:00,175.50941067696456,136.8383989001882
2024-08-01 00:00:00,163.81185572517404,131.43986925413643
2024-08-01 12:00:00,165.65874009763562,132.2922234494067
2024-08-02 00:00:00,134.47102186064512,132.34238088504065
2024-08-02 12:00:00,134.88478147183582,132.1562506153326
2024-08-03 00:00:00,164.44237059216834,118.85973281588717
2024-08-03 12:00:00,157.51295159882866,121.97694046802869
2024-08-04 00:00:00,167.50645191366337,117.48135206689092
2024-08-04 12:00:00,164.99954140154443,118.60908884238721
2024-08-05 00:00:00,203.9002666238534,101.10954978241841
2024-08-05 12:00:00,254.59572726006968,78.304134497826
2024-08-06 00:00:00,204.98277445832457,100.6225823024089
2024-08-06 12:00:00,215.05808759876098,96.09019030110575
2024-08-07 00:00:00,203.13649455449445,101.45313358668626
2024-08-07 12:00:00,195.00288308626992,105.11204870390824
2024-08-08 00:00:00,210.85610765814616,97.98045614267483
2024-08-08 12:00:00,189.968210933328,107.37690216077948
2024-08-09 00:00:00,163.78985759887112,119.15326658802343
2024-08-09 12:00:00,169.0584284818168,116.78319349994007
2024-08-10 00:00:00,169.1385700337439,116.74714172429164
2024-08-10 12:00:00,167.69896672410198,117.39474904276628
2024-08-11 00:00:00,164.7357189143166,118.72776971257035
2024-08-11 12:00:00,169.53513940142292,116.56874450675838
2024-08-12 00:00:00,185.78700253695638,109.25782389763732
2024-08-12 12:00:00,175.61427801662035,113.83403652793123
2024-08-13 00:00:00,175.0576642984692,114.08442989325884
2024-08-13 12:00:00,180.42300988562872,111.67082258552456
2024-08-14 00:00:00,167.18930783776517,117.62401971928307
2024-08-14 12:00:00,164.97940653298673,118.61814653775859
2024-08-15 00:00:00,181.45768745921794,111.20537160716815
2024-08-15 12:00:00,182.9994772164014,110.51179558965423
2024-08-16 00:00:00,193.58635927023164,105.74927368381488
2024-08-16 12:00:00,190.41778355183462,107.17466136570717
2024-08-17 00:00:00,179.91963817168744,111.89726496981069
2024-08-17 12:00:00,179.5788575109607,112.0505655689432
2024-08-18 00:00:00,176.00662940788214,113.65753677227414
2024-08-18 12:00:00,173.69374581095508,114.69799030146378
2024-08-19 00:00:00,186.61444217487707,108.88559915938862
2024-08-19 12:00:00,186.08942348762469,109.12177946122827
2024-08-20 00:00:00,169.60923253433663,116.5354136198382
2024-08-20 12:00:00,167.93055750474534,117.29056764541093
2024-08-21 00:00:00,181.4974001051083,111.18750682459759
2024-08-21 12:00:00,177.37572088534193,113.0416492881833
2024-08-22 00:00:00,166.94020847576724,117.73607737348317
2024-08-22 12:00:00,166.45442492764113,117.95460769975712
2024-08-23 00:00:00,167.6723059297667,117.40674243387082
2024-08-23 12:00:00,164.32641603292527,118.91189511689979
2024-08-24 00:00:00,157.19809022553036,128.9906397847634
2024-08-24 12:00:00,158.19014051711545,129.43890620273132
2024-08-25 00:00:00,158.8952956640772,129.75753659326836
2024-08-25 12:00:00,156.89875582719088,128.8553829740388
2024-08-26 00:00:00,158.38045317587978,129.52490060700882
2024-08-26 12:00:00,154.5931361893722,127.81356900048513
2024-08-27 00:00:00,147.37519979743817,124.55208264341505
2024-08-27 12:00:00,144.9789399924145,123.4693121342687
2024-08-28 00:00:00,139.2318830347351,111.54530369235344
2024-08-28 12:00:00,132.72960295213105,114.61446617774209
2024-08-29 00:00:00,138.34529811632385,111.96378353898122
2024-08-29 12:00:00,129.87939437448907,115.9598024491579
2024-08-30 00:00:00,138.35910241567802,111.95726772650059
2024-08-30 12:00:00,135.81827700872634,113.1565710357815
2024-08-31 00:00:00,138.0405416613511,112.1076326299001
2024-08-31 12:00:00,138.4482235790909,111.91520135471622
2024-09-01 00:00:00,140.43740794646646,110.9762799364888
2024-09-01 12:00:00,147.33955762354944,107.71837369616628
2024-09-02 00:00:00,151.53212054168614,105.73942836275893
2024-09-02 12:00:00,144.5033050408589,109.05712255276647
2024-09-03 00:00:00,137.94967599856932,112.15052242853642
2024-09-03 12:00:00,138.88245222635794,111.71023967091571
2024-09-04 00:00:00,154.01401220908735,104.56794256060692
2024-09-04 12:00:00,158.1100208795435,102.63457211339664
2024-09-05 00:00:00,147.50831897554403,107.63871609853202
2024-09-05 12:00:00,157.6396886801194,102.85657515291578
2024-09-06 00:00:00,161.28038301528406,101.13811911406437
2024-09-06 12:00:00,156.03179119655366,103.615524102241
2024-09-07 00:00:00,178.48266374893694,93.01841433049135
2024-09-07 12:00:00,173.44098472492178,95.39815373379327
2024-09-08 00:00:00,176.7874654491259,93.81857042358152
2024-09-08 12:00:00,176.35361604085213,94.02335310154463
2024-09-09 00:00:00,169.90427772170526,97.06752637203499
2024-09-09 12:00:00,167.65842440370056,98.1275989410015
2024-09-10 00:00:00,155.21248327554432,104.00224831331752
2024-09-10 12:00:00,153.5348816650199,104.79409853555327
2024-09-11 00:00:00,150.21798158228893,106.35971939044937
2024-09-11 12:00:00,156.9873217639371,103.16450099437743
2024-09-12 00:00:00,150.32788504253176,106.3078434987765
2024-09-12 12:00:00,149.83070272238587,106.54252015158218
2024-09-13 00:00:00,147.2550631758542,107.75825619673462
2024-09-13 12:00:00,148.17388340869132,107.32456085392947
2024-09-14 00:00:00,129.17863656276856,116.29056943546931
2024-09-14 12:00:00,133.8839305997742,114.06960820992376
2024-09-15 00:00:00,132.12486845350054,114.89990888602877
2024-09-15 12:00:00,131.5299183208957,115.18073324371112
2024-09-16 00:00:00,142.43705931005564,110.03241795714965
2024-09-16 12:00:00,143.48656529996552,109.53703720278318
2024-09-17 00:00:00,150.29754592307202,106.32216396576692
2024-09-17 12:00:00,137.01591374939818,112.59127060133429
2024-09-18 00:00:00,130.11806321915145,115.66623287585412
2024-09-18 12:00:00,128.11736989399404,114.72910151600047
2024-09-19 00:00:00,145.2975289272913,122.7763447366019
2024-09-19 12:00:00,150.63304233458294,125.275516834604
2024-09-20 00:00:00,149.35150103786404,124.67523865953274
2024-09-20 12:00:00,154.4040618668498,127.0418748355384
2024-09-21 00:00:00,152.5433161837448,126.17029541333345
2024-09-21 12:00:00,152.3750121379778,126.09146124255113
2024-09-22 00:00:00,152.97844558090708,126.37411145977475
2024-09-22 12:00:00,149.5470914343752,124.76685384710396
2024-09-23 00:00:00,155.63026613852998,127.61623296535703
2024-09-23 12:00:00,153.62712697801177,126.67795596814415
2024-09-24 00:00:00,150.49492906905115,125.21082412497475
2024-09-24 12:00:00,154.62235267280374,127.14412296985007
2024-09-25 00:00:00,159.82678459122596,129.58189606563073
2024-09-25 12:00:00,155.7994109402023,127.6954609489816
2024-09-26 00:00:00,150.80073492150973,125.35406459604653
2024-09-26 12:00:00,162.53929243873944,130.852443698189
2024-09-27 00:00:00,168.34937433838678,133.57390524505007
2024-09-27 12:00:00,172.1649539336337,135.36113532662304
2024-09-28 00:00:00,173.37189725184746,135.92647156223768
2024-09-28 12:00:00,170.68927445514905,134.6699221861625
2024-09-29 00:00:00,171.75153132529874,135.16748681174496
2024-09-29 12:00:00,171.32794321374524,134.96907674159252
2024-09-30 00:00:00,170.04517899934598,134.36822574784168
2024-09-30 12:00:00,159.22350401300667,129.29931745074205
2024-10-01 00:00:00,155.27951806131622,127.45194140780931
2024-10-01 12:00:00,156.3206796014788,127.93962491116837
2024-10-02 00:00:00,132.6377200239559,118.55273780477982
2024-10-02 12:00:00,134.54603092504598,117.66680211441698
2024-10-03 00:00:00,133.08692033911186,118.34419600423172
2024-10-03 12:00:00,137.08198841241156,116.48948072196634
2024-10-04 00:00:00,136.81933154143792,116.61141949838985
2024-10-04 12:00:00,125.80540250941701,121.72464964082481
2024-10-05 00:00:00,123.97189406424127,122.57585819873592
2024-10-05 12:00:00,122.95373238853237,123.04854101292244
2024-10-06 00:00:00,125.89979241255023,121.68082901183408
2024-10-06 12:00:00,123.57089120779305,122.76202426961147
2024-10-07 00:00:00,112.34296545910978,127.97460265179251
2024-10-07 12:00:00,107.04321713487879,125.12966287830648
2024-10-08 00:00:00,104.84002238889589,123.94697131073448
2024-10-08 12:00:00,104.08652778498744,123.54248972058983
2024-10-09 00:00:00,102.17911535165578,122.51857633077417
2024-10-09 12:00:00,101.01866163347498,121.89563601669053
2024-10-10 00:00:00,98.48821841491574,116.37369974634875
2024-10-10 12:00:00,95.14254074179986,118.25107716762646
2024-10-11 00:00:00,100.04241868793969,115.50158330663167
2024-10-11 12:00:00,92.48202549610612,119.74398585137867
2024-10-12 00:00:00,80.17480964358755,124.97453641963266
2024-10-12 12:00:00,81.4198047088813,125.7487724674702
2024-10-13 00:00:00,82.19106147803603,126.22840070814713
2024-10-13 12:00:00,79.16164640701568,124.34447167322129
2024-10-14 00:00:00,78.33362624498295,123.82954348141297
2024-10-14 12:00:00,91.8501645042596,132.23519218961735
2024-10-15 00:00:00,97.96368554207525,136.03706136857127
2024-10-15 12:00:00,97.22691282194069,135.57887802721245
2024-10-16 00:00:00,103.39852134800573,139.41687058414973
2024-10-16 12:00:00,108.91343613922363,142.84647922368748
2024-10-17 00:00:00,108.21103232938141,142.40966917931198
2024-10-17 12:00:00,105.11051909385354,140.48152570255317
2024-10-18 00:00:00,105.35806735894018,140.6354707227003
2024-10-18 12:00:00,107.93475695167191,142.2378593765943
2024-10-19 00:00:00,111.80456959797931,144.64441385433582
2024-10-19 12:00:00,111.1586413341952,144.2427247552543
2024-10-20 00:00:00,111.21183542650685,144.27580503400216
2024-10-20 12:00:00,111.42553290557693,144.40869896767336
2024-10-21 00:00:00,116.55864767492166,147.6008742645098
2024-10-21 12:00:00,111.07384166106205,144.18998963556206
2024-10-22 00:00:00,104.98565114339475,140.40387297029756
2024-10-22 12:00:00,104.03155407425983,139.81054022171665
2024-10-23 00:00:00,105.15490507347724,140.50912840267725
2024-10-23 12:00:00,100.76575919476376,137.77961159313406
2024-10-24 00:00:00,106.61071914964239,141.4144683258121
2024-10-24 12:00:00,107.1043188763523,141.72142753575196
2024-10-25 00:00:00,109.81882952643693,143.40952418458372
2024-10-25 12:00:00,110.23695581697734,143.66954806396237
2024-10-26 00:00:00,102.60383384771379,138.9226712683101
2024-10-26 12:00:00,104.32003415713167,139.98993987193927
2024-10-27 00:00:00,104.20915556211847,139.92098682338033
2024-10-27 12:00:00,106.42643961556281,141.29986878872126
2024-10-28 00:00:00,109.07411223407406,142.94640028211322
2024-10-28 12:00:00,115.10795727215014,146.69872064528028
2024-10-29 00:00:00,121.16926289684183,150.46811816533344
2024-10-29 12:00:00,127.7732173463487,154.57497749001595
2024-10-30 00:00:00,134.5778010293039,158.80660388335266
2024-10-30 12:00:00,132.11486849978405,157.27495833639136
2024-10-31 00:00:00,133.86394091603088,158.36266940664942
2024-10-31 12:00:00,133.56463779273196,158.1765391369413
2024-11-01 00:00:00,122.39462680902042,151.23014601506156
2024-11-01 12:00:00,123.43743826803875,151.8786483627231
2024-11-02 00:00:00,119.4715999226234,149.41237753763153
2024-11-02 12:00:00,118.2802595045531,148.67150817788172
2024-11-03 00:00:00,116.55726601018628,147.60001503649036
2024-11-03 12:00:00,112.67876038991889,145.18805458245998
2024-11-04 00:00:00,113.97954016890309,145.9969819615818
2024-11-04 12:00:00,115.51203663788104,146.95000903979482
2024-11-05 00:00:00,110.05330954590147,143.55534233971375
2024-11-05 12:00:00,114.86086956197529,146.54506203447295
2024-11-06 00:00:00,127.70430681767229,154.5321234925471
2024-11-06 12:00:00,145.40936172221438,165.54252194164053
2024-11-07 00:00:00,152.18878759311306,169.7585032247902
2024-11-07 12:00:00,150.13240991197497,168.47968552254494
2024-11-08 00:00:00,155.9663165489707,172.1076684310676
2024-11-08 12:00:00,156.32497368652645,172.33070970444348
2024-11-09 00:00:00,158.4115752837506,173.62832301961373
2024-11-09 12:00:00,157.54958919697353,173.09227213899453
2024-11-10 00:00:00,161.02528197751735,175.2537318241948
2024-11-10 12:00:00,176.9719382288489,185.17061941389912
2024-11-11 00:00:00,182.3028037634431,188.48577172101588
2024-11-11 12:00:00,191.4501151439411,194.17429082362378
2024-11-12 00:00:00,230.65289465160794,218.55366863513424
2024-11-12 12:00:00,215.5089280421607,209.13595672354876
2024-11-13 00:00:00,225.24960685713498,215.1934784593326
2024-11-13 12:00:00,222.87176184756822,213.71474703790096
2024-11-14 00:00:00,237.1372775321417,222.58616893496898
2024-11-14 12:00:00,243.69005281707615,226.66120102176532
2024-11-15 00:00:00,224.2724820424106,214.58582524376126
2024-11-15 12:00:00,235.11607473239158,221.3292257460516
2024-11-16 00:00:00,242.29013859332946,225.79062403224972
2024-11-16 12:00:00,241.68416346814303,225.4137809433966
2024-11-17 00:00:00,241.18480680503575,225.10324161670917
2024-11-17 12:00:00,242.75460822186864,226.07946785144665
2024-11-18 00:00:00,236.18778601212463,221.99570027978615
2024-11-18 12:00:00,239.51028671513478,224.06189305833269
2024-11-19 00:00:00,242.5373414422322,225.94435424539202
2024-11-19 12:00:00,250.7412636552944,231.04619961656954
2024-11-20 00:00:00,248.30147401009194,229.52894613893363
2024-11-20 12:00:00,256.86641370463275,234.85530063135366
2024-11-21 00:00:00,263.64612742235107,239.0714609203406
2024-11-21 12:00:00,278.6620597663209,248.4095510354593
2024-11-22 00:00:00,282.5171346554512,250.806940414327
2024-11-22 12:00:00,286.1639811550886,253.0748369704336
2024-11-23 00:00:00,286.2437147241921,253.124421587388
2024-11-23 12:00:00,286.03565904279145,252.9950361681295
2024-11-24 00:00:00,282.12525999488264,250.56324186731737
2024-11-24 12:00:00,276.25600576840714,246.91327704196436
2024-11-25 00:00:00,280.9438215074158,249.8285303083734
2024-11-25 12:00:00,282.01299973513414,250.49342959073897
2024-11-26 00:00:00,258.61968868444956,235.94562518683745
2024-11-26 12:00:00,248.9924215165034,229.95863175098145
2024-11-27 00:00:00,247.69780165946443,229.15353509677948
2024-11-27 12:00:00,256.6824220173729,234.74088010010013
2024-11-28 00:00:00,274.2527070408527,245.667468016132
2024-11-28 12:00:00,268.1042989684691,241.8439033296876
2024-11-29 00:00:00,268.0582434772901,241.81526239570675
2024-11-29 12:00:00,276.42341747884245,247.0173868369848
2024-11-30 00:00:00,276.64788042897555,247.15697558897398
2024-11-30 12:00:00,274.25973050325746,245.6718357585641
2024-12-01 00:00:00,273.0356331170862,244.91059553452047
2024-12-01 12:00:00,275.53351025053803,246.4639723901397
2024-12-02 00:00:00,279.3460989490557,248.83494050740995
2024-12-02 12:00:00,265.1568051023832,240.01091935608022
2024-12-03 00:00:00,269.94663375435323,242.98961229125683
2024-12-03 12:00:00,264.244676099585,239.4436856585894
2024-12-04 00:00:00,269.6149766485011,242.78336176542723
2024-12-04 12:00:00,270.8904834767008,243.57657243202704
2024-12-05 00:00:00,284.29280411785385,251.91119162395887
2024-12-05 12:00:00,310.48767069695094,268.2012240419161
2024-12-06 00:00:00,280.00952829948784,249.24751316140424
2024-12-06 12:00:00,280.4948380377854,249.54931700322746
2024-12-07 00:00:00,295.66851043904313,258.98550231723056
2024-12-07 12:00:00,290.8030932121756,255.95980244915788
2024-12-08 00:00:00,293.9781012046854,257.9342726366308
2024-12-08 12:00:00,293.65628846007274,257.73414411043944
2024-12-09 00:00:00,292.12425254600646,256.7814034415663
2024-12-09 12:00:00,286.0488999965054,253.003270436649
2024-12-10 00:00:00,281.8282596461427,250.3785436443083
2024-12-10 12:00:00,277.76150220568144,247.84951337263115
2024-12-11 00:00:00,273.4501901070603,245.16839974151563
2024-12-11 12:00:00,283.94733036464805,251.696348817935
2024-12-12 00:00:00,298.5495692591034,260.77717174357065
2024-12-12 12:00:00,298.8693095066129,260.97601142773266
2024-12-13 00:00:00,294.581600847221,258.3095762752824
2024-12-13 12:00:00,295.82878354834565,259.08517276748404
2024-12-14 00:00:00,301.59274340811345,262.6696572575232
2024-12-14 12:00:00,301.57483933591766,262.6585230944382
2024-12-15 00:00:00,302.4064863678807,263.17570675979744
2024-12-15 12:00:00,311.0656095418823,268.5606319622083
2024-12-16 00:00:00,325.448797006418,277.5052314455974
2024-12-16 12:00:00,315.15004077708346,271.1006531923007
2024-12-17 00:00:00,327.81812175011663,278.9786642942426
2024-12-17 12:00:00,335.1841218705426,283.55942367280596
2024-12-18 00:00:00,329.21371827156537,279.8465561961976
2024-12-18 12:00:00,322.42675081398625,275.6258849601086
2024-12-19 00:00:00,298.88750142562867,260.9873245966551
2024-12-19 12:00:00,305.54735572755385,265.128946854957
2024-12-20 00:00:00,266.93544356122743,248.15998109698359
2024-12-20 12:00:00,292.5499926209427,236.322432474523
2024-12-21 00:00:00,264.78532029033,249.153642500282
2024-12-21 12:00:00,267.8358536775177,247.74386412740927
2024-12-22 00:00:00,266.89833640767824,248.17712985620463
2024-12-22 12:00:00,268.9543361053764,247.2269668713897
2024-12-23 00:00:00,289.07098393880517,237.9302271047059
2024-12-23 12:00:00,274.24237662401174,244.78314337830565
2024-12-24 00:00:00,287.8362995687254,238.5008261119396
2024-12-24 12:00:00,289.7412367415362,237.62047540370298
2024-12-25 00:00:00,257.87014270875363,252.3494337150335
2024-12-25 12:00:00,259.7478886270848,251.481649216581
2024-12-26 00:00:00,253.1427378273542,254.53416415909325
2024-12-26 12:00:00,279.0786239912916,242.54811229394195
2024-12-27 00:00:00,278.1966512498336,242.955708585657
2024-12-27 12:00:00,271.2850371944853,246.1498529467047
2024-12-28 00:00:00,289.0097067812739,237.95854582817947
2024-12-28 12:00:00,287.45399517881805,238.67750487343403
2024-12-29 00:00:00,283.2016238372184,240.64270255853052
2024-12-29 12:00:00,285.0655029904446,239.78132646905615
2024-12-30 00:00:00,295.32171881476125,235.04150250339669
2024-12-30 12:00:00,294.0300954929933,235.63841536872522
2024-12-31 00:00:00,304.106275774829,230.98179331628006
2024-12-31 12:00:00,287.9166338447809,238.46370030126693
2025-01-01 00:00:00,288.9911919384799,237.96710230720626
2025-01-01 12:00:00,293.487277486898,235.88927414923003
2025-01-02 00:00:00,283.35578508056506,240.5714582352531
2025-01-02 12:00:00,270.0202952553512,246.73434280691896
2025-01-03 00:00:00,263.6222180218694,246.64773978279436
2025-01-03 12:00:00,262.42144988736555,246.07792840124523
2025-01-04 00:00:00,272.103567161904,250.6724712292868
2025-01-04 12:00:00,271.63664368964686,250.4508978037774
2025-01-05 00:00:00,274.0909153774796,251.6155455829415
2025-01-05 12:00:00,270.7455735440937,250.02805021471755
2025-01-06 00:00:00,274.1195841316334,251.62915002658238
2025-01-06 12:00:00,281.21049869520994,254.99406595649083
2025-01-07 00:00:00,302.978683724171,265.3239200130317
2025-01-07 12:00:00,293.23455140775235,260.6999486253247
2025-01-08 00:00:00,266.9619015485145,248.23255006345764
2025-01-08 12:00:00,269.82108142130323,239.71015374811375
2025-01-09 00:00:00,267.9744479372387,240.5954808186295
2025-01-09 12:00:00,280.7689319287334,234.4614519879494
2025-01-10 00:00:00,285.5936716838956,232.1483385573204
2025-01-10 12:00:00,268.80976041055925,240.19500895924222
2025-01-11 00:00:00,271.9666381872113,238.68151460419128
2025-01-11 12:00:00,272.34509014633784,238.5000742874225
2025-01-12 00:00:00,273.0764552780829,238.14943765316193
2025-01-12 12:00:00,274.00145220343813,237.70596859163575
2025-01-13 00:00:00,266.5546556919996,241.27616841585206
2025-01-13 12:00:00,300.85600894003363,224.83115274389104
2025-01-14 00:00:00,272.9368133752482,238.21638583634214
2025-01-14 12:00:00,244.35044855380315,243.64824636931414
2025-01-15 00:00:00,250.8974846476765,246.87522040093734
2025-01-15 12:00:00,251.28659080231924,247.06700725510657
2025-01-16 00:00:00,272.54201386589483,257.5436102971318
2025-01-16 12:00:00,269.07608547666797,255.8352859886761
2025-01-17 00:00:00,274.3674788422775,258.4433652381404
2025-01-17 12:00:00,293.4349878513172,267.84156551345154
2025-01-18 00:00:00,307.31686017967536,274.6838130391432
2025-01-18 12:00:00,298.6040637324357,270.389355596886
2025-01-19 00:00:00,303.3301382252462,272.71879435988416
2025-01-19 12:00:00,309.34824562430737,275.6850642899464
2025-01-20 00:00:00,271.9990665995228,257.27599657024814
2025-01-20 12:00:00,323.7376192971661,282.7774545727936
2025-01-21 00:00:00,282.11887729383835,262.2639584276843
2025-01-21 12:00:00,306.3225584901281,274.1937308575632
2025-01-22 00:00:00,316.69499401286373,279.30620917548123
2025-01-22 12:00:00,311.81289935575,276.8998695047446
2025-01-23 00:00:00,297.5157722418602,269.85294670459206
2025-01-23 12:00:00,285.37169434132136,263.8672421107653
2025-01-24 00:00:00,298.52619892045567,270.3509767453517
2025-01-24 12:00:00,313.6340062269846,277.79747637570466
2025-01-25 00:00:00,305.59337486375904,273.83432293727105
2025-01-25 12:00:00,308.01560970509325,275.02822027026315
2025-01-26 00:00:00,306.90349390637476,274.4800685950369
2025-01-26 12:00:00,309.01020193498374,275.5184456565129
2025-01-27 00:00:00,286.042987804306,264.1981165005791
2025-01-27 12:00:00,277.9926959746688,260.2302015068712
2025-01-28 00:00:00,286.9727895376608,264.6564072454403
2025-01-28 12:00:00,292.37669465117807,267.31994250332514
2025-01-29 00:00:00,285.8584220512824,264.1071457340224
2025-01-29 12:00:00,289.6881795852929,265.9947980903658
2025-01-30 00:00:00,302.7348210620107,272.42536799125025
2025-01-30 12:00:00,309.9544580504131,275.98386083370184
2025-01-31 00:00:00,309.07186912282987,275.5488408477001
2025-01-31 12:00:00,307.664128524896,274.8549784208464
2025-02-01 00:00:00,291.6136630748253,266.94385123898894
2025-02-01 12:00:00,290.0358111059426,266.1661424779062
2025-02-02 00:00:00,282.5264327602749,262.4648387783926
2025-02-02 12:00:00,275.3580373223807,251.4887020465738
2025-02-03 00:00:00,287.71374906411893,245.5218288668394
2025-02-03 12:00:00,300.6673525012564,239.26621927141048
2025-02-04 00:00:00,254.00733599978932,261.79947408084985
2025-02-04 12:00:00,266.58026071952133,255.7277034804105
2025-02-05 00:00:00,274.6462756153096,251.83242905551148
2025-02-05 12:00:00,276.2505380193319,251.05769179132938
2025-02-06 00:00:00,285.3738537656825,246.65182111588666
2025-02-06 12:00:00,274.11191686262043,252.09048387067904
2025-02-07 00:00:00,287.7402890798601,245.50901204888288
2025-02-07 12:00:00,276.94762117021105,250.72105341355183
2025-02-08 00:00:00,286.68469331410796,246.01878487257474
2025-02-08 12:00:00,291.0652785938532,243.9032938864137
2025-02-09 00:00:00,287.29363099371244,245.7247140829263
2025-02-09 12:00:00,287.5363461097369,245.60750106060962
2025-02-10 00:00:00,286.18176742922395,246.2616599927324
2025-02-10 12:00:00,281.43273556223323,248.55508278124952
2025-02-11 00:00:00,278.2854455391108,250.07498554527862
2025-02-11 12:00:00,278.41139941269824,250.01415936173683
2025-02-12 00:00:00,291.0596444005674,243.9060147751418
2025-02-12 12:00:00,291.63069954373674,243.63023838207368
2025-02-13 00:00:00,278.02011951582074,250.20311792367553
2025-02-13 12:00:00,292.83678757751875,243.0477891884055
2025-02-14 00:00:00,285.9382368378556,246.37926682789129
2025-02-14 12:00:00,286.6666045882955,246.0275203574389
2025-02-15 00:00:00,280.60020937012735,248.9571298920058
2025-02-15 12:00:00,278.5026585171045,249.97008812457383
2025-02-16 00:00:00,279.6832444128558,249.3999545325174
2025-02-16 12:00:00,283.1596899384673,247.72109458489447
2025-02-17 00:00:00,289.1379396853607,244.83405263845657
2025-02-17 12:00:00,288.1108855566488,245.33004201267005
2025-02-18 00:00:00,294.188623295511,242.3949548994793
2025-02-18 12:00:00,290.066247163326,244.38575041932117
2025-02-19 00:00:00,296.47032330803415,241.29306656690076
2025-02-19 12:00:00,290.27056080406015,244.28708240175712
2025-02-20 00:00:00,285.1735433675463,246.74855587040702
2025-02-20 12:00:00,280.9154276576459,248.80490332789756
2025-02-21 00:00:00,274.9256871218142,251.69749445529425
2025-02-21 12:00:00,269.9759000519541,254.08786680533657
2025-02-22 00:00:00,248.7319797029802,244.35675147366558
2025-02-22 12:00:00,244.15645453013832,246.6410091633088
2025-02-23 00:00:00,245.45071630556694,245.99486969270075
2025-02-23 12:00:00,251.98032720085197,242.73506599050197
2025-02-24 00:00:00,248.29130823744316,244.57674964780608
2025-02-24 12:00:00,251.51039715794505,242.96967104097268
2025-02-25 00:00:00,279.7733940632314,228.85982231880587
2025-02-25 12:00:00,297.42398942271865,220.04804516675293
2025-02-26 00:00:00,306.35918604809854,215.58729130156937
2025-02-26 12:00:00,307.8736759879965,214.8312064456422
2025-02-27 00:00:00,330.7959068402549,203.3876496712558
2025-02-27 12:00:00,319.4065753257616,209.0735910898055
2025-02-28 00:00:00,334.2649127757927,201.65580399576834
2025-02-28 12:00:00,359.21387380852343,189.20043462617318
2025-03-01 00:00:00,337.1386357438086,200.2211438114997
2025-03-01 12:00:00,330.6777968477831,203.44661419408888
2025-03-02 00:00:00,321.5864110520307,207.9853430020353
2025-03-02 12:00:00,321.8764151865515,207.84056308076205
2025-03-03 00:00:00,269.3206238733778,234.07820049011798
2025-03-03 12:00:00,271.38270816817226,233.04873791934355
2025-03-04 00:00:00,321.4443491849471,208.05626511480543
2025-03-04 12:00:00,337.8140929503002,199.8839326150426
2025-03-05 00:00:00,316.03775133283654,210.7554225343289
2025-03-05 12:00:00,290.53968998902116,223.4849214432883
2025-03-06 00:00:00,292.76011482017117,222.37640989472675
2025-03-06 12:00:00,292.360821293709,222.57575079523346
2025-03-07 00:00:00,325.1533758519986,206.20459293177555
2025-03-07 12:00:00,299.8969846202837,218.81344190634059
2025-03-08 00:00:00,316.5652662718908,210.49206914637492
2025-03-08 12:00:00,320.27336068034964,208.64086237852217
2025-03-09 00:00:00,318.79322088398186,209.3797984752283
2025-03-09 12:00:00,331.81708856022965,202.87784104639658
2025-03-10 00:00:00,355.5394124216003,191.0348506464796
2025-03-10 12:00:00,341.5116456654419,198.03798861880887
2025-03-11 00:00:00,381.487754665677,178.08055620693796
2025-03-11 12:00:00,356.0162985478526,190.79677288276372
2025-03-12 00:00:00,344.97247641024387,196.31022427641366
2025-03-12 12:00:00,335.6249346381045,200.97683485458467
2025-03-13 00:00:00,340.1006364293308,198.7424123900681
2025-03-13 12:00:00,346.7475684828938,195.42403797787853
2025-03-14 00:00:00,354.02406193530925,191.79136511641647
2025-03-14 12:00:00,340.27281742017766,198.656453786958
2025-03-15 00:00:00,333.98889252016187,201.7936026893837
2025-03-15 12:00:00,335.14066215531034,201.21860013855058
2025-03-16 00:00:00,334.30170113410355,201.63743799685312
2025-03-16 12:00:00,345.0415352583012,196.27574775213424
2025-03-17 00:00:00,342.8971970707531,197.3462742620037
2025-03-17 12:00:00,342.9180653207891,197.33585612226818
2025-03-18 00:00:00,337.62398390959436,199.97884151002168
2025-03-18 12:00:00,347.56028283910683,195.0183033468722
2025-03-19 00:00:00,342.4447648045086,197.5721438276103
2025-03-19 12:00:00,337.921517825056,199.83030246616346
2025-03-20 00:00:00,321.6505217583269,207.95333675831168
2025-03-20 12:00:00,326.3950725852403,205.5846957169274
2025-03-21 00:00:00,332.4834383173929,202.5451765982089
2025-03-21 12:00:00,339.93498124863277,198.8251130869378
2025-03-22 00:00:00,334.64075641303896,201.46817007702623
2025-03-22 12:00:00,334.4532290115127,201.56179012997612
2025-03-23 00:00:00,336.0695502746104,200.75486761623296
2025-03-23 12:00:00,330.91889326228835,203.32625066903435
2025-03-24 00:00:00,321.62140660535556,207.96787203230704
2025-03-24 12:00:00,310.7892575158802,212.64479334671108
2025-03-25 00:00:00,313.3497729506497,213.61819128921798
2025-03-25 12:00:00,308.49064187235314,211.77095845095516
2025-03-26 00:00:00,313.83957547285485,213.80439316126103
2025-03-26 12:00:00,315.35738882612947,214.38140057747282
2025-03-27 00:00:00,310.3860957013136,212.49152854874595
2025-03-27 12:00:00,305.44908216082433,210.61468814498045
2025-03-28 00:00:00,311.0332641175016,212.73755417164156
2025-03-28 12:00:00,292.56488281556847,204.41113344706173
2025-03-29 00:00:00,298.35713750410906,202.15071933495756
2025-03-29 12:00:00,316.10131865654995,195.22609332290327
2025-03-30 00:00:00,313.00941901183717,196.4327000703493
2025-03-30 12:00:00,310.50465278925776,197.41017934594848
2025-03-31 00:00:00,323.5855267364039,192.30539827903792
2025-03-31 12:00:00,313.2937200235856,196.321752252341
2025-04-01 00:00:00,314.3729446451446,195.9005873181525
2025-04-01 12:00:00,305.527779640705,199.35239268152537
2025-04-02 00:00:00,293.1499979665633,204.1827936008994
2025-04-02 12:00:00,292.365624410432,204.4888935828198
2025-04-03 00:00:00,309.0846155640696,197.9643456173106
2025-04-03 12:00:00,320.8134313275594,193.38720215666237
2025-04-04 00:00:00,310.7472122842764,197.31552105914182
2025-04-04 12:00:00,312.2731170046429,196.7200402405123
2025-04-05 00:00:00,303.94673942241633,199.969390001808
2025-04-05 12:00:00,308.5905060935056,198.15717070533674
2025-04-06 00:00:00,306.3354550545272,199.03719920306605
2025-04-06 12:00:00,313.9427776738347,196.0684589924478
2025-04-07 00:00:00,354.034082529048,180.42291919139484
2025-04-07 12:00:00,363.1344670929213,176.8715149801035
2025-04-08 00:00:00,347.684142829078,182.90096860058605
2025-04-08 12:00:00,340.18030247542146,185.82932509429136
2025-04-09 00:00:00,370.60041899293077,173.95794436856593
2025-04-09 12:00:00,368.4097691511928,174.81284044672697
2025-04-10 00:00:00,317.1090781318835,194.83281749817868
2025-04-10 12:00:00,323.00233811695034,192.53298630068332
2025-04-11 00:00:00,347.4691052132217,182.98488653715
2025-04-11 12:00:00,319.2863339924292,193.98314839046907
2025-04-12 00:00:00,307.7862250447799,198.4710395405995
2025-04-12 12:00:00,303.55904788461385,200.12068573556186
2025-04-13 00:00:00,297.25011239402954,206.08465902073067
2025-04-13 12:00:00,287.66830535279826,202.37218535696454
2025-04-14 00:00:00,286.4392667551974,201.89599402836532
2025-04-14 12:00:00,293.85932971772235,204.77089937902875
2025-04-15 00:00:00,292.0292163078973,204.06182145599772
2025-04-15 12:00:00,300.24412101289005,207.2446884492904
2025-04-16 00:00:00,275.53832919600876,197.6724228977107
2025-04-16 12:00:00,281.1906500781863,199.8624161133895
2025-04-17 00:00:00,285.36980635908947,201.48163131599722
2025-04-17 12:00:00,290.5996654362725,203.50794159397543
2025-04-18 00:00:00,290.9794375313134,203.65508439230206
2025-04-18 12:00:00,289.3948361547059,203.04113017125496
2025-04-19 00:00:00,287.4642818039295,202.29313637917733
2025-04-19 12:00:00,295.3993933449845,205.36759743735246
2025-04-20 00:00:00,294.2218226444489,204.91134735903748
2025-04-20 12:00:00,286.80721139813,202.038554277255
2025-04-21 00:00:00,307.6911653505372,210.1300477408568
2025-04-21 12:00:00,311.50764390077484,211.60874336112107
2025-04-22 00:00:00,317.7091096882633,214.0115029151101
2025-04-22 12:00:00,329.56289635792916,218.6042556847779
2025-04-23 00:00:00,365.63930494545735,232.58206970129302
2025-04-23 12:00:00,373.3494176905452,235.56935491666385
2025-04-24 00:00:00,369.8919207921897,234.22974683204427
2025-04-24 12:00:00,364.5330685654502,232.15345812426952
2025-04-25 00:00:00,374.8729413652496,236.1596445660093
2025-04-25 12:00:00,379.6871763831883,238.0249211926801
2025-04-26 00:00:00,383.9690836542826,239.68394729352133
2025-04-26 12:00:00,378.1034990262768,237.41132498330768
2025-04-27 00:00:00,383.8703983507537,239.64571164665688
2025-04-27 12:00:00,373.3813887720256,235.5817421206106
2025-04-28 00:00:00,370.4710963376193,234.45414854978424
2025-04-28 12:00:00,388.3119762253105,241.36660216489662
2025-04-29 00:00:00,385.67463920909177,240.34476524279458
2025-04-29 12:00:00,383.3449083496594,239.4421104072204
2025-04-30 00:00:00,380.8837818894609,238.48854631149524
2025-04-30 12:00:00,380.9677752798241,238.52108957273103
2025-05-01 00:00:00,379.57795725512545,237.9826042127234
2025-05-01 12:00:00,397.7601700185055,245.02730734049237
2025-05-02 00:00:00,403.94897673615947,247.42516213453723
2025-05-02 12:00:00,405.23853862384584,247.92480322783325
2025-05-03 00:00:00,400.7840244735455,246.19890054614686
2025-05-03 12:00:00,395.42443303104926,244.12232542903226
2025-05-04 00:00:00,393.2116830651258,243.2649948714828
2025-05-04 12:00:00,389.3427201961577,241.76596418809223
2025-05-05 00:00:00,382.52225361434324,239.12337261318092
2025-05-05 12:00:00,378.9113694464576,237.72433459055105
2025-05-06 00:00:00,381.3651961510579,238.67507039404563
2025-05-06 12:00:00,375.23986958651676,236.30181100205684
2025-05-07 00:00:00,407.3926133390755,248.75940004403546
2025-05-07 12:00:00,403.2384979919332,247.1498869578137
2025-05-08 00:00:00,410.66696953369126,250.02805021471755
2025-05-08 12:00:00,424.693218910537,255.46252423291529
2025-05-09 00:00:00,457.32987177787174,268.1076039889661
2025-05-09 12:00:00,458.0689951326729,268.3939775276072
2025-05-10 00:00:00,457.7521487789268,268.2712153243318
2025-05-10 12:00:00,465.4240995105716,271.243714657535
2025-05-11 00:00:00,472.1934678031993,273.86650818683205
2025-05-11 12:00:00,473.7949787402428,274.4870140215272
2025-05-12 00:00:00,473.66016426660184,274.4347801181797
2025-05-12 12:00:00,467.13510678158696,271.9066448756894
2025-05-13 00:00:00,452.1554538824466,266.1027744114736
2025-05-13 12:00:00,465.29972645949505,271.19552628611217
2025-05-14 00:00:00,467.501110983158,272.04845330006214
2025-05-14 12:00:00,468.2332117882699,272.332105949975
2025-05-15 00:00:00,466.402359162688,271.62274161760416
2025-05-15 12:00:00,454.92742056836704,267.17677363458824
2025-05-16 00:00:00,466.0601022673032,271.4901340932728
2025-05-16 12:00:00,463.6692937059676,270.56381468599693
2025-05-17 00:00:00,462.3196705380437,270.04090283384147
2025-05-17 12:00:00,458.3238397648196,268.4927171475062
2025-05-18 00:00:00,462.5302546267537,270.12249369451945
2025-05-18 12:00:00,467.6756583037254,272.11608170542445
2025-05-19 00:00:00,479.8840837327023,276.8462393558654
2025-05-19 12:00:00,454.1877428017483,266.89018528894235
2025-05-20 00:00:00,484.19361919270585,278.5159700057819
2025-05-20 12:00:00,475.4406578187537,275.12463281427614
2025-05-21 00:00:00,493.54719336903406,282.1400147858822
2025-05-21 12:00:00,492.00934738904243,281.54417595557794
2025-05-22 00:00:00,523.2543341922868,293.6500543282716
2025-05-22 12:00:00,538.5390983950344,299.5721402474935
2025-05-23 00:00:00,538.5842829581673,299.58964701838937
2025-05-23 12:00:00,509.0081681278021,288.1303735314809
2025-05-24 00:00:00,499.3420904902987,284.3852492029765
2025-05-24 12:00:00,512.3703061935344,289.43303481126526
2025-05-25 00:00:00,500.05561849952176,284.6617058182268
2025-05-25 12:00:00,500.8564663700132,284.97199453674193
2025-05-26 00:00:00,519.4282458372115,292.16763538659
2025-05-26 12:00:00,522.0751926582681,293.1931956301095
2025-05-27 00:00:00,515.694374647793,290.72094601004943
2025-05-27 12:00:00,520.0063125590061,292.39160749032027
2025-05-28 00:00:00,516.3321330419468,290.9680456679693
2025-05-28 12:00:00,513.4357933049498,289.8458580734318
2025-05-29 00:00:00,507.83050502529676,287.67408765199843
2025-05-29 12:00:00,509.2115448628836,288.2091719010957
2025-05-30 00:00:00,476.91899693032553,275.6974156927259
2025-05-30 12:00:00,483.80266645934375,278.3644952661907
2025-05-31 00:00:00,467.839024985972,272.17937816952207
2025-05-31 12:00:00,468.5471012789887,272.4537225158913
2025-06-01 00:00:00,472.35895973074645,273.93062807778165
2025-06-01 12:00:00,467.82913797522497,272.17554744460216
2025-06-02 00:00:00,481.42350054617725,277.4426868060168
2025-06-02 12:00:00,470.0843004451933,273.0493107380232
2025-06-03 00:00:00,489.3538071848132,280.51528620348313
2025-06-03 12:00:00,480.3189274016227,277.0147196500079
2025-06-04 00:00:00,481.87368294205066,277.6171100939602
2025-06-04 12:00:00,477.8356244687212,276.0525632740884
2025-06-05 00:00:00,477.2585741685921,275.8289849832003
2025-06-05 12:00:00,483.47584069288143,278.23786653682777
2025-06-06 00:00:00,448.83600552666775,264.81665327106316
2025-06-06 12:00:00,465.95347039438906,271.44881954600544
2025-06-07 00:00:00,472.9614205725143,274.1640516897256
2025-06-07 12:00:00,481.77213317746447,277.577764610904
2025-06-08 00:00:00,481.8460547531414,277.60640554488486
2025-06-08 12:00:00,484.1403032562487,278.4953127321482
2025-06-09 00:00:00,484.0002218703407,278.4410381622545
2025-06-09 12:00:00,502.8876464656799,285.7589758002009
2025-06-10 00:00:00,522.8789973917865,293.50462998598385
2025-06-10 12:00:00,520.8817288189616,292.7307877509886
2025-06-11 00:00:00,522.0624411864636,293.18825506899776
2025-06-11 12:00:00,521.0398285889412,292.79204354854016
2025-06-12 00:00:00,511.71757868030596,289.1801353642142
2025-06-12 12:00:00,495.848002411983,283.0314638560364
2025-06-13 00:00:00,466.3650287669712,271.6082779459438
2025-06-13 12:00:00,476.10863165696566,275.3834394539606
2025-06-14 00:00:00,485.10886070155755,278.8705805696324
2025-06-14 12:00:00,477.96905291281837,276.1042601599239
2025-06-15 00:00:00,483.42409558990755,278.2178178830412
2025-06-15 12:00:00,480.1514026307444,276.9498121333737
2025-06-16 00:00:00,481.440502508583,277.4492742208324
2025-06-16 12:00:00,493.093776904225,281.96433845707713
2025-06-17 00:00:00,498.1588832696179,283.9268152534455
2025-06-17 12:00:00,482.15828100840736,277.72737768978646
2025-06-18 00:00:00,451.6078358497741,275.34939254369084
2025-06-18 12:00:00,455.19175020050335,274.17232175941257
2025-06-19 00:00:00,450.50381843557045,275.7119867678885
2025-06-19 12:00:00,452.5908560947669,275.02653761539176
2025-06-20 00:00:00,453.2433687568348,274.81223182687995
2025-06-20 12:00:00,439.66921765174965,279.43111944880525
2025-06-21 00:00:00,425.77725231862996,269.6401445651143
2025-06-21 12:00:00,420.1899022176212,271.64368530057766
2025-06-22 00:00:00,429.7316181576785,268.2221677248896
2025-06-22 12:00:00,430.65034652516215,267.89272538177477
2025-06-23 00:00:00,449.1744743067495,261.2502483705994
2025-06-23 12:00:00,441.38595007860425,264.04309744540774
2025-06-24 00:00:00,399.0471353601427,276.3869461783148
2025-06-24 12:00:00,399.7417138107416,276.6478650868806
2025-06-25 00:00:00,411.1960634597727,280.95070000232715
2025-06-25 12:00:00,419.13167944050474,283.9317200133897
2025-06-26 00:00:00,419.89411462228173,284.2181293531982
2025-06-26 12:00:00,418.01166215847394,283.5109846932108
2025-06-27 00:00:00,413.74907766595356,281.9097416766761
2025-06-27 12:00:00,413.9175758411262,281.97303814077384
2025-06-28 00:00:00,417.4561328241516,283.3022996879929
2025-06-28 12:00:00,420.0974942070208,284.2945290445921
2025-06-29 00:00:00,421.3801007915654,284.77634115648516
2025-06-29 12:00:00,428.1844535713356,287.33240130960684
2025-06-30 00:00:00,433.1777368811918,289.2081318771805
2025-06-30 12:00:00,422.28225222040317,285.1152350078136
2025-07-01 00:00:00,420.43754029809355,284.42226761014683
2025-07-01 12:00:00,411.327011702243,280.9998908064392
2025-07-02 00:00:00,401.5222858733845,277.3167382988359
2025-07-02 12:00:00,420.4651785734329,284.43264994871487
2025-07-03 00:00:00,435.09516605896357,289.92841556563167
2025-07-03 12:00:00,437.506272016936,290.8341493016087
2025-07-04 00:00:00,440.469762264106,291.9473866042772
2025-07-04 12:00:00,433.34909418829614,289.27250237630255
2025-07-05 00:00:00,428.2428751671393,287.35434742526957
2025-07-05 12:00:00,427.7907511043455,287.18450668676314
2025-07-06 00:00:00,428.3475193958382,287.3936571071583
2025-07-06 12:00:00,428.59531082991566,287.48674014259615
2025-07-07 00:00:00,434.2190327307039,289.5992954330241
2025-07-07 12:00:00,429.6804467023801,287.8943722354786
2025-07-08 00:00:00,429.23385029465413,287.72660796468574
2025-07-08 12:00:00,435.4210117947755,290.05081975723226
2025-07-09 00:00:00,435.33714392478,290.01931472985336
2025-07-09 12:00:00,439.057637003057,291.4169207057843
2025-07-10 00:00:00,454.1718661334139,297.09459205464697
2025-07-10 12:00:00,453.71764537387014,296.92396369045593
2025-07-11 00:00:00,498.71685571555037,313.8279503294603
2025-07-11 12:00:00,520.5175460856949,322.01739578727666
2025-07-12 00:00:00,516.0370957399816,320.3343113018916
2025-07-12 12:00:00,517.4855319765627,320.87841744519295
2025-07-13 00:00:00,515.1613436293127,320.00533437395393
2025-07-13 12:00:00,525.7974097195015,324.000780465451
2025-07-14 00:00:00,531.7948201637581,326.2537121335527
2025-07-14 12:00:00,559.0194744170656,336.4806736347673
2025-07-15 00:00:00,535.9550477331253,327.8165046962182
2025-07-15 12:00:00,514.0946968100066,319.6046477075618
2025-07-16 00:00:00,522.7551027354154,322.8579355972799
2025-07-16 12:00:00,527.5254690589994,324.64992723412706
2025-07-17 00:00:00,530.2025695910146,325.65558202853003
2025-07-17 12:00:00,520.4124253350075,321.9779070995505
2025-07-18 00:00:00,538.2532179797971,328.6798140487362
2025-07-18 12:00:00,535.4262989345629,327.617879819061
2025-07-19 00:00:00,519.1984379168226,321.52187182824036
2025-07-19 12:00:00,523.9859590319968,323.3203076752333
2025-07-20 00:00:00,521.1294003190711,322.247239282473
2025-07-20 12:00:00,522.4933968592702,322.7596255913906
2025-07-21 00:00:00,515.5040582435215,320.134075372198
2025-07-21 12:00:00,523.3262619909642,323.07249199396404
2025-07-22 00:00:00,513.3275917127411,319.31648411054687
2025-07-22 12:00:00,534.0087413228437,327.0853732540219
2025-07-23 00:00:00,536.4186083236457,327.9906415748217
2025-07-23 12:00:00,521.4952739019263,322.38467996441364
2025-07-24 00:00:00,531.7814775480773,326.2486999701061
2025-07-24 12:00:00,526.7438776932801,324.35632185965585
2025-07-25 00:00:00,518.4823206723386,321.2528618558252
2025-07-25 12:00:00,503.62817724336554,315.6728918930047
2025-07-26 00:00:00,516.8758697443342,320.6493973768485
2025-07-26 12:00:00,520.8612137438809,322.1464947971954
2025-07-27 00:00:00,521.2217502804637,322.28193061375737
2025-07-27 12:00:00,522.6073809189462,322.8024437876919
2025-07-28 00:00:00,533.4656968646229,326.88137820174325
2025-07-28 12:00:00,529.7347203025965,325.47983409739
2025-07-29 00:00:00,521.4866965061314,322.38145785934086
2025-07-29 12:00:00,530.3218906969628,325.7004050902101
2025-07-30 00:00:00,519.246757246468,321.5400230201507
2025-07-30 12:00:00,519.1919572177777,321.519437348852
2025-07-31 00:00:00,525.6419682468169,323.9423887612976
2025-07-31 12:00:00,527.6469821660952,324.69557372265916
2025-08-01 00:00:00,497.15996307436143,313.2431024575712
2025-08-01 12:00:00,500.0687485972387,314.33578989010834
2025-08-02 00:00:00,481.870278547798,307.49952115938504
2025-08-02 12:00:00,479.9359804916294,306.7729006642908
2025-08-03 00:00:00,473.6080543960722,304.39581054738187
2025-08-03 12:00:00,483.65266139399756,308.1690745935225
2025-08-04 00:00:00,492.1336091384955,311.35494888488313
2025-08-04 12:00:00,487.79239851785417,309.7241699051807
2025-08-05 00:00:00,492.0105711610364,311.3087295776716
2025-08-05 12:00:00,482.96037024894395,307.9090149129764
2025-08-06 00:00:00,482.41094039607555,307.7026211824768
2025-08-06 12:00:00,482.7407889165919,307.82652902311145
2025-08-07 00:00:00,492.0457384837956,311.3219402084702
2025-08-07 12:00:00,506.33520335626525,316.68978825399506
2025-08-08 00:00:00,514.6659513699531,319.8192399054133
2025-08-08 12:00:00,507.3881263422995,317.0853195522707
2025-08-09 00:00:00,508.20316955161917,317.39149113652604
2025-08-09 12:00:00,513.2604021123468,319.2912442874762
2025-08-10 00:00:00,509.7611105411829,317.9767328212574
2025-08-10 12:00:00,526.5778574324482,324.2939562259126
2025-08-11 00:00:00,532.4138222269638,326.4862407163098
2025-08-11 12:00:00,537.3443952431188,328.3384141156843
2025-08-12 00:00:00,530.7265531696908,325.8524168473134
2025-08-12 12:00:00,533.7319773518586,326.9814066636714
2025-08-13 00:00:00,538.0066655028899,328.5871964284756
2025-08-13 12:00:00,543.3487629084091,330.5939592690118
2025-08-14 00:00:00,577.4116030026779,343.389690337802
2025-08-14 12:00:00,529.9360984949834,325.5554819642669
2025-08-15 00:00:00,523.4134655148802,323.1052500622046
2025-08-15 12:00:00,527.8612264521746,324.77605474714545
2025-08-16 00:00:00,519.1556462422456,321.5057971040436
2025-08-16 12:00:00,519.2714410854778,321.549295522527
2025-08-17 00:00:00,514.5808445427872,319.78726946285724
2025-08-17 12:00:00,523.228860896492,323.03590320080343
2025-08-18 00:00:00,514.9144099348147,319.9125735490235
2025-08-18 12:00:00,496.71668198802007,313.57505088240936
2025-08-19 00:00:00,485.92132224043513,317.30961386650824
2025-08-19 12:00:00,495.8887693590283,313.8614602222179
2025-08-20 00:00:00,520.5656366678448,305.3247076387161
2025-08-20 12:00:00,515.9757925417914,306.9125252174474
2025-08-21 00:00:00,509.4235885068694,309.17920453385995
2025-08-21 12:00:00,521.8096788819842,304.89434180448626
2025-08-22 00:00:00,526.6159186714403,303.23166398456254
2025-08-22 12:00:00,529.6105821395832,302.1956856013075
2025-08-23 00:00:00,479.6244460093069,318.4090319185309
2025-08-23 12:00:00,463.1705951250967,312.47813891210996
2025-08-24 00:00:00,464.7771255186213,313.0572227960355
2025-08-24 12:00:00,457.8093027534073,310.545627692919
2025-08-25 00:00:00,436.78149998575407,303.28260904588103
2025-08-25 12:00:00,446.8844222977646,299.49201723468207
2025-08-26 00:00:00,470.60647586971277,290.5915605907909
2025-08-26 12:00:00,459.9521242087181,294.5890473488341
2025-08-27 00:00:00,449.07849851346714,298.66880518973727
2025-08-27 12:00:00,449.19252482806075,298.62602279460333
2025-08-28 00:00:00,449.24500555862676,298.6063321524915
2025-08-28 12:00:00,431.1103368212737,305.4104156336538
2025-08-29 00:00:00,441.0196529472504,301.69246439126385
2025-08-29 12:00:00,455.0743742708865,296.41916722904335
2025-08-30 00:00:00,478.2354565428382,287.7291856487441
2025-08-30 12:00:00,475.2378526324141,288.85387932500487
2025-08-31 00:00:00,467.85028331989247,291.62567731333723
2025-08-31 12:00:00,478.1544453787463,287.7595808399313
2025-09-01 00:00:00,478.9829729851195,287.44871930273655
2025-09-01 12:00:00,470.5297585835761,290.62034472944174
2025-09-02 00:00:00,471.17775247680197,290.3772190011117
2025-09-02 12:00:00,473.50951904560776,289.50234587149896
2025-09-03 00:00:00,449.23489109055413,298.610127076244
2025-09-03 12:00:00,451.4102650822731,297.7939320601245
2025-09-04 00:00:00,442.3109651777063,301.2079671918102
2025-09-04 12:00:00,453.10930487947235,297.1564564720456
2025-09-05 00:00:00,457.71157869158696,295.42969456233976
2025-09-05 12:00:00,436.29284921584326,305.3221299546579
2025-09-06 00:00:00,413.2760925864938,296.60425926489467
2025-09-06 12:00:00,413.7759226087353,296.7935758385081
2025-09-07 00:00:00,409.2783031026232,295.0900488864943
2025-09-07 12:00:00,416.45409655922555,297.80796611777515
2025-09-08 00:00:00,413.826775209334,296.8128368666102
2025-09-08 12:00:00,425.13675276442376,301.09662556095964
2025-09-09 00:00:00,421.5025877313028,299.7201422738396
2025-09-09 12:00:00,431.160139331622,303.37805495837216
2025-09-10 00:00:00,413.02831304073277,297.4304070055726
2025-09-10 12:00:00,406.33453428147936,306.0336065559098
2025-09-11 00:00:00,410.51899307082584,307.72410188296243
2025-09-11 12:00:00,411.3191260344424,308.0473506241039
2025-09-12 00:00:00,427.843746006264,314.723194323367
2025-09-12 12:00:00,421.13783598048144,312.01404837811765
2025-09-13 00:00:00,431.11047559290665,316.0429327600374
2025-09-13 12:00:00,429.28130907368967,315.3039608621638
2025-09-14 00:00:00,428.6848205391784,315.0629832038823
2025-09-14 12:00:00,427.27322257955393,314.492706407156
2025-09-15 00:00:00,421.0257340645466,311.96875990126046
2025-09-15 12:00:00,417.9216187195957,310.71471660690855
2025-09-16 00:00:00,421.1793978765867,312.030839125664
2025-09-16 12:00:00,424.2872351823828,313.28638606904974
2025-09-17 00:00:00,434.21822428058726,317.29844390225566
2025-09-17 12:00:00,431.07166085837747,316.02725184868285
2025-09-18 00:00:00,432.362915417338,316.5489106599767
2025-09-18 12:00:00,439.22231201893015,319.3200642272945
2025-09-19 00:00:00,441.87651319218065,320.3923449943703
2025-09-19 12:00:00,430.6951224861981,315.87513268807703
2025-09-20 00:00:00,426.807268528973,314.3044638685668
2025-09-20 12:00:00,428.14327523619255,314.84420226943604
2025-09-21 00:00:00,426.2425938978772,314.0763388294092
2025-09-21 12:00:00,426.45155541390426,314.1607579823179
2025-09-22 00:00:00,415.1411367319524,309.5914191761794
2025-09-22 12:00:00,401.4562439890029,303.6175289676197
2025-09-23 00:00:00,404.5054351690387,302.3883674846637
2025-09-23 12:00:00,399.6589503674028,304.342037193833
2025-09-24 00:00:00,405.9672849003001,301.7990802680076
2025-09-24 12:00:00,398.5073218458192,304.8062709324951
2025-09-25 00:00:00,398.58139126719664,304.77641275882013
2025-09-25 12:00:00,415.9117708121343,297.7903519433769
2025-09-26 00:00:00,430.4669449863276,291.923006009226
2025-09-26 12:00:00,431.3501828707378,291.5669633986765
2025-09-27 00:00:00,428.89354706172094,292.55725949223205
2025-09-27 12:00:00,431.10710372648145,291.66495119405846
2025-09-28 00:00:00,429.2619402989793,292.4087562495413
2025-09-28 12:00:00,431.86254077472614,291.360426463507
2025-09-29 00:00:00,405.70218031659317,301.9059467529237
2025-09-29 12:00:00,407.81955330827014,301.05241111912665
2025-09-30 00:00:00,394.1877525341699,310.0163432329529
2025-09-30 12:00:00,381.09249834026565,304.5605675201069
2025-10-01 00:00:00,391.7263180588386,308.99085459176825
2025-10-01 12:00:00,410.3144277581767,316.7350767308522
2025-10-02 00:00:00,427.7226059960997,323.9877130393223
2025-10-02 12:00:00,436.09203317663844,327.4746035468217
2025-10-03 00:00:00,442.36833017458696,330.08944921693904
2025-10-03 12:00:00,444.30411897593405,330.8959421166725
2025-10-04 00:00:00,459.27286131504036,337.1322548828318
2025-10-04 12:00:00,458.4618356699428,336.7943634641926
2025-10-05 00:00:00,459.76868860601445,337.33882761916874
2025-10-05 12:00:00,467.74471936747545,340.6618203819627
2025-10-06 00:00:00,469.99106619821254,341.59769870095465
2025-10-06 12:00:00,480.3832453028827,345.9273128896734
2025-10-07 00:00:00,483.3417960482805,347.15991128470705
2025-10-07 12:00:00,483.48839593708516,347.22098807642124
2025-10-08 00:00:00,457.6753006276055,336.4666753782841
2025-10-08 12:00:00,463.84031576388855,339.03515853651993
2025-10-09 00:00:00,465.6245206239392,339.7784981768255
2025-10-09 12:00:00,471.8479694790891,342.3713261289451
2025-10-10 00:00:00,456.22459762479383,335.86228006895305
2025-10-10 12:00:00,454.95228932840536,335.3322079833024
2025-10-11 00:00:00,407.0489167370278,302.8153322079834
2025-10-11 12:00:00,408.20654438257674,302.334021312435
2025-10-12 00:00:00,431.78791205663714,292.52951358743815
2025-10-12 12:00:00,413.2915297277311,300.2198191683031
2025-10-13 00:00:00,383.2293760439561,312.71886596221907
2025-10-13 12:00:00,390.70849104225283,309.60924815758244
2025-10-14 00:00:00,386.00039770874446,311.56674859167157
2025-10-14 12:00:00,421.78447304339556,296.68867841780326
2025-10-15 00:00:00,402.9219621256118,304.5312105627765
2025-10-15 12:00:00,413.9661810668323,299.93931702112803
2025-10-16 00:00:00,424.98775376654885,295.356839186526
2025-10-16 12:00:00,415.62099273688295,299.251290184573
2025-10-17 00:00:00,439.0341926936152,289.51670213965684
2025-10-17 12:00:00,468.7377952381411,277.16673140711123
2025-10-18 00:00:00,455.8637083189701,282.51943555879365
2025-10-18 12:00:00,453.9723596701688,283.3058082024055
2025-10-19 00:00:00,455.41155845533,282.70742748921043
2025-10-19 12:00:00,449.09644304886126,285.3330851119055
2025-10-20 00:00:00,445.5141176295085,286.8225210824125
2025-10-20 12:00:00,421.4354798235644,296.8337805495838
2025-10-21 00:00:00,424.85497618328213,295.4120445867741
2025-10-21 12:00:00,439.0910235658306,289.49307336912267
2025-10-22 00:00:00,446.04212809681786,286.6029883234492
2025-10-22 12:00:00,445.53564447504465,286.8135707905435
2025-10-23 00:00:00,447.25486446693924,286.09876468071633
2025-10-23 12:00:00,435.89178988963823,290.8232299455285
2025-10-24 00:00:00,424.3935267223704,295.60390304327825
2025-10-24 12:00:00,417.53309326478114,298.4562894595993
2025-10-25 00:00:00,422.1003149211012,296.557359735501
2025-10-25 12:00:00,412.34925664492516,300.6115913439937
2025-10-26 00:00:00,413.925452275078,299.95625097334425
2025-10-26 12:00:00,397.9174871827625,306.6119386153183
2025-10-27 00:00:00,389.123741242055,310.8802970064854
2025-10-27 12:00:00,391.6651537299351,311.94853224163637
2025-10-28 00:00:00,382.26197862899147,307.99608335227816
2025-10-28 12:00:00,386.41743249515844,309.74275071110077
2025-10-29 00:00:00,369.3258841438809,302.55863783717996
2025-10-29 12:00:00,375.2561021366635,305.0512941227014
2025-10-30 00:00:00,357.4166078100949,295.8158459547366
2025-10-30 12:00:00,375.2662654450162,288.04119282329805
2025-10-31 00:00:00,367.62746154607703,291.3683743226868
2025-10-31 12:00:00,364.86586975184935,292.5712219475477
2025-11-01 00:00:00,364.22811778055905,292.84900320599456
2025-11-01 12:00:00,361.8733096576698,293.8746708530166
2025-11-02 00:00:00,362.22822820542495,293.7200814118549
2025-11-02 12:00:00,355.96372678876105,296.44866739104367
2025-11-03 00:00:00,364.0116980176504,292.9432676799591
2025-11-03 12:00:00,380.3538148734204,285.8252437611991
2025-11-04 00:00:00,391.01822130660327,281.1802212870162
2025-11-04 12:00:00,411.7224334216048,272.1622294103011
2025-11-05 00:00:00,439.5721142980683,260.0319346413887
2025-11-05 12:00:00,422.2367515573811,267.5825798679296
2025-11-06 00:00:00,413.98131983415806,271.17834172572367
2025-11-06 12:00:00,423.23106597891746,267.14949314497153
2025-11-07 00:00:00,432.0473150368634,263.30945992148804
2025-11-07 12:00:00,447.1835472205361,256.7166749307695
2025-11-08 00:00:00,421.9096149617202,267.72506851448424
2025-11-08 12:00:00,427.23594122690696,265.4051170608673
2025-11-09 00:00:00,429.4338388570532,264.44779384255725
2025-11-09 12:00:00,427.0570846359124,265.48302040129533
2025-11-10 00:00:00,392.3044928104983,280.6199688171832
2025-11-10 12:00:00,395.352205833243,279.2924973283379
2025-11-11 00:00:00,393.74397602653244,279.99298297117474
2025-11-11 12:00:00,406.9691715646967,274.2325751242749
2025-11-12 00:00:00,420.48895442920514,268.3438558931407
2025-11-12 12:00:00,403.164277054708,275.8898469679097
2025-11-13 00:00:00,428.9666417691792,264.65128767849126
2025-11-13 12:00:00,418.3727587528498,269.26559275097964
2025-11-14 00:00:00,452.64401592896934,254.33829597183166
2025-11-14 12:00:00,482.42495345157766,241.36681697190153
2025-11-15 00:00:00,484.0803632597728,240.64578145893347
2025-11-15 12:00:00,478.61660674635846,243.02559246457034
2025-11-16 00:00:00,482.3324839364725,241.40709328531207
2025-11-16 12:00:00,479.1934521303664,242.77433987122322
2025-11-17 00:00:00,482.92420663802164,241.1493606806518
2025-11-17 12:00:00,482.7415690712982,241.22891087478365
2025-11-18 00:00:00,508.5703184207459,229.9788594106054
2025-11-18 12:00:00,513.9238512721549,227.64705777055397
2025-11-19 00:00:00,506.542975674016,230.86189520640266
2025-11-19 12:00:00,511.7747775459842,228.5831150953833
2025-11-20 00:00:00,510.85978141962727,228.98165369172693
2025-11-20 12:00:00,511.2877714330967,228.79523701267902
2025-11-21 00:00:00,548.7195133428266,212.49134954290864
2025-11-21 12:00:00,581.596659011657,198.1712763653223
2025-11-22 00:00:00,569.6407205866086,203.37884258405668
2025-11-22 12:00:00,576.6760478811896,200.3145132562773
2025-11-23 00:00:00,567.7353554046931,204.20874944731958
2025-11-23 12:00:00,554.9268891479365,209.7876453751157
2025-11-24 00:00:00,553.1958598251663,210.54161796216175
2025-11-24 12:00:00,559.2589009915873,207.90078064445686
2025-11-25 00:00:00,542.0225833759685,215.40828546418905
2025-11-25 12:00:00,546.8721779188351,213.29598078193334
2025-11-26 00:00:00,546.3500744877699,213.5233897977413
2025-11-26 12:00:00,553.9977554601589,210.19234177226522
2025-11-27 00:00:00,522.4120595880696,223.94990700646753
2025-11-27 12:00:00,518.2964675073274,225.74250726316188
2025-11-28 00:00:00,516.4817635477775,226.53292543869856
2025-11-28 12:00:00,513.9660995661674,227.62865597047121
2025-11-29 00:00:00,519.1393785094646,225.37536629069473
2025-11-29 12:00:00,521.3422078470832,224.4158950023361
2025-11-30 00:00:00,519.0577587507983,225.41091684999853
2025-11-30 12:00:00,514.3268539677648,227.47152464641874
2025-12-01 00:00:00,551.0640470751486,211.47015704182115
2025-12-01 12:00:00,563.9634211396444,205.8516650227964
2025-12-02 00:00:00,555.0642372010395,209.72782162426319
2025-12-02 12:00:00,548.8924518848547,212.41602388653894
2025-12-03 00:00:00,512.7601326989458,228.15393069968007
2025-12-03 12:00:00,502.2615960270806,232.7267064178963
2025-12-04 00:00:00,501.2960498991327,233.14726273223775
2025-12-04 12:00:00,501.82768796464455,232.91570078100244
2025-12-05 00:00:00,507.50819302146573,230.44148209673122
2025-12-05 12:00:00,516.1935874411473,226.65844433186967
2025-12-06 00:00:00,531.1543330339314,220.14209483371258
2025-12-06 12:00:00,529.8479237245243,220.71111858957727
2025-12-07 00:00:00,531.399767675802,220.035192547629
2025-12-07 12:00:00,530.7133561907849,220.3341680972217
2025-12-08 00:00:00,523.555804746016,223.45173376103796
2025-12-08 12:00:00,511.8655209634743,228.54359060648974
2025-12-09 00:00:00,523.1445825379524,223.63084700192073
2025-12-09 12:00:00,521.6381924905445,224.28697499825475
2025-12-10 00:00:00,508.8912903820666,229.83905585161136
2025-12-10 12:00:00,510.07153017530794,229.32498688782243
2025-12-11 00:00:00,515.0118681356643,227.17315771667316
2025-12-11 12:00:00,526.1399372663661,222.32618085675782
2025-12-12 00:00:00,513.4689834529615,227.84518143136648
2025-12-12 12:00:00,506.5143717706767,230.8743540126844
2025-12-13 00:00:00,523.7505249960466,223.36692079528717
2025-12-13 12:00:00,523.6022449913798,223.43150610141404
2025-12-14 00:00:00,523.6108754794564,223.42774697882902
2025-12-14 12:00:00,531.0770696168656,220.17574793114005
2025-12-15 00:00:00,539.0150637691231,216.7182501821385
2025-12-15 12:00:00,528.9062963778171,221.1212567641831
2025-12-16 00:00:00,560.3892483442339,207.4084429893259
2025-12-16 12:00:00,549.3134553127383,212.23265030672653
2025-12-17 00:00:00,546.6484427898426,213.39343155980322
2025-12-17 12:00:00,550.8211604821388,211.57594949171298
2025-12-18 00:00:00,557.3869892253588,208.71611643255693
2025-12-18 12:00:00,548.927056032285,212.4009515950316
2025-12-19 00:00:00,562.5312532896941,206.47546456489948
2025-12-19 12:00:00,544.028801975692,214.53445056843304
2025-12-20 00:00:00,542.7982587662336,215.07042984671733
2025-12-20 12:00:00,540.7396818721794,215.96707008615553
2025-12-21 00:00:00,539.6560213502705,216.43907267816007
2025-12-21 12:00:00,537.6004034806996,217.3344240755691
2025-12-22 00:00:00,537.7287100701034,217.2785384531389
2025-12-22 12:00:00,524.6919057573803,222.9568900241837
2025-12-23 00:00:00,536.5116468610692,217.8086463399572
2025-12-23 12:00:00,544.5773722368588,214.29551357669774
2025-12-24 00:00:00,545.6353056847872,213.83471675011324
2025-12-24 12:00:00,547.5419037935707,213.00427286933825
2025-12-25 00:00:00,546.3923227817824,213.50498799765862
2025-12-25 12:00:00,546.4118030262979,213.4965031209668
2025-12-26 00:00:00,550.0777055806925,211.899771051534
2025-12-26 12:00:00,537.2643076164636,217.48081504937878
2025-12-27 00:00:00,547.767447215303,212.90603446578396
2025-12-27 12:00:00,547.1656967085603,213.16813481287627
2025-12-28 00:00:00,544.0366927076477,214.53101365635536
2025-12-28 12:00:00,544.0725297819461,214.5154043473358
2025-12-29 00:00:00,540.4141069838845,216.10887851052829
2025-12-29 12:00:00,547.80090063099,212.8914633906212
2025-12-30 00:00:00,549.0072784738343,212.36600965557489
2025-12-30 12:00:00,542.6510472981862,215.13454973766693
2025-12-31 00:00:00,540.7441204089045,215.96513682311183
2025-12-31 12:00:00,536.4665217376978,217.82830118090155
2026-01-01 00:00:00,544.41257101216,214.3672949174873
2026-01-01 12:00:00,543.2555102440386,214.87126795204793
2026-01-02 00:00:00,535.9897078202529,218.0359837534302
2026-01-02 12:00:00,525.4115772587949,220.0624372360783
2026-01-03 00:00:00,536.0232746874632,222.76968571945136
2026-01-03 12:00:00,534.3805588343047,222.35059725297646
2026-01-04 00:00:00,552.656439273416,227.0131264980551
2026-01-04 12:00:00,549.9832721551165,226.3311500588034
2026-01-05 00:00:00,567.5875279510352,230.82233491634167
2026-01-05 12:00:00,574.1665305674518,232.5007652499548
2026-01-06 00:00:00,587.391614065945,235.87473887523473
2026-01-06 12:00:00,588.1698903449144,236.07329215005706
2026-01-07 00:00:00,571.8544353686958,231.91090521461913
2026-01-07 12:00:00,561.8676323270184,229.36307933001697
2026-01-08 00:00:00,553.403562048251,227.2037319136978
2026-01-08 12:00:00,533.6800259845724,222.17187782493596
2026-01-09 00:00:00,551.9387860295196,226.8300393275825
2026-01-09 12:00:00,540.1355372332478,223.81880313117014
2026-01-10 00:00:00,542.2513092235152,224.3585773332069
2026-01-10 12:00:00,544.1276763576841,224.8372747435295
2026-01-11 00:00:00,542.8188081907263,224.50335725448016
2026-01-11 12:00:00,546.9963246978743,225.5691222090753
2026-01-12 00:00:00,551.4942171056508,226.71662122901827
2026-01-12 12:00:00,544.9087592586477,225.0365440417012
2026-01-13 00:00:00,554.6388967189628,227.5188895909896
2026-01-13 12:00:00,563.4321837576406,229.76222654620773
2026-01-14 00:00:00,607.320594859593,240.9590058731816
2026-01-14 12:00:00,605.0854011034759,240.38876487762272
2026-01-15 00:00:00,627.2643104187102,246.04703199371335
2026-01-15 12:00:00,631.8057054673959,247.20562937557395
2026-01-16 00:00:00,612.8869682605314,242.3790949822874
2026-01-16 12:00:00,610.4318756711748,241.75275355729354
2026-01-17 00:00:00,610.5360013471568,241.7793180235608
2026-01-17 12:00:00,607.5214086632723,241.0102373438398
2026-01-18 00:00:00,605.5752969725496,240.51374675328168
2026-01-18 12:00:00,605.5862427983268,240.51653924434478
2026-01-19 00:00:00,571.8754850336518,231.91627538974052
2026-01-19 12:00:00,576.9215107168802,233.20361376984508
2026-01-20 00:00:00,571.9720328302494,231.940906592964
2026-01-20 12:00:00,561.5524233389289,226.79416655777146
2026-01-21 00:00:00,595.1532269195164,218.40129886635603
2026-01-21 12:00:00,598.0155229034107,217.68634955185888
2026-01-22 00:00:00,581.214691123735,221.88289080106912
2026-01-22 12:00:00,579.600797644584,222.2860119468496
2026-01-23 00:00:00,586.7827669566008,220.49208704695863
2026-01-23 12:00:00,590.3972576988064,219.58925320554704
2026-01-24 00:00:00,587.7456565119238,220.2515748038544
2026-01-24 12:00:00,586.5274965936906,220.55584892623355
2026-01-25 00:00:00,589.7185911247583,219.7587717335462
2026-01-25 12:00:00,597.2174626110557,217.88569045236574
2026-01-26 00:00:00,624.9823069740056,210.95053889707347
2026-01-26 12:00:00,611.4435179733714,214.3322813756957
2026-01-27 00:00:00,603.4955942428303,216.31752771457883
2026-01-27 12:00:00,608.7559410082235,215.0035890670395
2026-01-28 00:00:00,587.5322384488281,220.30488274222625
2026-01-28 12:00:00,579.9218563828875,222.20581733170323
2026-01-29 00:00:00,592.1734005046358,219.14560513818358
2026-01-29 12:00:00,606.8317385253101,215.4842197404058
2026-01-30 00:00:00,663.149024468611,201.41718921454034
2026-01-30 12:00:00,683.093365287784,196.435456760245
2026-01-31 00:00:00,664.9287505192877,200.97264611798997
2026-01-31 12:00:00,683.6451849942433,196.2976222654621
2026-02-01 00:00:00,738.9660422104519,182.4794814558903
2026-02-01 12:00:00,745.3103922070015,180.8947785787295
2026-02-02 00:00:00,756.5913069645569,178.07701189135778
2026-02-02 12:00:00,752.0635187757129,179.20797077192688
2026-02-03 00:00:00,736.6307698786748,183.06278987757798
2026-02-03 12:00:00,747.1652230696744,180.4314756704216
2026-02-04 00:00:00,781.8421467427543,171.76981281359588
2026-02-04 12:00:00,777.9726722972263,172.7363369319474
2026-02-05 00:00:00,825.45539640501,160.87601876697204
2026-02-05 12:00:00,872.8180101455179,149.04570198034162
2026-02-06 00:00:00,959.5924473001146,127.37103076931342
2026-02-06 12:00:00,915.897786314932,138.28515987906366
2026-02-07 00:00:00,867.1646530852905,150.45780742910028
2026-02-07 12:00:00,880.5376095143992,147.11748690124787
2026-02-08 00:00:00,878.9780380271308,147.50703940455497
2026-02-08 12:00:00,848.647160364248,155.08313926117134
2026-02-09 00:00:00,859.3620657657492,152.40675138416267
2026-02-09 12:00:00,878.7885560396141,147.55436854795835
2026-02-10 00:00:00,869.0375435019927,149.9899935736905
2026-02-10 12:00:00,886.4837893435348,145.6322396673356
2026-02-11 00:00:00,878.0127118653114,147.74816026750636
2026-02-11 12:00:00,907.6481533682615,140.34576767548393
2026-02-12 00:00:00,902.9576858633574,141.51736088113836
2026-02-12 12:00:00,897.1591357219239,142.96573291255032
2026-02-13 00:00:00,925.0612900274159,135.996283838816
2026-02-13 12:00:00,908.3576358479951,140.16855189647737
2026-02-14 00:00:00,879.6022392795022,147.35112532019673
2026-02-14 12:00:00,871.7196739349729,149.32004632671072
2026-02-15 00:00:00,869.7579190460615,149.81005690595575
2026-02-15 12:00:00,876.3920818858477,148.15296406815835
2026-02-16 00:00:00,883.1056494314465,146.47603738357907
2026-02-16 12:00:00,869.9561441510052,149.76054389133634
2026-02-17 00:00:00,882.6404009204941,146.59224797320644
2026-02-17 12:00:00,896.382574898652,143.1597036379357
2026-02-18 00:00:00,905.223729904688,140.95134442334165
2026-02-18 12:00:00,902.9962415779124,141.50773036708725
2026-02-19 00:00:00,917.4950535379922,137.88619166871035
2026-02-19 12:00:00,916.4891650445037,138.13744426205741
2026-02-20 00:00:00,906.2806438047994,140.68734661437315
2026-02-20 12:00:00,901.7964278732965,141.80742194002949
2026-02-21 00:00:00,897.5075704508594,142.878700274416
2026-02-21 12:00:00,892.3130120608597,144.17620618608373
2026-02-22 00:00:00,896.0026076150614,143.2546125329147
2026-02-22 12:00:00,896.25744798859,143.19095805714227
2026-02-23 00:00:00,913.2814442573451,138.93867439017188
2026-02-23 12:00:00,919.8756180846372,137.29157007810025
2026-02-24 00:00:00,939.0670474965295,132.49790115655676
2026-02-24 12:00:00,967.3371293829259,125.43655048591138
2026-02-25 00:00:00,949.3456570054432,129.93049203334525
2026-02-25 12:00:00,922.9064699061407,136.5345185906513
2026-02-26 00:00:00,890.412888983319,144.65082226331404
2026-02-26 12:00:00,892.769660784179,144.062143666505
2026-02-27 00:00:00,906.3151862851261,140.6787185330114
2026-02-27 12:00:00,924.9264166913699,136.029972737411
2026-02-28 00:00:00,924.7258983097238,136.08005857070998
2026-02-28 12:00:00,952.3141603666068,129.1890140537483
2026-03-01 00:00:00,912.5530422448188,139.12061592328524
2026-03-01 12:00:00,919.6451437760693,137.34913835540178
2026-03-02 00:00:00,916.7063096822401,138.08320549333118
2026-03-02 12:00:00,924.4187425614273,136.15678047261122
2026-03-03 00:00:00,879.5644002139164,147.36057682841042
2026-03-03 12:00:00,903.8305643081202,141.2993317712091
2026-03-04 00:00:00,893.8929363788601,143.781569916995
2026-03-04 12:00:00,860.8697348260575,155.4044905404366
2026-03-05 00:00:00,898.9540484620726,160.48929455589547
2026-03-05 12:00:00,902.4595032083823,160.95732321831017
2026-03-06 00:00:00,851.4439147968156,154.14600790131766
2026-03-06 12:00:00,822.452385559742,150.2752214749723
2026-03-07 00:00:00,761.5254432125049,144.487783746628
2026-03-07 12:00:00,769.1544640490564,143.42123116634832
2026-03-08 00:00:00,789.5841372818305,140.56512142860984
2026-03-08 12:00:00,786.256315934075,141.03035759996138
2026-03-09 00:00:00,810.7049832593216,137.61238433985332
2026-03-09 12:00:00,765.0727291924287,143.99186597474943
2026-03-10 00:00:00,739.3249439220368,147.59145855746354
2026-03-10 12:00:00,704.4336525938058,152.46933182491085
2026-03-11 00:00:00,649.0918515083883,150.7688121709649
2026-03-11 12:00:00,634.164143629862,148.32094314595602
2026-03-12 00:00:00,653.0319507286149,151.41491584040557
2026-03-12 12:00:00,656.4478532276266,151.9750609067362
2026-03-13 00:00:00,680.3283869898917,155.89102840643633
2026-03-13 12:00:00,708.909661945191,160.5778308430638
2026-03-14 00:00:00,661.9096730421336,152.87069871348507
2026-03-14 12:00:00,665.1544092648301,153.40277566451442
2026-03-15 00:00:00,669.6232900172442,154.13558976158214
2026-03-15 12:00:00,683.2696523910603,156.373341734674
2026-03-16 00:00:00,703.3757951011128,159.6703786510478
2026-03-16 12:00:00,732.4902180752408,164.44460753865187
2026-03-17 00:00:00,764.2275895744309,169.6489516523134
2026-03-17 12:00:00,729.7598539788174,163.99687813819614
2026-03-18 00:00:00,732.5574619695074,164.45563429823451
2026-03-18 12:00:00,699.6638448078627,159.0616872016197
2026-03-19 00:00:00,669.9920398140505,154.19605793344923
2026-03-19 12:00:00,671.5970421243659,148.06725607322056
2026-03-20 00:00:00,652.5039380801396,151.25617346381668
2026-03-20 12:00:00,649.0393434143391,151.83482773373248
2026-03-21 00:00:00,641.7607579740177,153.05049217654994
2026-03-21 12:00:00,640.8943413657666,153.1952004954882
2026-03-22 00:00:00,678.7898861883142,146.86591209739353
2026-03-22 12:00:00,685.2179171750137,145.79230668712108
2026-03-23 00:00:00,706.3283014518606,142.26646450940768
2026-03-23 12:00:00,640.2611413012506,153.3009571442125
2026-03-24 00:00:00,641.8248496528569,153.03978762747457
2026-03-24 12:00:00,635.8812574426663,154.03248239925108
2026-03-25 00:00:00,638.361969814584,153.61815548805046
2026-03-25 12:00:00,619.6169757584327,156.74893178266547
2026-03-26 00:00:00,628.5334358409232,155.25971061916331
2026-03-26 12:00:00,668.4642665851301,148.59049013588336
2026-03-27 00:00:00,682.4274640809479,146.25836628532457
2026-03-27 12:00:00,728.8403428789688,138.5065184975682
2026-03-28 00:00:00,732.8746889907688,137.8327047245011
2026-03-28 12:00:00,732.3701009908127,137.91698067273975
2026-03-29 00:00:00,731.6661642907887,138.03455170673118
2026-03-29 12:00:00,723.9076414962179,139.3303749635276
2026-03-30 00:00:00,736.1178565520856,137.29103306058815
2026-03-30 12:00:00,701.4067464480387,143.08845931465828
2026-03-31 00:00:00,716.2151395614551,140.61517146074138
2026-03-31 12:00:00,728.122258851843,138.62645240861303
2026-04-01 00:00:00,692.1646834887708,144.63206245155658
2026-04-01 12:00:00,690.8174721125066,144.85707278914373
2026-04-02 00:00:00,686.3870008418622,145.59704711970656
2026-04-02 12:00:00,740.9952547470751,136.47641329583763
2026-04-03 00:00:00,725.2799322250712,139.10117588934577
2026-04-03 12:00:00,726.6453636438146,138.8731224525232
2026-04-04 00:00:00,722.9749896747187,139.48614584321598
2026-04-04 12:00:00,718.5918905145203,140.21820811576663
2026-04-05 00:00:00,715.8668152199388,140.67334835789
2026-04-05 12:00:00,725.3288048096039,139.09301322316125
2026-04-06 00:00:00,676.0232263261919,147.32799776600717
2026-04-06 12:00:00,654.3163189140654,148.34106340207757
2026-04-07 00:00:00,641.3944891963134,146.22503539840434
2026-04-07 12:00:00,633.0097837850079,144.85198902336205
2026-04-08 00:00:00,705.5497723169384,156.73085219309007
2026-04-08 12:00:00,713.4587497616449,158.02599522770439
2026-04-09 00:00:00,685.9896135652671,153.5277575401734
2026-04-09 12:00:00,696.1366549778384,155.18939712624032
2026-04-10 00:00:00,711.0774864288347,157.63604891155504
2026-04-10 12:00:00,717.5411341000186,158.69451042798505
2026-04-11 00:00:00,729.9970739754808,160.73424614376677
2026-04-11 12:00:00,732.4472041784559,161.13546982767113
2026-04-12 00:00:00,735.4963668393727,161.63478871045987
2026-04-12 12:00:00,691.8599130281103,154.4890546880734
2026-04-13 00:00:00,693.7971490170961,154.80628883307887
2026-04-13 12:00:00,691.6609642920787,154.4564756256702
2026-04-14 00:00:00,759.1922544256723,165.5151340485214
2026-04-14 12:00:00,765.4925892333225,166.5468520928468
2026-04-15 00:00:00,768.0365095547126,166.96343447759833
2026-04-15 12:00:00,761.5960361319015,165.90876788492074
2026-04-16 00:00:00,773.4308624259724,167.84679248390296
2026-04-16 12:00:00,769.2529389693063,167.1626321734352
2026-04-17 00:00:00,776.2703637266094,168.31177804708213
2026-04-17 12:00:00,804.4307921244514,172.9232190261725
2026-04-18 00:00:00,824.8711350643244,176.27044917934776
2026-04-18 12:00:00,803.8606181644835,172.82984958139485
2026-04-19 00:00:00,792.6241684534003,170.9898127777947
2026-04-19 12:00:00,789.9698425147621,170.55515080346777
2026-04-20 00:00:00,761.732458122323,165.93110781342583
2026-04-20 12:00:00,783.811176697165,169.54663191566678
2026-04-21 00:00:00,801.3569248402692,172.41985461145887
2026-04-21 12:00:00,799.5425560926572,172.122740722575
2026-04-22 00:00:00,807.4346994135456,173.4151270672937
2026-04-22 12:00:00,848.221376549892,180.0941928716296
2026-04-23 00:00:00,852.3367732609478,180.76811404819915
2026-04-23 12:00:00,840.230196110957,178.7855885980442
2026-04-24 00:00:00,852.1822053968002,180.74280262279356
2026-04-24 12:00:00,849.0873501140916,180.23600129600229
2026-04-25 00:00:00,831.1867736209001,177.30467330539653
2026-04-25 12:00:00,833.3787077170035,177.6636158105116
2026-04-26 00:00:00,832.1819545510278,177.46764021974758
2026-04-26 12:00:00,839.4114455434419,178.65151322584632
2026-04-27 00:00:00,871.6699992785524,183.93404708927562
2026-04-27 12:00:00,835.7883922978184,178.0582162784329
2026-04-28 00:00:00,829.4976769894924,177.02807348547637
2026-04-28 12:00:00,807.4696794110897,173.42085525408984
2026-04-29 00:00:00,810.5293360712695,173.9218925929175
2026-04-29 12:00:00,824.3394391016549,176.18338074004595
2026-04-30 00:00:00,804.7738147253676,172.97939105794245
2026-04-30 12:00:00,806.079880383668,173.19326723244447
2026-05-01 00:00:00,809.3498542790816,173.7287452943841
2026-05-01 12:00:00,840.7872525718457,178.8768099727732
2026-05-02 00:00:00,850.532242637645,180.4726112118516
2026-05-02 12:00:00,847.6789679629752,180.00537017512147
2026-05-03 00:00:00,854.9172039547747,181.19067522791923
2026-05-03 12:00:00,859.3939877654572,181.9237757343267
2026-05-04 00:00:00,855.022581197376,181.20793139064267
2026-05-04 12:00:00,861.8008302214713,182.3179107870708
2026-05-05 00:00:00,890.51678470531,187.0203225327178
2026-05-05 12:00:00,914.7568298784041,190.98977697662727
2026-05-06 00:00:00,909.304322761227,190.09689585977404
2026-05-06 12:00:00,935.3307526838983,194.35888164313042
2026-05-07 00:00:00,909.0190171562588,190.05017533621776
2026-05-07 12:00:00,912.1901725586099,190.56947127045817
2026-05-08 00:00:00,883.1126123501608,185.80784439380574
2026-05-08 12:00:00,887.3502204276359,186.50177842299442
2026-05-09 00:00:00,892.0056208507777,187.26412848322985
2026-05-09 12:00:00,895.4863492313942,187.8341188706164
2026-05-10 00:00:00,901.6531041734229,188.8439624016139
2026-05-10 12:00:00,907.06800779324,189.7306857176613
2026-05-11 00:00:00,918.948308084118,191.67615695947853
2026-05-11 12:00:00,909.8430147234053,190.18510993643505
2026-05-12 00:00:00,920.5676633454221,191.94133620697374
2026-05-12 12:00:00,906.0522761145548,189.56435349356744
2026-05-13 00:00:00,902.4830046151553,188.97986363335312
2026-05-13 12:00:00,891.2190081560062,187.13531588265099
2026-05-14 00:00:00,877.6034813619596,184.90569077457621
2026-05-14 12:00:00,881.6941734497499,185.57556641922096
2026-05-15 00:00:00,919.9876512611452,191.84635570965972
2026-05-15 12:00:00,895.205197501134,187.78807856924217
2026-05-16 00:00:00,867.3700830804515,183.22990972735627
2026-05-16 12:00:00,841.0446378426,179.2749905574421
2026-05-17 00:00:00,842.5282548539446,179.055242991474
2026-05-17 12:00:00,832.4010822339823,180.55524030638642
2026-05-18 00:00:00,860.3157061189938,176.42063507690986
2026-05-18 12:00:00,849.9214437633627,177.96019268188337
2026-05-19 00:00:00,861.9854399597191,176.17332061198516
2026-05-19 12:00:00,866.8355961913328,175.45493438541038
2026-05-20 00:00:00,870.4946047149137,174.91297631215755
2026-05-20 12:00:00,850.4706092651181,177.87885242937773
2026-05-21 00:00:00,842.014862457057,179.13128467119316
2026-05-21 12:00:00,858.65805778667,176.66615948346077
2026-05-22 00:00:00,856.3608443497488,177.0064137791534
2026-05-22 12:00:00,852.4855052257847,177.5804138972972
2026-05-23 00:00:00,905.2087773366708,169.77124844041168
2026-05-23 12:00:00,919.6802068065687,167.62779674245175
2026-05-24 00:00:00,869.3747615064485,175.07884312107424
2026-05-24 12:00:00,862.520586271729,176.09405682719316
2026-05-25 00:00:00,861.6920038157351,176.21678322930111
2026-05-25 12:00:00,856.4959603336756,176.98640092653423
2026-05-26 00:00:00,870.4008211697195,174.92686716513833
2026-05-26 12:00:00,862.1877513703569,176.1433550348077
2026-05-27 00:00:00,887.5066497609349,172.3932185428567
2026-05-27 12:00:00,897.1027851417438,170.9718763928892
2026-05-28 00:00:00,924.1100290559846,166.97166874611787
2026-05-28 12:00:00,949.5536498932646,163.20305885174912
2026-05-29 00:00:00,944.7590870002965,163.9132108098045
2026-05-29 12:00:00,954.9263835081512,162.40727050109106
2026-05-30 00:00:00,950.0179751260428,163.13428480902766
2026-05-30 12:00:00,945.1987577959363,163.84808848616555
2026-05-31 00:00:00,936.9801286627089,165.0653997826869
2026-05-31 12:00:00,939.8371428487785,164.64222998311976
2026-06-01 00:00:00,940.6831284368701,164.51692589695352
2026-06-01 12:00:00,980.8860555541669,158.56222511416098
2026-06-02 00:00:00,1003.4255287226113,155.22376624701732
2026-06-02 12:00:00,1058.5066835225932,147.06536040140273
2026-06-03 00:00:00,1108.5989404545144,139.6458906524942
2026-06-03 12:00:00,1105.1978366802175,140.14964888005005
2026-06-04 00:00:00,1195.4463706670053,126.78238797367185
2026-06-04 12:00:00,1185.2498272288196,128.2926602236499
2026-06-05 00:00:00,1193.470390043391,127.07506251778872
2026-06-05 12:00:00,1228.9290299826687,121.82306705021655
2026-06-06 00:00:00,1245.5209827566605,119.36553170998911
2026-06-06 12:00:00,1251.3863216939849,118.49678058001474
2026-06-07 00:00:00,1257.3957198914522,117.60669195422466
2026-06-07 12:00:00,1230.3565702350318,121.61162535510286
2026-06-08 00:00:00,1188.5225829038945,127.8079124160239
2026-06-08 12:00:00,1182.7075196815197,128.6692169031632
2026-06-09 00:00:00,1214.371551692954,123.97926396379788
2026-06-09 12:00:00,1212.361731645816,124.27695067136142
2026-06-10 00:00:00,1229.8129640671407,121.69214218075652
2026-06-10 12:00:00,1238.4939847518024,120.40634325085347
2026-06-11 00:00:00,1232.4998142949203,121.29417640309252
2026-06-11 12:00:00,1203.5426944552114,125.58319206789336
2026-06-12 00:00:00,1188.1024906318648,127.87013484509731
2026-06-12 12:00:00,1192.5327963016173,127.2139352464284
2026-06-13 00:00:00,1189.2817945416648,127.6954609489816
2026-06-13 12:00:00,1176.395983774019,129.60405698829842
2026-06-14 00:00:00,1165.9570050373031,131.15023780925497
2026-06-14 12:00:00,1171.6968963974216,130.30006748520074
2026-06-15 00:00:00,1140.3117979198894,134.9487058772987
2026-06-15 12:00:00,1117.6514696674317,138.3050653281804
2026-06-16 00:00:00,1125.2288417248856,137.18273452897301
2026-06-16 12:00:00,1120.8821677732703,137.8265469236952
2026-06-17 00:00:00,1138.5229009663276,135.21367031778908
2026-06-17 12:00:00,1154.4545015612714,132.85394376710622
2026-06-18 00:00:00,1168.3013519569893,130.80300228590457
2026-06-18 12:00:00,1170.4752932082172,130.48100658562478
2026-06-19 00:00:00,1203.3012259973534,125.61895743420193
2026-06-19 12:00:00,1207.8934774796835,124.93877105332407
2026-06-20 00:00:00,1190.9737657178482,127.44485277664907
2026-06-20 12:00:00,1187.9504549361764,127.89265377943974
2026-06-21 00:00:00,1172.5073505908135,130.18002617065343
2026-06-21 12:00:00,1174.77942617026,129.84349519637837
2026-06-22 00:00:00,1182.127173568089,128.7551755062733
2026-06-22 12:00:00,1151.8273537449945,133.24306665640367
2026-06-23 00:00:00,1175.867363636546,129.68235414156862
2026-06-23 12:00:00,1221.7533802244748,122.88589630907865
2026-06-24 00:00:00,1203.4462520981692,125.5974767337163
2026-06-24 12:00:00,1213.0104817367985,124.18086033785562
2026-06-25 00:00:00,1256.1874107614892,117.78566199043755
2026-06-25 12:00:00,1246.228710128641,119.26070589161914
2026-06-26 00:00:00,1284.344469945031,113.61514818998246
2026-06-26 12:00:00,1295.996592015071,111.88928130946351
2026-06-27 00:00:00,1274.8699147787395,115.01848235270953
2026-06-27 12:00:00,1265.9041595161434,116.34645505789946
2026-06-28 00:00:00,1272.7687282880877,115.32970190157906
2026-06-28 12:00:00,1269.2032615995329,115.85780492301856
2026-06-29 00:00:00,1284.3464036263754,113.61486178064271
2026-06-29 12:00:00,1277.5357362219006,114.62363127661594
2026-06-30 00:00:00,1280.213159753127,114.22706174448349
2026-06-30 12:00:00,1314.6812714238333,109.12177946122827
2026-07-01 00:00:00,1310.7172246682035,109.70891860783583
2026-07-01 12:00:00,1311.6354815965349,109.57290997259423
2026-07-02 00:00:00,1282.056924914831,113.95397043897604
2026-07-02 12:00:00,1239.0131781927223,120.3294423431148
2026-07-03 00:00:00,1244.6638785008395,119.49248264985923
2026-07-03 12:00:00,1228.3426411150374,121.90992068251347
2026-07-04 00:00:00,1209.6753648383726,124.67484484669046
2026-07-04 12:00:00,1211.9058662689185,124.34447167322129
2026-07-05 00:00:00,1203.9951758897566,125.51617228237815
2026-07-05 12:00:00,1209.948013907906,124.63446112977748
2026-07-06 00:00:00,1185.3665732399763,128.27536825975898
2026-07-06 12:00:00,1233.901491559304,121.08656543289882
2026-07-07 00:00:00,1174.6829838132178,129.8577798622013
2026-07-07 12:00:00,1192.1489605547918,127.27078750038041
2026-07-08 00:00:00,1188.9733723672634,127.74114323868102
2026-07-08 12:00:00,1228.977372016274,121.81590681672134
2026-07-09 00:00:00,1224.8136726618545,122.4326177276641
2026-07-09 12:00:00,1213.114175398882,124.16550163700839
2026-07-10 00:00:00,1201.030842389083,125.95523780030469
2026-07-10 12:00:00,1172.6852492744808,130.15367651139107
2026-07-11 00:00:00,1176.6164234472592,129.5714063235602
2026-07-11 12:00:00,1174.8884374560398,129.82734886984667
2026-07-12 00:00:00,1183.759684042938,128.51337442113987
2026-07-12 12:00:00,1178.985183093916,129.22055488229475
2026-07-13 00:00:00,1177.8730746108274,129.38527605385215
2026-07-13 12:00:00,1212.8451519818684,124.20534833640929
2026-07-14 00:00:00,1214.6727225623147,123.9346557091227
2026-07-14 12:00:00,1180.5804702028893,128.98426717695267
2026-07-15 00:00:00,1159.6826924956783,132.07956451459884
2026-07-15 12:00:00,1151.4785659725328,133.29472774107168
2026-07-16 00:00:00,1165.496063746877,131.21851063563187
2026-07-16 12:00:00,1180.4352023919055,129.0057836786058
2026-07-17 00:00:00,1182.369125446283,128.71933853762974
2026-07-17 12:00:00,1201.373587407344,125.90447174482364
2026-07-18 00:00:00,1181.788054202348,128.80540454424226
2026-07-18 12:00:00,1174.344347867813,129.9079372978353
2026-07-19 00:00:00,1160.4682505417636,131.96321072030162
2026-07-19 12:00:00,1168.9505854683075,130.70684035006386
2026-07-20 00:00:00,1166.2267535848205,131.11028370635168
2026-07-20 12:00:00,1164.1441787771064,131.41874656532553
2026-07-21 00:00:00,1141.7132334741057,134.74113070827244
2026-07-21 12:00:00,1117.7643483159,138.2883461829691
2026-07-22 00:00:00,1106.2820624560868,138.51085043883285
2026-07-22 12:00:00,1070.524850076373,134.9845786471097
2026-07-23 00:00:00,1085.8513404135113,136.4960323356145
2026-07-23 12:00:00,1053.499732417063,133.30561129598436
2026-07-24 00:00:00,1046.4913972055783,132.6144697578588
2026-07-24 12:00:00,1039.4493000062844,131.919998711158
2026-07-25 00:00:00,1019.6257102684551,129.3910042406483
2026-07-25 12:00:00,1017.8783611302395,129.5706903002107
2026-07-26 00:00:00,1004.53772123638,130.9425552367263
2026-07-26 12:00:00,1005.9414494143605,130.79820492946277
2026-07-27 00:00:00,982.7799344776793,133.17998499931085
2026-07-27 12:00:00,984.37966934321,133.0154786347583
2026-07-28 00:00:00,1040.0177168579546,127.29402245807238
2026-07-28 12:00:00,1037.9716577056747,127.50442591932926
2026-07-29 00:00:00,1023.7902431218787,128.96275067529953
2026-07-29 12:00:00,1012.5513658794255,130.1184839637621
2026-07-30 00:00:00,1032.747017634505,128.04169403964266
2026-07-30 12:00:00,989.9848339427858,132.43907983839352
2026-07-31 00:00:00,996.9509046553889,131.72273427836484
2026-07-31 12:00:00,1030.7524842189168,128.2467989281131
2026-08-01 00:00:00,1059.161268773288,125.32542366206567
2026-08-01 12:00:00,1053.3935195856377,125.91854160364173
2026-08-02 00:00:00,1062.7826925102313,124.95301991797953
2026-08-02 12:00:00,1052.6342112631735,125.99662394990705
2026-08-03 00:00:00,1045.9459617524624,126.68440017828982
2026-08-03 12:00:00,1067.4475124151822,124.47332007496766
2026-08-04 00:00:00,1044.4005377985795,126.84332156071609
2026-08-04 12:00:00,1025.4467259271446,128.7924087204484
2026-08-05 00:00:00,1022.6061956185769,129.08451044588566
2026-08-05 12:00:00,1010.6149729910501,130.31761005726398
2026-08-06 00:00:00,999.7332944367436,131.43661134789605
2026-08-06 12:00:00,1007.4269921066827,130.64544134784236
2026-08-07 00:00:00,1011.1176970706642,130.26591317142854
2026-08-07 12:00:00,977.1967031308843,133.75412832212461
2026-08-08 00:00:00,965.2088768595787,132.45343610655144
2026-08-08 12:00:00,967.8264592663757,132.73744676813914
2026-08-09 00:00:00,966.6818237729713,132.61325251816461
2026-08-09 12:00:00,966.2350562728069,132.56477773740204
2026-08-10 00:00:00,966.4957256414403,132.59306065970813
2026-08-10 12:00:00,963.286522756213,132.24485850483586
2026-08-11 00:00:00,927.0399202280363,129.27067651676126
2026-08-11 12:00:00,917.6785071060996,130.30894617473479
2026-08-12 00:00:00,936.6569879547307,128.20405233414667
2026-08-12 12:00:00,924.4669115733362,129.556047622713
2026-08-13 00:00:00,942.6335599333748,127.54119371832718
2026-08-13 12:00:00,938.0872979972569,128.04541736106017
2026-08-14 00:00:00,943.1329256828192,127.48580931224167
2026-08-14 12:00:00,968.9488760238422,124.62257514217544
2026-08-15 00:00:00,959.969008031733,125.61852782019223
2026-08-15 12:00:00,958.9925494718952,125.72682635180732
2026-08-16 00:00:00,957.8404897693957,125.85460071852945
2026-08-16 12:00:00,959.9012208259262,125.62604606536225
2026-08-17 00:00:00,963.2725045280573,125.25213867224213
2026-08-17 12:00:00,942.705543490017,127.53321005798001
2026-08-18 00:00:00,919.6348426194527,130.50119844408127
2026-08-18 12:00:00,914.7712733609123,129.95097030114152
2026-08-19 00:00:00,922.9351330610766,130.87456881968922
2026-08-19 12:00:00,935.4081360102185,132.28567183575862
2026-08-20 00:00:00,1079.0098521912741,148.53170461888766
2026-08-20 12:00:00,1159.1370687010926,157.59670342849878
2026-08-21 00:00:00,1214.705618031637,163.883316834962
2026-08-21 12:00:00,1325.9591714709898,176.4697184775196
2026-08-22 00:00:00,1349.0488628874855,179.08191486124366
2026-08-22 12:00:00,1328.3835194500175,176.74399122155376
2026-08-23 00:00:00,1328.4588353120466,176.75251189941304
2026-08-23 12:00:00,1325.400315116602,176.40649361575683
2026-08-24 00:00:00,1340.3843742220663,178.10167889574882
2026-08-24 12:00:00,1387.2349542960858,183.40200593941373
2026-08-25 00:00:00,1405.5892400007729,185.47847365302587
2026-08-25 12:00:00,1381.539113116799,182.7576207260119
2026-08-26 00:00:00,1370.5198961767487,181.5109882733276
2026-08-26 12:00:00,1360.6402272163982,180.3932758247247
2026-08-27 00:00:00,1372.362286717657,181.71942267037332
2026-08-27 12:00:00,1391.1058098605638,183.83992581998103
2026-08-28 00:00:00,1432.0450441248677,188.4714870551929
2026-08-28 12:00:00,1395.4962815824058,184.33663121754407
2026-08-29 00:00:00,1342.0973354034363,178.29547061529684
2026-08-29 12:00:00,1337.354018361582,177.75884691599796
2026-08-30 00:00:00,1356.2184266275783,179.89302611158155
2026-08-30 12:00:00,1375.3701744008133,182.05971276723335
2026-08-31 00:00:00,1348.5343099813501,179.02370216292755
2026-08-31 12:00:00,1348.3238686021502,178.99989438655598
2026-09-01 00:00:00,1371.1594480975966,181.58334243279674
2026-09-01 12:00:00,1350.6532806206365,179.26342678034734
2026-09-02 00:00:00,1325.6297436879106,176.432449462177
2026-09-02 12:00:00,1306.662488131328,174.28663488716373
2026-09-03 00:00:00,1321.0335773848956,175.9124733057545
2026-09-03 12:00:00,1371.1714733192655,181.58470287716085
2026-09-04 00:00:00,1444.580388354765,189.88964290125506
2026-09-04 12:00:00,1396.537729069546,184.45445285970783
2026-09-05 00:00:00,1400.316180299097,184.8819187993721
2026-09-05 12:00:00,1404.454755272302,185.35012646762414
2026-09-06 00:00:00,1409.6401574370777,185.93676439788703
2026-09-06 12:00:00,1411.3502705396313,186.13023390692769
2026-09-07 00:00:00,1418.8809073829837,186.98219428935576
2026-09-07 12:00:00,1401.37566561874,185.00178110808193
2026-09-08 00:00:00,1392.0795363625177,183.9500860123049
2026-09-08 12:00:00,1364.7667769679351,180.86012304861268
2026-09-09 00:00:00,1375.0407466177344,182.02244375189073
2026-09-09 12:00:00,1401.3535138946136,184.99927502635862
2026-09-10 00:00:00,1356.2450086965298,179.89603340964948
2026-09-10 12:00:00,1315.5905823138505,175.29669322516608
2026-09-11 00:00:00,1315.988680441721,175.34173109385097
2026-09-11 12:00:00,1351.570678452669,179.36721436486047
2026-09-12 00:00:00,1327.9771935388994,176.69802252251446
2026-09-12 12:00:00,1329.6407880207882,176.88622925993621
2026-09-13 00:00:00,1327.6161204356401,176.6571733904243
2026-09-13 12:00:00,1311.3918812323027,174.82168333509358
2026-09-14 00:00:00,1312.8054776847655,174.98160715020921
2026-09-14 12:00:00,1340.970129098607,178.167946856747
2026-09-15 00:00:00,1349.0371541190184,179.08059021804704
2026-09-15 12:00:00,1317.541199849776,175.51737162148856
2026-09-16 00:00:00,1280.0240905097917,171.27296421136296
2026-09-16 12:00:00,1286.2230922799486,171.97427328105175
2026-09-17 00:00:00,1298.0831253771942,173.31602943571997
2026-09-17 12:00:00,1310.545685370676,174.72595101326257
2026-09-18 00:00:00,1305.906797885418,174.20114169923085
2026-09-18 12:00:00,1351.8909290928955,179.40344514634626
2026-09-19 00:00:00,1466.6327461757442,192.38448305799253
2026-09-19 12:00:00,1455.9056155409603,191.1708950828887
2026-09-20 00:00:00,1454.7464474627486,191.03975540642384
2026-09-20 12:00:00,1429.4425329932237,188.17705825386966
2026-09-21 00:00:00,1464.6941538614874,192.16516510603415
2026-09-21 12:00:00,1582.2653790216739,205.466301256084
2026-09-22 00:00:00,1600.2307437413424,207.49876933486803
2026-09-22 12:00:00,1604.449064921402,207.97599889732408
2026-09-23 00:00:00,1618.1606657024083,209.5272276828948
2026-09-23 12:00:00,1588.2118511367908,206.13904099412687
2026-09-24 00:00:00,1550.461832240277,201.86828392473882
2026-09-24 12:00:00,1527.8753014146512,199.31301139730166
2026-09-25 00:00:00,1559.0696757825733,202.84211148125544
2026-09-25 12:00:00,1555.3288824840372,202.4189058805208
2026-09-26 00:00:00,1537.5508580598369,200.40763209288258
2026-09-26 12:00:00,1542.041012540247,200.91561485820054
2026-09-27 00:00:00,1550.0824048513123,201.82535832493497
2026-09-27 12:00:00,1565.778483660838,203.60109623174813
2026-09-28 00:00:00,1544.828965248149,201.23102314366474
2026-09-28 12:00:00,1527.0996746170272,199.22526273581784
2026-09-29 00:00:00,1514.6295197467018,197.81448193025577
2026-09-29 12:00:00,1550.931765244958,201.92144865844082
2026-09-30 00:00:00,1523.1000225994144,198.77277178008777
2026-09-30 12:00:00,1581.231209958175,205.3493030407722
2026-10-01 00:00:00,1524.8617175738625,198.9720768794271
2026-10-01 12:00:00,1532.0448888016329,199.78472757996641
2026-10-02 00:00:00,1565.236715779348,203.53980463302915
