CANDLE_START,PROFIT_PORTFOLIO,PROFIT_BTC
2021-10-03 04:00:00,0.0,0.0
2021-10-04 00:00:00,-0.11723145505454559,-0.062412848569186295
2021-10-04 20:00:00,4.374588425031278,2.328986915644306
2021-10-05 16:00:00,8.679873410423419,4.621077376480407
2021-10-06 12:00:00,19.025696397593844,10.12908956588304
2021-10-07 08:00:00,26.07221285059127,13.880584112432498
2021-10-08 04:00:00,23.48217819102725,12.501675687888142
2021-10-09 00:00:00,24.99704862261862,13.30817748217924
2021-10-09 20:00:00,26.564553585050838,14.142701371746286
2021-10-10 16:00:00,29.730626511722946,15.828286780879312
2021-10-11 12:00:00,33.62040462697531,17.89916555963384
2021-10-12 08:00:00,37.54481485156628,19.98848212536941
2021-10-13 04:00:00,32.111495781589404,17.095837653928374
2021-10-14 00:00:00,38.581581757859965,20.540446407429574
2021-10-14 20:00:00,37.40440380804163,19.913728696838938
2021-10-15 16:00:00,53.20601947634521,28.326350082416702
2021-10-16 12:00:00,50.15717800472769,26.70317752185285
2021-10-17 08:00:00,50.12497759502552,26.68603434732112
2021-10-18 04:00:00,56.79340397551515,30.236237538833155
2021-10-19 00:00:00,54.77976057171608,29.164194026491113
2021-10-19 20:00:00,63.64063872120833,33.88163650706878
2021-10-20 16:00:00,72.78716313606098,38.75115418876033
2021-10-21 12:00:00,67.33988140365547,35.85107613615815
2021-10-22 08:00:00,61.49364404702278,32.73859811846874
2021-10-23 04:00:00,52.01770277335339,27.693702211573907
2021-10-24 00:00:00,51.74837242813444,27.550313442378677
2021-10-24 20:00:00,52.0694744430329,27.721264928238792
2021-10-25 16:00:00,61.67253085415019,32.833835656884276
2021-10-26 12:00:00,57.23601253031286,30.471877885471894
2021-10-27 08:00:00,44.441977881730715,23.660462410509915
2021-10-28 04:00:00,42.75222118112355,22.76085292409101
2021-10-29 00:00:00,52.93739510844006,28.18333716844872
2021-10-29 20:00:00,56.779166766353214,30.228657791750297
2021-10-30 16:00:00,52.42132569204403,27.908586997330183
2021-10-31 12:00:00,48.60693026552196,25.87784120450743
2021-11-01 08:00:00,54.954999829388804,29.25748964623252
2021-11-02 04:00:00,53.03156463791009,28.233472079594446
2021-11-03 00:00:00,61.17779764101601,32.57044466596701
2021-11-03 20:00:00,58.177315615394534,30.973018188469688
2021-11-04 16:00:00,52.06684663858704,27.719865911559587
2021-11-05 12:00:00,53.37670910244006,28.41722352402697
2021-11-06 08:00:00,51.470805680920996,27.402539695532212
2021-11-07 04:00:00,56.053657413526594,29.842403903214752
2021-11-08 00:00:00,67.10275146813862,35.72483054149463
2021-11-08 20:00:00,71.17078885512834,37.89061276512932
2021-11-09 16:00:00,73.74411538493213,39.26062594929547
2021-11-10 12:00:00,72.58309647140764,38.6425111472396
2021-11-11 08:00:00,68.53784646326932,36.48886069510667
2021-11-12 04:00:00,67.02160329801222,35.68162807120702
2021-11-13 00:00:00,64.54950607081656,34.36550835045911
2021-11-13 20:00:00,64.59108029040765,34.387642047174836
2021-11-14 16:00:00,62.02716679145469,33.022640266038685
2021-11-15 12:00:00,69.70510150973249,37.110295551669864
2021-11-16 08:00:00,53.29341690368577,27.374475838564333
2021-11-17 04:00:00,61.169968233180164,24.068160927844563
2021-11-18 00:00:00,55.83165002022328,26.309009792699133
2021-11-18 20:00:00,68.41258308250454,21.02795151801663
2021-11-19 16:00:00,67.4679958397277,21.42445790191764
2021-11-20 12:00:00,65.42362033266353,22.282618909109424
2021-11-21 08:00:00,64.5812070957145,22.63623603541225
2021-11-22 04:00:00,72.95803299999461,19.11992245689044
2021-11-23 00:00:00,75.20372213976816,18.177256666105666
2021-11-23 20:00:00,69.05656783393903,20.757628086241215
2021-11-24 16:00:00,75.14000018189803,18.204005029778184
2021-11-25 12:00:00,64.9619470375868,22.476414040447874
2021-11-26 08:00:00,82.09380184824477,15.285029811583788
2021-11-27 04:00:00,85.74659717246345,13.751707531178226
2021-11-28 00:00:00,84.83404501233171,14.134766650282149
2021-11-28 20:00:00,83.54826424181746,14.674494756610756
2021-11-29 16:00:00,70.86709718647725,19.99762793589915
2021-11-30 12:00:00,69.11899644996329,20.73142262456365
2021-12-01 08:00:00,73.68339879988784,18.81543796112738
2021-12-02 04:00:00,51.95211222029792,17.92459843001097
2021-12-03 00:00:00,51.74337283917436,18.004843521028473
2021-12-03 20:00:00,68.36126542789745,11.616473985180436
2021-12-04 16:00:00,98.83857299140676,-0.09983132452635281
2021-12-05 12:00:00,90.47721100545428,3.1145034597473504
2021-12-06 08:00:00,97.1328631851557,0.555889881100281
2021-12-07 04:00:00,82.1544139324857,6.314012843390734
2021-12-08 00:00:00,83.19936012401705,5.912307128846093
2021-12-08 20:00:00,83.3798004633593,5.842940958572805
2021-12-09 16:00:00,95.24274791470621,1.282501558755156
2021-12-10 12:00:00,92.0836840567449,2.4969315596864337
2021-12-11 08:00:00,95.85908040432602,1.0455665996669872
2021-12-12 04:00:00,93.28636617405883,2.0345878684790804
2021-12-13 00:00:00,89.12841675303164,3.633016626582408
2021-12-13 20:00:00,105.26413929589633,-2.5699936396943275
2021-12-14 16:00:00,104.84296699268742,-2.408083560134126
2021-12-15 12:00:00,100.2212065970534,-0.6313532583933704
2021-12-16 08:00:00,93.82828467665311,1.826259668353697
2021-12-17 04:00:00,98.45808395555704,0.04643900141112567
2021-12-18 00:00:00,107.13871996759445,-3.2906333954051266
2021-12-18 20:00:00,104.15298095094596,-2.1428341739265906
2021-12-19 16:00:00,102.53716541369296,-1.5216707683608401
2021-12-20 12:00:00,110.36160604070551,-4.529598390337348
2021-12-21 08:00:00,94.90891699188936,1.4108352380144993
2021-12-22 04:00:00,90.85710255673659,2.9684628231154386
2021-12-23 00:00:00,96.41045002644033,0.8336051323448838
2021-12-23 20:00:00,93.2868060128189,6.345542920787653
2021-12-24 16:00:00,93.26635767765545,6.339821568995134
2021-12-25 12:00:00,92.33939135989809,6.080460581347821
2021-12-26 08:00:00,85.46770593952428,4.157794047204925
2021-12-27 04:00:00,93.82264194885455,6.495467394767841
2021-12-28 00:00:00,88.9622070126254,5.1355396591995435
2021-12-28 20:00:00,73.26390939983924,-0.1799511304681192
2021-12-29 16:00:00,73.81548528645568,-0.34108861872786045
2021-12-30 12:00:00,75.33977028813817,-0.78639353963331
2021-12-31 08:00:00,68.76596064452278,1.1340805056839796
2022-01-01 04:00:00,81.08010495263788,-2.463376040231531
2022-01-02 00:00:00,74.5454638441872,-0.5543446984993735
2022-01-02 20:00:00,78.96378897144987,-1.8451150722539833
2022-01-03 16:00:00,82.71481949233032,-2.940941868142474
2022-01-04 12:00:00,81.57700213596797,-2.608539681333234
2022-01-05 08:00:00,81.5731424627948,-2.607412115651494
2022-01-06 04:00:00,107.39249763009123,-10.150283624530648
2022-01-07 00:00:00,109.11920104707727,-10.654723101189834
2022-01-07 20:00:00,115.30861583281737,-12.462899956943703
2022-01-08 16:00:00,119.42695858401034,-13.666033420211562
2022-01-09 12:00:00,116.56100830207927,-12.828774139823981
2022-01-10 08:00:00,116.0616809541588,-12.682900549959728
2022-01-11 04:00:00,112.57503804563993,-11.664312003270767
2022-01-12 00:00:00,109.927945527713,-10.890989873207326
2022-01-12 20:00:00,101.7499413526449,-8.50186612120329
2022-01-13 16:00:00,105.81174703939399,-9.688482835318199
2022-01-14 12:00:00,114.34326868695204,-12.180883251431682
2022-01-15 08:00:00,107.71971214466043,-10.24587613732749
2022-01-16 04:00:00,107.44045764303927,-10.164294672168644
2022-01-17 00:00:00,108.38321855329858,-10.439713030357824
2022-01-17 20:00:00,114.15593158719544,-12.126154554175136
2022-01-18 16:00:00,116.84919723234206,-12.912965710727613
2022-01-19 12:00:00,114.0735918928347,-12.102099819631256
2022-01-20 08:00:00,114.99140787832675,-12.370230762581018
2022-01-21 04:00:00,137.3242630879626,-18.894555486463165
2022-01-22 00:00:00,154.15007943378765,-23.810052790954753
2022-01-22 20:00:00,162.73034732401413,-26.316693944011764
2022-01-23 16:00:00,163.15248120847153,-26.440016220241137
2022-01-24 12:00:00,178.2591705327985,-30.853287417745122
2022-01-25 08:00:00,157.13353532121272,-24.681640182097674
2022-01-26 04:00:00,144.8456224955893,-21.091846906648826
2022-01-27 00:00:00,150.45858794537475,-22.731619739749494
2022-01-27 20:00:00,160.6147460971175,-25.69864178449381
2022-01-28 16:00:00,149.74962316380814,-22.52450262868969
2022-01-29 12:00:00,144.43220861348615,-20.971072093626375
2022-01-30 08:00:00,143.34270864721745,-20.652785358684916
2022-01-31 04:00:00,151.11323140080052,-22.92286740788103
2022-02-01 00:00:00,140.89567585543276,-19.93790871645858
2022-02-01 20:00:00,139.68259487219373,-19.583518998855308
2022-02-02 16:00:00,148.0836023861557,-22.03779099024906
2022-02-03 12:00:00,152.67739969193892,-23.379823840831154
2022-02-04 08:00:00,143.6477657787555,-20.741904809234672
2022-02-05 04:00:00,118.46756818480817,-13.416695238624223
2022-02-06 00:00:00,118.60731347094115,-13.389007236883591
2022-02-06 20:00:00,119.5696167949837,-13.198344232438902
2022-02-07 16:00:00,143.04724641973544,-8.54667641662967
2022-02-08 12:00:00,139.47678597561787,-9.25409859684892
2022-02-09 08:00:00,138.85351778392064,-9.37758791984595
2022-02-10 04:00:00,142.90086165168213,-8.575679911665668
2022-02-11 00:00:00,135.06195205299534,-10.128818114885576
2022-02-11 20:00:00,127.67052245801949,-11.593296246166789
2022-02-12 16:00:00,131.79996404666898,-10.77512205898505
2022-02-13 12:00:00,129.03825573361078,-11.322304627320744
2022-02-14 08:00:00,124.45564315674706,-12.23026645212293
2022-02-15 04:00:00,139.58238535473203,-9.233175989198752
2022-02-16 00:00:00,147.24234510737514,-7.715493462415947
2022-02-16 20:00:00,146.1658005388619,-7.928791303879369
2022-02-17 16:00:00,123.88728242664504,-12.342876854375723
2022-02-18 12:00:00,125.57882307469764,-15.554872983902127
2022-02-19 08:00:00,130.46122106890704,-16.526437865493104
2022-02-20 04:00:00,134.9259882518599,-17.414896980170294
2022-02-21 00:00:00,143.41826945432211,-19.10480472441669
2022-02-21 20:00:00,148.57412119077634,-20.13078509057485
2022-02-22 16:00:00,154.24046888119105,-21.258350772319854
2022-02-23 12:00:00,140.53210476497287,-18.53047705633527
2022-02-24 08:00:00,177.28540000574307,-25.844139519130827
2022-02-25 04:00:00,143.62288756536483,-19.145522374035263
2022-02-26 00:00:00,132.67204105945055,-16.96637640898729
2022-02-26 20:00:00,137.31949548923689,-17.891189076477758
2022-02-27 16:00:00,139.72832285185106,-18.370529776295154
2022-02-28 12:00:00,148.291538332808,-20.074552972409307
2022-03-01 08:00:00,146.1958733564359,-9.184523618116065
2022-03-02 04:00:00,154.29615975227233,-7.605263476602385
2022-03-03 00:00:00,151.40656636640836,-8.168628700555718
2022-03-03 20:00:00,130.53841131567907,-12.237157131289157
2022-03-04 16:00:00,116.87324787254438,-14.901365147947054
2022-03-05 12:00:00,131.5730772380382,-18.419474479221257
2022-03-06 08:00:00,130.8111084849469,-18.269424720165343
2022-03-07 04:00:00,143.65440674276545,-20.798575425165353
2022-03-08 00:00:00,140.79336570520482,-20.235168439520088
2022-03-08 20:00:00,137.47966051415855,-19.58262112247911
2022-03-09 16:00:00,119.08243032134793,-11.813589171026232
2022-03-10 12:00:00,94.69290386414643,-18.057692942148783
2022-03-11 08:00:00,96.84947125817489,-18.521853266954523
2022-03-12 04:00:00,96.0007757899594,-18.339187626511823
2022-03-13 00:00:00,97.84737724652229,-18.73663364848098
2022-03-13 20:00:00,100.11434878353538,-19.2245563759872
2022-03-14 16:00:00,98.63330339970176,-18.905789381588683
2022-03-15 12:00:00,98.43519684436384,-18.863150694141957
2022-03-16 08:00:00,84.33955647308392,-15.829330823177246
2022-03-17 04:00:00,93.76876929418192,-13.676620009112394
2022-03-18 00:00:00,84.57602429188994,-15.775353836375194
2022-03-18 20:00:00,97.2357813805602,-12.885089781373368
2022-03-19 16:00:00,99.5849571380358,-12.348765252935946
2022-03-20 12:00:00,96.4398877678854,-13.066794902901982
2022-03-21 08:00:00,92.05972906820614,-14.066799496688088
2022-03-22 04:00:00,108.84684665551758,-10.234245506128746
2022-03-23 00:00:00,103.4784518624171,-11.459867640493647
2022-03-23 20:00:00,102.99517194407954,-11.57020203053698
2022-03-24 16:00:00,118.1088276339983,-8.119704878475556
2022-03-25 12:00:00,125.72789468872854,-6.380246886770263
2022-03-26 08:00:00,122.65270152175938,-7.082323570424194
2022-03-27 04:00:00,123.39820012402467,-6.9121237950185845
2022-03-28 00:00:00,144.80446400121525,-2.0250035601842398
2022-03-28 20:00:00,154.0757740015867,0.09166691375668198
2022-03-29 16:00:00,150.02240545107855,-0.8337304174206442
2022-03-30 12:00:00,148.22501390013795,-1.244080802191975
2022-03-31 08:00:00,147.7699039694703,-1.3479838916801916
2022-04-01 04:00:00,123.96461809038817,-6.782808715999193
2022-04-02 00:00:00,144.56602517700895,-2.079439925597367
2022-04-02 20:00:00,138.03699030750724,-3.570039995172352
2022-04-03 16:00:00,139.06537777945803,-3.3352557632178925
2022-04-04 12:00:00,136.44117879820485,-3.934368995451724
2022-04-05 08:00:00,142.47129391855213,-2.557673940578952
2022-04-06 04:00:00,130.30195070613593,-5.335974899552697
2022-04-07 00:00:00,107.97595502372153,-10.433072921343093
2022-04-07 20:00:00,114.13182901759535,-9.027666703277754
2022-04-08 16:00:00,112.90945276691751,-9.306739209509642
2022-04-09 12:00:00,112.93586137052061,-11.243145340293061
2022-04-10 08:00:00,111.6134843368605,-10.958769099187773
2022-04-11 04:00:00,115.33340404730565,-11.758735188693938
2022-04-12 00:00:00,141.69666369655462,-17.42813543650782
2022-04-12 20:00:00,141.93280592034944,-17.478917653878273
2022-04-13 16:00:00,127.508030992417,-14.376880059167968
2022-04-14 12:00:00,126.1059365386354,-14.07536064353096
2022-04-15 08:00:00,135.77698984134338,-16.15511378181771
2022-04-16 04:00:00,132.03386371992497,-15.35015717012752
2022-04-17 00:00:00,133.63928128909578,-15.695401077201085
2022-04-17 20:00:00,134.71648598925174,-15.927053182261798
2022-04-18 16:00:00,142.4719908581506,-17.59486899148438
2022-04-19 12:00:00,127.80388845783757,-14.440503996802722
2022-04-20 08:00:00,122.9256872557608,-13.391450295860707
2022-04-21 04:00:00,121.63913936707615,-13.114779086914016
2022-04-22 00:00:00,92.22243359472859,-15.584523785162812
2022-04-22 20:00:00,99.76330949977539,-17.26269649398067
2022-04-23 16:00:00,97.83851849433634,-16.83434681999332
2022-04-24 12:00:00,100.149600060826,-17.348662936790742
2022-04-25 08:00:00,111.07410730243043,-19.7798407125547
2022-04-26 04:00:00,90.97658320132801,-15.307267912529296
2022-04-27 00:00:00,113.31219055546435,-20.27791153119662
2022-04-27 20:00:00,104.67568315141631,-18.355913184124375
2022-04-28 16:00:00,97.17459038892117,-16.686593953992805
2022-04-29 12:00:00,106.39536578511455,-18.738617328847017
2022-04-30 08:00:00,109.58223945674067,-19.44783526181867
2022-05-01 04:00:00,115.48093479353187,-20.760551404675383
2022-05-02 00:00:00,108.68317796633815,-19.2477549958468
2022-05-02 20:00:00,112.02833975467354,-19.992198915950006
2022-05-03 16:00:00,113.59648989964293,-20.34118049445007
2022-05-04 12:00:00,105.94902519757076,-18.63928714462366
2022-05-05 08:00:00,101.08215820663172,-17.556197664769698
2022-05-06 04:00:00,129.67685488468476,-23.91976075561935
2022-05-07 00:00:00,133.80050896960432,-24.83745305463807
2022-05-07 20:00:00,135.77315233990512,-25.276451960064115
2022-05-08 16:00:00,148.93255267688593,-28.2049906057074
2022-05-09 12:00:00,163.2355307058962,-31.38802500188973
2022-05-10 08:00:00,173.64107435916657,-33.70371081865862
2022-05-11 04:00:00,178.63076241991743,-34.81413332587191
2022-05-12 00:00:00,191.6416327694941,-37.7096175923633
2022-05-12 20:00:00,203.03471787407807,-40.24507431284268
2022-05-13 16:00:00,190.6225650542717,-37.48283072441084
2022-05-14 12:00:00,198.4830196940618,-39.23212359456247
2022-05-15 08:00:00,193.92625479306014,-38.218045310600495
2022-05-16 04:00:00,186.96279742401185,-36.66837332780965
2022-05-17 00:00:00,188.65151676279956,-37.04418679336607
2022-05-17 20:00:00,189.05938780212117,-37.134955830746534
2022-05-18 16:00:00,197.35023224116784,-38.98002914130862
2022-05-19 12:00:00,194.76517242880308,-38.40474095431314
2022-05-20 08:00:00,188.33287630972018,-36.97327544049189
2022-05-21 04:00:00,197.04791788904132,-38.912751055631176
2022-05-22 00:00:00,194.98707604232865,-38.45412415500438
2022-05-22 20:00:00,190.6339182624055,-37.485357306771775
2022-05-23 16:00:00,187.6576888243375,-36.82301687297639
2022-05-24 12:00:00,197.02098920528576,-38.90675825284115
2022-05-25 08:00:00,191.73846343721434,-37.7311666253922
2022-05-26 04:00:00,192.1972831708887,-37.833273962128
2022-05-27 00:00:00,198.74292371497756,-39.28996353786678
2022-05-27 20:00:00,201.73257058084008,-39.955289932634216
2022-05-28 16:00:00,200.30994792195025,-39.63869454621536
2022-05-29 12:00:00,195.87253244860375,-38.651176698312284
2022-05-30 08:00:00,183.19306318273638,-35.82944357974542
2022-05-31 04:00:00,174.18818639741926,-33.82546703144112
2022-06-01 00:00:00,171.88902100806183,-33.31380278208038
2022-06-01 20:00:00,193.47372154653428,-38.1173369905439
2022-06-02 16:00:00,187.29654421188093,-36.742646496883125
2022-06-03 12:00:00,194.45553947969768,-38.33583416265094
2022-06-04 08:00:00,192.40464341862292,-37.8794206316957
2022-06-05 04:00:00,192.6591992340542,-37.936070366780406
2022-06-06 00:00:00,187.2284249630777,-36.72748700271744
2022-06-06 20:00:00,176.86372794969463,-34.3036592847308
2022-06-07 16:00:00,159.33161509421444,-37.52803775591043
2022-06-08 12:00:00,129.207059073603,-37.06976582966492
2022-06-09 08:00:00,123.59848090144958,-36.29134877318766
2022-06-10 04:00:00,129.8807684825169,-37.163270257865925
2022-06-11 00:00:00,142.8074737355974,-38.95737342344393
2022-06-11 20:00:00,155.228821707628,-40.6813378274482
2022-06-12 16:00:00,162.38371191748067,-41.674368218684265
2022-06-13 12:00:00,226.31373992560734,-50.54724521087357
2022-06-14 08:00:00,242.46290650730066,-52.78859521603113
2022-06-15 04:00:00,264.445271213695,-55.83953738068163
2022-06-16 00:00:00,241.4084113650323,-52.64224136670984
2022-06-16 20:00:00,271.0079952258063,-56.75038076222604
2022-06-17 16:00:00,273.13488890910617,-57.045573281537706
2022-06-18 12:00:00,294.4348181802986,-60.00179992892159
2022-06-19 08:00:00,301.7114214119939,-61.01172292453787
2022-06-20 04:00:00,283.86669765333335,-58.53504578543094
2022-06-21 00:00:00,271.61400270662494,-56.83448880974584
2022-06-21 20:00:00,268.79218634360785,-56.44284766295308
2022-06-22 16:00:00,276.8732389298059,-57.56442054190807
2022-06-23 12:00:00,273.2511857767011,-57.06171417546342
2022-06-24 08:00:00,265.8814547816923,-56.03886593619899
2022-06-25 04:00:00,263.1560760540291,-55.660609411665455
2022-06-26 00:00:00,259.63843431892036,-55.17239435231582
2022-06-26 20:00:00,260.6398210598162,-55.31137726301388
2022-06-27 16:00:00,270.2996826091991,-56.65207373945466
2022-06-28 12:00:00,267.3862429701598,-56.24771615747331
2022-06-29 08:00:00,281.8734024414751,-58.2583954573302
2022-06-30 04:00:00,280.9421248083405,-58.129143020848694
2022-07-01 00:00:00,277.2892296657699,-57.6221560809826
2022-07-01 20:00:00,290.27761889778185,-59.424820393403486
2022-07-02 16:00:00,292.34989969241803,-59.7124331656323
2022-07-03 12:00:00,295.72777455819204,-60.181249919086724
2022-07-04 08:00:00,294.5581861381613,-60.018922222607365
2022-07-05 04:00:00,277.63074828082904,-57.669555601307806
2022-07-06 00:00:00,277.788719446385,-57.69148048956395
2022-07-06 20:00:00,275.7146332669997,-57.40361714718365
2022-07-07 16:00:00,265.2840228784325,-55.95594809689882
2022-07-08 12:00:00,260.9667461481524,-55.35675134128114
2022-07-09 08:00:00,255.80725743236536,-54.64066360998924
2022-07-10 04:00:00,262.5287048536783,-55.57353628401959
2022-07-11 00:00:00,269.5489434509856,-56.547878318123026
2022-07-11 20:00:00,275.2325955389603,-57.33671491673344
2022-07-12 16:00:00,283.1794478588002,-58.43966208109368
2022-07-13 12:00:00,294.29098919527814,-59.98183784018553
2022-07-14 08:00:00,285.2699329496576,-58.72980143568345
2022-07-15 04:00:00,273.5614110561072,-57.104770479829305
2022-07-16 00:00:00,271.47995288899597,-56.81588397599705
2022-07-16 20:00:00,263.50391351571045,-55.708885927520924
2022-07-17 16:00:00,264.4302263407849,-55.83744929608579
2022-07-18 12:00:00,247.19274767504902,-53.4627542086389
2022-07-19 08:00:00,235.8201675193463,-54.224842443576826
2022-07-20 04:00:00,281.6893975722292,-51.15109839513995
2022-07-21 00:00:00,277.18922488382583,-51.45265957246886
2022-07-21 20:00:00,273.1679862365576,-51.72212688955995
2022-07-22 16:00:00,272.7781706962452,-51.748248827853715
2022-07-23 12:00:00,247.0029813568633,-53.475470643827485
2022-07-24 08:00:00,259.4967096452953,-52.63825312513182
2022-07-25 04:00:00,234.9701141268823,-54.2818053913509
2022-07-26 00:00:00,226.1104782296576,-56.156696549941344
2022-07-26 20:00:00,226.49427926562055,-56.18365372207344
2022-07-27 16:00:00,210.1463172457848,-55.03541600282978
2022-07-28 12:00:00,191.70552235797345,-51.90297589640428
2022-07-29 08:00:00,213.86328359573764,-50.03823282894954
2022-07-30 04:00:00,209.20192620554369,-50.43052128196701
2022-07-31 00:00:00,209.39595300488,-50.414192460427664
2022-07-31 20:00:00,210.63951095663674,-50.30953766048496
2022-08-01 16:00:00,195.7969570396308,-51.55865074655288
2022-08-02 12:00:00,184.29727149533383,-52.52643619502544
2022-08-03 08:00:00,198.17539808622678,-51.358486957197194
2022-08-04 04:00:00,192.9562756769689,-51.79771555192878
2022-08-05 00:00:00,181.73026220385862,-52.74246942730939
2022-08-05 20:00:00,190.44881425229758,-52.00873738118277
2022-08-06 16:00:00,194.74941081610407,-51.646809678188575
2022-08-07 12:00:00,193.7147666303847,-51.73388280583444
2022-08-08 08:00:00,218.98390390865728,-49.60729393006337
2022-08-09 04:00:00,212.8169779527692,-50.126287356355434
2022-08-10 00:00:00,185.20066225797274,-52.45040903489148
2022-08-10 20:00:00,152.87047689490927,-50.10743195245515
2022-08-11 16:00:00,162.3354713150696,-49.177252907553395
2022-08-12 12:00:00,150.50566247651108,-50.33983576797038
2022-08-13 08:00:00,163.7222766797493,-49.040963625983956
2022-08-14 04:00:00,167.1811099157875,-48.701044334629756
2022-08-15 00:00:00,163.64344953246936,-49.048710419834464
2022-08-15 20:00:00,156.54369447489742,-49.74644388752908
2022-08-16 16:00:00,151.08252421469183,-50.283144271193734
2022-08-17 12:00:00,148.14530997210983,-50.571801085720466
2022-08-18 08:00:00,142.1039064254418,-51.00827340878558
2022-08-19 04:00:00,156.06634857106368,-52.414097243770094
2022-08-20 00:00:00,193.345774612338,-56.16761723237751
2022-08-20 20:00:00,196.91176981024017,-56.52666337862945
2022-08-21 16:00:00,184.73636928254936,-55.300769793267094
2022-08-22 12:00:00,188.84011531198175,-55.71395997308877
2022-08-23 08:00:00,183.84067092490238,-55.210585419573455
2022-08-24 04:00:00,186.35916151422055,-55.46416241289034
2022-08-25 00:00:00,183.19113926105658,-55.14518661003225
2022-08-25 20:00:00,179.7736321446721,-54.8010911494864
2022-08-26 16:00:00,198.92258047839144,-56.72912406104056
2022-08-27 12:00:00,209.94533190402112,-57.83896190456701
2022-08-28 08:00:00,213.15068356315328,-58.16169625969758
2022-08-29 04:00:00,217.95705196714178,-58.645630745625766
2022-08-30 00:00:00,208.59732557739338,-57.703236405838446
2022-08-30 20:00:00,214.4234089210786,-58.28984201134332
2022-08-31 16:00:00,213.0739508953299,-58.15397034669304
2022-09-01 12:00:00,213.99992754892872,-58.24720332389658
2022-09-02 08:00:00,211.99077596548727,-58.04490968825314
2022-09-03 04:00:00,215.49891058413886,-58.398130078482744
2022-09-04 00:00:00,217.90810896820574,-58.640702865979634
2022-09-04 20:00:00,215.94790038370024,-58.44333710998233
2022-09-05 16:00:00,217.10594151106787,-58.55993575381315
2022-09-06 12:00:00,216.9201240235819,-58.541226515834566
2022-09-07 08:00:00,238.6945739103949,-60.733610937220064
2022-09-08 04:00:00,227.3441532546002,-59.59078135707959
2022-09-09 00:00:00,227.01855788032242,-59.55799842892514
2022-09-09 20:00:00,187.06551682937348,-55.5352825742241
2022-09-10 16:00:00,184.73076987165413,-55.30020601042622
2022-09-11 12:00:00,180.4090615884855,-54.86507006150244
2022-09-12 08:00:00,169.26042221966495,-53.58513684680016
2022-09-13 04:00:00,170.64208592334765,-53.46586545468668
2022-09-14 00:00:00,122.36242849993559,-57.82384417209325
2022-09-14 20:00:00,127.87763613000263,-58.35060527308179
2022-09-15 16:00:00,129.6716581624413,-58.52195349501511
2022-09-16 12:00:00,133.4824792747297,-58.885927520913214
2022-09-17 08:00:00,129.3758609640634,-58.49370171043362
2022-09-18 04:00:00,126.47079579625387,-58.21623702934051
2022-09-19 00:00:00,138.54688585301892,-59.36963231753586
2022-09-19 20:00:00,137.2191871200187,-59.24282294003147
2022-09-20 16:00:00,146.33446309131983,-60.11342893141435
2022-09-21 12:00:00,143.14715536393464,-59.80900707818916
2022-09-22 08:00:00,144.1259314593804,-59.90249062554421
2022-09-23 04:00:00,139.54337042819017,-59.464807213413515
2022-09-24 00:00:00,145.3696788810893,-60.02128175820064
2022-09-24 20:00:00,145.4798649771591,-60.03180570456359
2022-09-25 16:00:00,149.16366600647808,-60.383647958959955
2022-09-26 12:00:00,146.50127259787,-60.12936101688049
2022-09-27 08:00:00,123.51413555171318,-57.93384446860126
2022-09-28 04:00:00,153.73529587734387,-60.82028732879272
2022-09-29 00:00:00,138.98872335333067,-59.41183250721747
2022-09-29 20:00:00,137.50973736144095,-59.27057358430996
2022-09-30 16:00:00,132.9844556103505,-58.838360953820334
2022-10-01 12:00:00,142.08049273948086,-59.70712943075891
2022-10-02 08:00:00,142.3697312416641,-59.734754789961656
2022-10-03 04:00:00,146.4888110751002,-60.128170808660876
2022-10-04 00:00:00,136.26861341820987,-59.152033021805025
2022-10-04 20:00:00,119.56601906575051,-57.55675727144139
2022-10-05 16:00:00,117.51751297636343,-57.754749452817435
2022-10-06 12:00:00,116.69072701659576,-57.834660450299616
2022-10-07 08:00:00,111.94734772925356,-58.293120304158755
2022-10-08 04:00:00,107.86548996053453,-59.401934986233265
2022-10-09 00:00:00,108.84540510907155,-59.50020024731274
2022-10-09 20:00:00,107.06943904407534,-59.322107512134906
2022-10-10 16:00:00,114.09147018604575,-60.02627228038466
2022-10-11 12:00:00,114.06669120120183,-60.02378745971563
2022-10-12 08:00:00,114.13936234162661,-60.03107487495506
2022-10-13 04:00:00,115.1244831592485,-60.1298621571835
2022-10-14 00:00:00,108.59574121976092,-59.475164113008816
2022-10-14 20:00:00,113.42681035728882,-59.95962062008595
2022-10-15 16:00:00,114.4698182151345,-60.06421277749078
2022-10-16 12:00:00,114.30219567060152,-60.04740369649439
2022-10-17 08:00:00,111.67395746302947,-59.783845658809476
2022-10-18 04:00:00,104.99445934684391,-59.114029882161034
2022-10-19 00:00:00,112.2118071928789,-59.83778088391962
2022-10-19 20:00:00,113.02993014625793,-59.91982172768955
2022-10-20 16:00:00,113.25481505072459,-59.94237304132445
2022-10-21 12:00:00,119.59823517079062,-60.578487132596294
2022-10-22 08:00:00,113.85096827432457,-60.00215490330289
2022-10-23 04:00:00,113.22628798413949,-59.93951236542817
2022-10-24 00:00:00,106.28109251786175,-59.243052629337
2022-10-24 20:00:00,109.20230578153058,-59.535990017285165
2022-10-25 16:00:00,102.82865311503484,-58.62744352879614
2022-10-26 12:00:00,117.8264315128149,-57.09280575509524
2022-10-27 08:00:00,121.09984280989346,-56.7578561050791
2022-10-28 04:00:00,111.77303878689142,-57.7122151696005
2022-10-29 00:00:00,119.31406746791137,-56.940584388059655
2022-10-29 20:00:00,123.99165201698155,-56.46195363700487
2022-10-30 16:00:00,118.86777668138242,-56.98625079817033
2022-10-31 12:00:00,120.88088075504868,-56.7802612527923
2022-11-01 08:00:00,118.56188281352378,-57.01755118626174
2022-11-02 04:00:00,117.2487226803213,-57.151919430003026
2022-11-03 00:00:00,110.7841383975365,-57.81340374911412
2022-11-03 20:00:00,111.47306281240697,-57.74291001315911
2022-11-04 16:00:00,122.61604790541705,-56.60271141960938
2022-11-05 12:00:00,133.37620651670412,-55.50168529307729
2022-11-06 08:00:00,132.21527908892037,-55.62047642573372
2022-11-07 04:00:00,124.84280833642015,-56.37485962851305
2022-11-08 00:00:00,117.12567131119604,-57.164510580115845
2022-11-08 20:00:00,151.05765135251698,-62.080863999291715
2022-11-09 16:00:00,173.42724392864952,-64.32524172711324
2022-11-10 12:00:00,182.02023930359417,-65.18739097588305
2022-11-11 08:00:00,166.92063424078412,-63.672422959074794
2022-11-12 04:00:00,180.04956737631684,-64.98967024550446
2022-11-13 00:00:00,178.47036592060044,-64.83122638637333
2022-11-13 20:00:00,185.84004208670197,-65.57063802260059
2022-11-14 16:00:00,186.22193911770353,-65.60895437493396
2022-11-15 12:00:00,178.62208414163587,-64.84644852307689
2022-11-16 08:00:00,179.5683979290823,-64.94139372964901
2022-11-17 04:00:00,185.51725064523964,-65.53825183051936
2022-11-18 00:00:00,176.2197749161039,-64.60542091818091
2022-11-18 20:00:00,182.7064052497588,-65.25623512500735
2022-11-19 16:00:00,182.37466472255645,-65.22295105654993
2022-11-20 12:00:00,185.11100377629404,-65.49749241920888
2022-11-21 08:00:00,195.2692566826626,-66.51668651043062
2022-11-22 04:00:00,199.69447552200117,-66.96067593804068
2022-11-23 00:00:00,192.19451731698575,-66.20819289224357
2022-11-23 20:00:00,183.15573260122065,-65.3013168714312
2022-11-24 16:00:00,183.05042475506983,-65.29075116337634
2022-11-25 12:00:00,185.45086091614453,-65.53159084065868
2022-11-26 08:00:00,184.08061020654546,-65.39411135086964
2022-11-27 04:00:00,184.23316090067306,-65.40941701095701
2022-11-28 00:00:00,186.70789528521777,-65.65771115024646
2022-11-28 20:00:00,190.67171591325908,-66.05540774236712
2022-11-29 16:00:00,187.45961848738548,-65.73313276584763
2022-11-30 12:00:00,179.8306269530942,-64.96770359555639
2022-12-01 08:00:00,172.88884195633284,-64.27122297861926
2022-12-02 04:00:00,176.69761447097022,-64.65336334050103
2022-12-03 00:00:00,174.19707342057035,-64.40247997631276
2022-12-03 20:00:00,176.56337818486887,-64.63989519485797
2022-12-04 16:00:00,174.84910796995885,-64.46789966669994
2022-12-05 12:00:00,169.90733957697128,-63.97208397942151
2022-12-06 08:00:00,174.4834441642533,-64.43121202035131
2022-12-07 04:00:00,174.35045658779006,-64.41786915978399
2022-12-08 00:00:00,179.09617756758766,-64.89401509016976
2022-12-08 20:00:00,171.11733921634084,-64.09348521782272
2022-12-09 16:00:00,171.8667731175052,-64.16867714411835
2022-12-10 12:00:00,171.8852956438045,-64.17053553940863
2022-12-11 08:00:00,171.51775877364167,-64.13365996544638
2022-12-12 04:00:00,176.60042323746734,-64.64361198543853
2022-12-13 00:00:00,171.8834225793473,-64.17034761179501
2022-12-13 20:00:00,152.19062548519236,-62.94230329929894
2022-12-14 16:00:00,162.39601202027447,-62.19886165980175
2022-12-15 12:00:00,150.36217472945455,-63.07550221566657
2022-12-16 08:00:00,137.11443417001104,-64.04057315416453
2022-12-17 04:00:00,140.96544846363594,-65.11744014192293
2022-12-18 00:00:00,139.83478207606578,-65.0307011078124
2022-12-18 20:00:00,139.53292626869566,-65.00754424964472
2022-12-19 16:00:00,142.86177795862892,-65.262916995714
2022-12-20 12:00:00,137.92511539932232,-64.8842010925694
2022-12-21 08:00:00,136.64991751155958,-64.78637432925503
2022-12-22 04:00:00,137.3883618807166,-64.84302406433973
2022-12-23 00:00:00,138.89764091756695,-64.95880835517818
2022-12-23 20:00:00,138.06066471588704,-64.89459975385658
2022-12-24 16:00:00,137.41013687132934,-64.84469453201639
2022-12-25 12:00:00,137.897352286291,-64.88207124628164
2022-12-26 08:00:00,137.32303690887815,-64.83801266130975
2022-12-27 04:00:00,135.91011220548953,-64.72962018994053
2022-12-28 00:00:00,141.49077011216994,-65.15774017462235
2022-12-28 20:00:00,143.94671686591218,-65.34614804770355
2022-12-29 16:00:00,142.96520916403978,-65.27085171717812
2022-12-30 12:00:00,146.7072413008511,-65.55792158741203
2022-12-31 08:00:00,145.08854293617142,-65.43374319649837
2023-01-01 04:00:00,145.96498630833705,-65.50097952048391
2023-01-02 00:00:00,144.15494021364725,-65.3621218948616
2023-01-02 20:00:00,140.33968967090024,-65.06943507706492
2023-01-03 16:00:00,143.2232428028015,-65.29064675914654
2023-01-04 12:00:00,138.06229784018305,-64.89472503893234
2023-01-05 08:00:00,138.18913716050264,-64.90445551314889
2023-01-06 04:00:00,137.76833546691006,-64.87217372529743
2023-01-07 00:00:00,133.54425947540767,-64.5481238768715
2023-01-07 20:00:00,134.42641878260912,-64.61579869862216
2023-01-08 16:00:00,134.66866555317665,-64.63438265152499
2023-01-09 12:00:00,132.7193176616873,-63.98250352155467
2023-01-10 08:00:00,132.9143859803598,-63.96730226569707
2023-01-11 04:00:00,136.98858074054624,-63.64980900290201
2023-01-12 00:00:00,159.9174146651707,-61.8630141334094
2023-01-12 20:00:00,180.94754789458432,-60.22418093837686
2023-01-13 16:00:00,183.21012603039586,-60.04786307510549
2023-01-14 12:00:00,230.84645253259555,-56.335666280649434
2023-01-15 08:00:00,222.98262696061587,-56.94847734783188
2023-01-16 04:00:00,237.21832700791515,-55.839119763762454
2023-01-17 00:00:00,236.16072446148593,-55.921536462759626
2023-01-17 20:00:00,243.68800359355816,-55.334951738100735
2023-01-18 16:00:00,229.0854786447992,-56.472895200286985
2023-01-19 12:00:00,225.91186715254997,-56.72020793981639
2023-01-20 08:00:00,231.78320918380325,-56.26266684317942
2023-01-21 04:00:00,276.0436211984272,-52.813547826951236
2023-01-22 00:00:00,283.5333871922933,-52.22988642072649
2023-01-22 20:00:00,272.3325000258799,-53.10274754347289
2023-01-23 16:00:00,284.43611406812795,-52.159538850693174
2023-01-24 12:00:00,285.85518249627313,-52.04895389049834
2023-01-25 08:00:00,277.6984864952974,-52.68458772231315
2023-01-26 04:00:00,291.62202364252323,-51.59955632378508
2023-01-27 00:00:00,284.82008783276774,-52.12961659843502
2023-01-27 20:00:00,289.73216532988954,-51.74682893032855
2023-01-28 16:00:00,287.302385778073,-51.936176441477876
2023-01-29 12:00:00,299.6300068456099,-50.97551136147709
2023-01-30 08:00:00,301.52040106021786,-50.828196993241704
2023-01-31 04:00:00,283.1076130736522,-52.26306608495413
2023-02-01 00:00:00,289.11346650047363,-51.795042803646126
2023-02-01 20:00:00,302.1728617140196,-50.77735213333339
2023-02-02 16:00:00,307.99382895968154,-50.32373663573657
2023-02-03 12:00:00,300.87705073998063,-50.878331904387444
2023-02-04 08:00:00,294.79027611502863,-51.35266120117484
2023-02-05 04:00:00,296.56973862094105,-51.21399150316617
2023-02-06 00:00:00,288.27504786156373,-51.86037897064947
2023-02-06 20:00:00,286.97280606383237,-51.961859882006515
2023-02-07 16:00:00,286.22629461352795,-52.020033918846174
2023-02-08 12:00:00,290.12390967315764,-51.71630113353761
2023-02-09 08:00:00,279.3311118602311,-52.55736072788958
2023-02-10 04:00:00,254.2892164506458,-54.5088219486089
2023-02-11 00:00:00,250.84711806923465,-54.77705729578847
2023-02-11 20:00:00,251.2158186276048,-54.74832525174992
2023-02-12 16:00:00,260.1458211776037,-54.052429298499625
2023-02-13 12:00:00,250.8430988044269,-54.77737050847783
2023-02-14 08:00:00,251.84657525144414,-54.69917174036423
2023-02-15 04:00:00,262.29612784978366,-53.88486050968475
2023-02-16 00:00:00,329.23751912588364,-48.668261406475324
2023-02-16 20:00:00,328.76029841770264,-48.705450193126936
2023-02-17 16:00:00,316.05540236020573,-49.69551550423693
2023-02-18 12:00:00,330.2332249942725,-48.59066818289449
2023-02-19 08:00:00,328.85944028296194,-48.697724280122394
2023-02-20 04:00:00,326.5872159116116,-48.87479385384828
2023-02-21 00:00:00,336.61769316598986,-48.093140266247495
2023-02-21 20:00:00,326.0880232224814,-48.91369486986848
2023-02-22 16:00:00,303.83067447174886,-50.648162339389756
2023-02-23 12:00:00,311.2558642777026,-50.06953321704094
2023-02-24 08:00:00,310.94102186775723,-50.09406821104187
2023-02-25 04:00:00,290.22519514631466,-51.708408173765385
2023-02-26 00:00:00,289.4414385087911,-51.76948464819324
2023-02-26 20:00:00,303.956611435727,-50.63834834178939
2023-02-27 16:00:00,297.3063358847196,-51.15659005762696
2023-02-28 12:00:00,298.99576685893703,-51.024936323860246
2023-03-01 08:00:00,310.06857345347464,-50.162056245481914
2023-03-02 04:00:00,301.1873379831439,-50.854151884767795
2023-03-03 00:00:00,298.03007150111307,-51.10019089269375
2023-03-03 20:00:00,258.8601541097435,-53.41867474282106
2023-03-04 16:00:00,258.31121235409654,-53.3838037300708
2023-03-05 12:00:00,255.172711825404,-53.18443341286152
2023-03-06 08:00:00,255.40642295610155,-53.19927969433782
2023-03-07 04:00:00,253.39703316432343,-53.071635082995094
2023-03-08 00:00:00,260.9080026951807,-53.548762413140906
2023-03-08 20:00:00,265.66111514227913,-53.85069944569707
2023-03-09 16:00:00,286.120207246003,-55.150344178983936
2023-03-10 12:00:00,336.8759536468642,-58.3745556033959
2023-03-11 08:00:00,332.37035805126425,-58.088341847846294
2023-03-12 04:00:00,322.0104794208909,-57.4302402257804
2023-03-13 00:00:00,254.32859061073262,-53.130811400440756
2023-03-13 20:00:00,307.62435095413537,-49.60593667507608
2023-03-14 16:00:00,362.34112664626156,-45.98707726205337
2023-03-15 12:00:00,328.903938966512,-48.1985467766447
2023-03-16 08:00:00,321.7365496539354,-48.672583741588674
2023-03-17 04:00:00,357.75787448122446,-46.29020450282914
2023-03-18 00:00:00,417.91665041918293,-42.31142194802423
2023-03-18 20:00:00,408.14365525704704,-42.95778853466158
2023-03-19 16:00:00,427.2574300950656,-41.69364123950372
2023-03-20 12:00:00,436.7800623057052,-41.06383316371126
2023-03-21 08:00:00,418.52093123780116,-42.271456008860156
2023-03-22 04:00:00,435.87774538845804,-41.12351062145991
2023-03-23 00:00:00,408.2800446581145,-42.94876800920762
2023-03-23 20:00:00,438.51776430449024,-40.9489049875571
2023-03-24 16:00:00,424.3515781334345,-41.88582854570336
2023-03-25 12:00:00,412.36635951463273,-42.67850721997009
2023-03-26 08:00:00,418.91715507655044,-42.24525054718257
2023-03-27 04:00:00,426.73997123314547,-41.72786494602928
2023-03-28 00:00:00,396.87132383178766,-43.70331825875461
2023-03-28 20:00:00,407.8039446192033,-42.98025632491265
2023-03-29 16:00:00,434.49017266232045,-41.21528193944638
2023-03-30 12:00:00,450.08308036907965,-40.18399783841484
2023-03-31 08:00:00,423.2778273162345,-41.956844302807355
2023-04-01 04:00:00,447.98830334111096,-40.322542251347755
2023-04-02 00:00:00,441.2414480151589,-40.76876592947536
2023-04-02 20:00:00,431.53159609425796,-41.410956346921054
2023-04-03 16:00:00,427.4932701010782,-41.67804324757292
2023-04-04 12:00:00,438.1278547898647,-40.97469283231553
2023-04-05 08:00:00,446.84541067475874,-40.39813091371659
2023-04-06 04:00:00,431.85236375973136,-41.38974140742748
2023-04-07 00:00:00,432.7704664872872,-41.32901990738092
2023-04-07 20:00:00,425.38933730313033,-41.81719320503863
2023-04-08 16:00:00,429.7566395831442,-41.528348462898286
2023-04-09 12:00:00,427.4689599532027,-41.6796510727117
2023-04-10 08:00:00,438.99544292443255,-40.91731226762228
2023-04-11 04:00:00,496.261626981419,-37.12984002348678
2023-04-12 00:00:00,499.9166735003028,-36.88810246982822
2023-04-12 20:00:00,491.1615473868741,-37.46714920909619
2023-04-13 16:00:00,502.99774795636097,-36.68432629412175
2023-04-14 12:00:00,512.299063106472,-36.06915569134602
2023-04-15 08:00:00,504.978867150107,-36.55329898573378
2023-04-16 04:00:00,502.2447648046347,-36.73412711173216
2023-04-17 00:00:00,487.8588401540812,-37.68558373866534
2023-04-17 20:00:00,475.25829064944514,-38.5189591817047
2023-04-18 16:00:00,499.7925970312761,-36.89630864228981
2023-04-19 12:00:00,468.15183456466013,-38.988966143378754
2023-04-20 08:00:00,455.7738649853773,-39.80762059001754
2023-04-21 04:00:00,451.5393132887201,-41.040509258775906
2023-04-22 00:00:00,490.1907367247792,-43.15172983192173
2023-04-22 20:00:00,474.5413981837937,-42.29693064092921
2023-04-23 16:00:00,476.4539379576061,-42.401397513258296
2023-04-24 12:00:00,481.827628063638,-42.69491956489328
2023-04-25 08:00:00,482.3238256703555,-42.722022902947074
2023-04-26 04:00:00,447.99253255287573,-40.84677676997535
2023-04-27 00:00:00,451.2528436004585,-38.97460012135948
2023-04-27 20:00:00,465.8580194166866,-38.15239593090779
2023-04-28 16:00:00,453.02878787636496,-38.874622630911425
2023-04-29 12:00:00,453.3236658419761,-38.85802235837462
2023-04-30 08:00:00,452.9015637981202,-38.88178476107508
2023-05-01 04:00:00,426.3814635928046,-40.374744366243355
2023-05-02 00:00:00,392.5492642016154,-41.42835009160428
2023-05-02 20:00:00,370.08279282187885,-40.122127891840556
2023-05-03 16:00:00,377.2304319516109,-40.53769848810147
2023-05-04 12:00:00,365.3804501552365,-39.33103616186665
2023-05-05 08:00:00,365.4812240989476,-39.32443781454384
2023-05-06 04:00:00,374.57989937749005,-38.72868639850927
2023-05-07 00:00:00,361.80488858280603,-39.56515220675044
2023-05-07 20:00:00,360.8274451097861,-39.629151999612446
2023-05-08 16:00:00,349.7490083976825,-41.81092895125116
2023-05-09 12:00:00,353.13410330708916,-42.038237840352565
2023-05-10 08:00:00,358.9135791463536,-42.42632924333243
2023-05-11 04:00:00,361.36797507873905,-42.591141760480824
2023-05-12 00:00:00,375.6649168984886,-43.55118041510286
2023-05-12 20:00:00,394.1781458647243,-44.7943424600727
2023-05-13 16:00:00,382.225520646299,-43.991724503129845
2023-05-14 12:00:00,380.71643874336394,-43.890389757694486
2023-05-15 08:00:00,363.19889909367447,-42.714088181482964
2023-05-16 04:00:00,373.1477073365149,-43.382149967070916
2023-05-17 00:00:00,373.649594456098,-43.41585165244749
2023-05-17 20:00:00,366.12439724797343,-42.91053518025808
2023-05-18 16:00:00,374.5523071625105,-43.47646874826428
2023-05-19 12:00:00,379.51582773424957,-43.809768811449715
2023-05-20 08:00:00,379.5456797562322,-43.81177337266171
2023-05-21 04:00:00,372.6940187940911,-43.35168481281784
2023-05-22 00:00:00,387.4088889215976,-44.339787324407745
2023-05-22 20:00:00,379.97635736504424,-43.84069334431388
2023-05-23 16:00:00,369.5872317979601,-43.143064280849046
2023-05-24 12:00:00,386.1868217716833,-44.25772559979186
2023-05-25 08:00:00,400.84976181928266,-45.24234101010675
2023-05-26 04:00:00,394.55098518094485,-44.819378594376616
2023-05-27 00:00:00,387.5391805592095,-44.348536398864255
2023-05-27 20:00:00,384.4420332785103,-44.14056317312017
2023-05-28 16:00:00,368.87078327037665,-43.094954811761255
2023-05-29 12:00:00,367.9206428890598,-41.79050748390401
2023-05-30 08:00:00,364.7573341931627,-41.98929313742645
2023-05-31 04:00:00,347.34318691011816,-43.083616512405925
2023-06-01 00:00:00,340.96573062856805,-43.484382588882454
2023-06-01 20:00:00,328.7916891866689,-43.9077835023777
2023-06-02 16:00:00,322.57067142113374,-43.50465789030791
2023-06-03 12:00:00,319.0341713705407,-43.27549060591621
2023-06-04 08:00:00,319.5171976644669,-43.30679099400762
2023-06-05 04:00:00,329.6294932988824,-43.96207370186913
2023-06-06 00:00:00,366.56086526230087,-46.35524833798906
2023-06-06 20:00:00,317.58495164231084,-43.73660232721205
2023-06-07 16:00:00,305.44345405002866,-45.02248658301244
2023-06-08 12:00:00,301.3775261339589,-44.74322614916692
2023-06-09 08:00:00,295.92132691833865,-44.36847760675437
2023-06-10 04:00:00,322.58638386394716,-46.199915724905715
2023-06-11 00:00:00,323.04240987517085,-46.23123699384308
2023-06-11 20:00:00,311.6904023691107,-45.451546205762355
2023-06-12 16:00:00,320.7583275936221,-46.0743591981588
2023-06-13 12:00:00,312.94873014274714,-45.53797202718351
2023-06-14 08:00:00,317.6302931739689,-45.85951617409448
2023-06-15 04:00:00,344.99641410749837,-47.739105523025515
2023-06-16 00:00:00,330.75502579432555,-46.760963174957695
2023-06-16 20:00:00,302.92102217328045,-44.849238204096906
2023-06-17 16:00:00,288.036325527192,-44.72184416290569
2023-06-18 12:00:00,289.8639033266633,-44.59273789234587
2023-06-19 08:00:00,286.3843228874953,-44.83854721096628
2023-06-20 04:00:00,302.602561004783,-43.69283607408357
2023-06-21 00:00:00,345.4044744497517,-40.66916429425454
2023-06-21 20:00:00,391.92923156031003,-37.382498259581496
2023-06-22 16:00:00,391.39748120267643,-37.42006290146036
2023-06-23 12:00:00,395.4315717424119,-37.135081115822295
2023-06-24 08:00:00,410.27920040536554,-36.08619446164795
2023-06-25 04:00:00,418.60985748126706,-35.49768869916088
2023-06-26 00:00:00,403.95583442378864,-36.53289839923259
2023-06-26 20:00:00,397.0655439364078,-37.019651799365136
2023-06-27 16:00:00,413.289102513083,-35.87356480725517
2023-06-28 12:00:00,395.29826467665714,-37.144498377349464
2023-06-29 08:00:00,403.6333554687145,-36.55567940217303
2023-06-30 04:00:00,418.23535625663027,-35.524144730989974
2023-07-01 00:00:00,406.1709190152876,-36.376417339621526
2023-07-01 20:00:00,409.50359565915625,-36.140985801442355
2023-07-02 16:00:00,408.882875397327,-36.18483557795468
2023-07-03 12:00:00,411.58685109028556,-35.99381759912868
2023-07-04 08:00:00,419.79513760028374,-35.41395650686834
2023-07-05 04:00:00,416.9605150712638,-35.61420381960787
2023-07-06 00:00:00,404.4940875651176,-36.49487437874264
2023-07-06 20:00:00,401.5991664963773,-36.69938138405764
2023-07-07 16:00:00,402.7723277912344,-36.61650530644939
2023-07-08 12:00:00,397.3631940810087,-36.9986247874852
2023-07-09 08:00:00,401.3139307570128,-36.71953140040735
2023-07-10 04:00:00,395.77355904857205,-37.11092197704861
2023-07-11 00:00:00,404.6977429272131,-36.480487475877396
2023-07-11 20:00:00,409.1766829879261,-36.16408001707217
2023-07-12 16:00:00,406.67931846783335,-36.34050228457336
2023-07-13 12:00:00,407.6544404410593,-36.27161637375711
2023-07-14 08:00:00,429.0453474069235,-34.760490432605195
2023-07-15 04:00:00,401.0325375716504,-36.73940996575959
2023-07-16 00:00:00,401.1507700024751,-36.73105762737629
2023-07-16 20:00:00,400.3127976490056,-36.790254825667894
2023-07-17 16:00:00,396.5402963624695,-37.05675706263295
2023-07-18 12:00:00,385.89908200717827,-37.80848839797555
2023-07-19 08:00:00,390.01593524849085,-37.51765997546917
2023-07-20 04:00:00,391.16072075995015,-37.43678845907293
2023-07-21 00:00:00,385.95849380366747,-37.80429134793796
2023-07-21 20:00:00,388.7366603469688,-37.60803227677645
2023-07-22 16:00:00,389.32752692001475,-37.56629146570592
2023-07-23 12:00:00,389.91011722290284,-37.52513531832223
2023-07-24 08:00:00,385.07175057248315,-37.86693388581267
2023-07-25 04:00:00,365.36979388094824,-39.258746673159216
2023-07-26 00:00:00,367.65463560663363,-39.09733773390202
2023-07-26 20:00:00,379.81277204940477,-38.2384458971017
2023-07-27 16:00:00,370.85193611720814,-38.87146962317173
2023-07-28 12:00:00,371.7706021047152,-38.80657195393351
2023-07-29 08:00:00,371.45817290626127,-38.82864300811138
2023-07-30 04:00:00,372.341073583444,-38.7662719212341
2023-07-31 00:00:00,360.3821558461719,-38.48181215674499
2023-07-31 20:00:00,368.5122607285973,-39.01066134232936
2023-08-01 16:00:00,377.25227595479066,-39.579184135234385
2023-08-02 12:00:00,345.22357689994243,-38.47247841860166
2023-08-03 08:00:00,328.95486573774133,-39.19073775787322
2023-08-04 04:00:00,326.45703865026456,-39.015443056053805
2023-08-05 00:00:00,329.0604915407258,-39.1981504581884
2023-08-05 20:00:00,330.987046679667,-39.33335393576802
2023-08-06 16:00:00,329.92840835003716,-39.259059885848586
2023-08-07 12:00:00,330.227731048072,-39.28006601688258
2023-08-08 08:00:00,327.1702359735143,-39.065494443815695
2023-08-09 04:00:00,320.525718261535,-37.854217450624105
2023-08-10 00:00:00,316.5347049106745,-38.15093427169071
2023-08-10 20:00:00,311.85699010711494,-38.49870476112522
2023-08-11 16:00:00,309.28207030411085,-38.69014035687036
2023-08-12 12:00:00,311.1646714646188,-38.55017604641228
2023-08-13 08:00:00,310.7638849725936,-38.57997301359468
2023-08-14 04:00:00,310.74871856014136,-38.58110057927642
2023-08-15 00:00:00,311.30734808546595,-38.53956857666548
2023-08-15 20:00:00,309.39504687704067,-39.03001788653265
2023-08-16 16:00:00,312.522247937583,-39.26488564187094
2023-08-17 12:00:00,328.9286545684208,-40.49708524271269
2023-08-18 08:00:00,381.88422359434685,-44.47430173407073
2023-08-19 04:00:00,398.64705552387016,-45.73327057943094
2023-08-20 00:00:00,393.2834386266455,-45.33043729920456
2023-08-20 20:00:00,391.8571813861954,-45.223318559438795
2023-08-21 16:00:00,397.90556857254836,-45.677581363260316
2023-08-22 12:00:00,397.08512313072237,-45.615961986837554
2023-08-23 08:00:00,397.27834901417503,-45.63047417477853
2023-08-24 04:00:00,385.65310140166457,-44.75736248188064
2023-08-25 00:00:00,394.4803270126372,-45.42032934105478
2023-08-25 20:00:00,396.6430667930389,-45.58276144176395
2023-08-26 16:00:00,397.16880800974275,-45.62224712147097
2023-08-27 12:00:00,396.3422460651311,-45.56016836643713
2023-08-28 08:00:00,399.1764110376746,-45.77302771013543
2023-08-29 04:00:00,396.7256395806439,-45.58896305301354
2023-08-30 00:00:00,353.2325783868264,-42.322426153844226
2023-08-30 20:00:00,363.5775307571784,-43.0993815511044
2023-08-31 16:00:00,391.8224285294593,-45.22070845369401
2023-09-01 12:00:00,396.57550723954387,-45.57768739619609
2023-09-02 08:00:00,404.38850547952967,-46.164480929314585
2023-09-03 04:00:00,401.81012153256404,-45.970831963897844
2023-09-04 00:00:00,400.83426131541404,-45.89754019458444
2023-09-04 20:00:00,402.8752270858125,-46.05082648476388
2023-09-05 16:00:00,405.1844849102137,-46.22426279129302
2023-09-06 12:00:00,406.2962983029153,-46.30776529428003
2023-09-07 08:00:00,405.4244186331197,-46.24228296135498
2023-09-08 04:00:00,388.72052754862096,-44.98774085533791
2023-09-09 00:00:00,402.2088063050407,-46.00077509700196
2023-09-09 20:00:00,402.143192911523,-45.99584721735582
2023-09-10 16:00:00,404.1405090938609,-46.14585521471983
2023-09-11 12:00:00,406.1748023157659,-46.298640364596274
2023-09-12 08:00:00,404.8144364916875,-46.1964703853226
2023-09-13 04:00:00,400.3819181321369,-45.863567058210364
2023-09-14 00:00:00,383.82176486309845,-44.61982034955371
2023-09-14 20:00:00,382.52284208972964,-44.52226503723681
2023-09-15 16:00:00,387.7705234568825,-44.9163910046986
2023-09-16 12:00:00,383.0243953181452,-44.55993408334549
2023-09-17 08:00:00,383.01160626686624,-44.558973564431405
2023-09-18 04:00:00,381.04848689555683,-44.411533911120266
2023-09-19 00:00:00,336.8630259175959,-44.29591666704948
2023-09-19 20:00:00,353.8967712614401,-43.23819741503479
2023-09-20 16:00:00,353.13949173297624,-43.28522108013275
2023-09-21 12:00:00,335.6928071080692,-44.36858201098416
2023-09-22 08:00:00,336.7184299152694,-44.30489543081153
2023-09-23 04:00:00,332.5940811512332,-44.56099900648935
2023-09-24 00:00:00,333.162377067354,-44.525710376819916
2023-09-24 20:00:00,330.9742696554027,-44.6615820414702
2023-09-25 16:00:00,319.98663320280707,-45.03163239354214
2023-09-26 12:00:00,323.57852948555694,-45.26464175359015
2023-09-27 08:00:00,322.07790931617075,-45.167295249732824
2023-09-28 04:00:00,280.8950442817638,-44.78095783781345
2023-09-29 00:00:00,265.0986667581134,-43.482273623440676
2023-09-29 20:00:00,260.8893396454589,-43.80864124576797
2023-09-30 16:00:00,263.86360763216106,-43.57803318300516
2023-10-01 12:00:00,268.5242995714829,-43.216669262851845
2023-10-02 08:00:00,297.7973014804465,-40.947004830574905
2023-10-03 04:00:00,280.34811899272324,-42.299916601901245
2023-10-04 00:00:00,271.6604233224018,-42.973511811668125
2023-10-04 20:00:00,280.77793895892904,-42.26659077175189
2023-10-05 16:00:00,275.3284358159627,-42.689114689716895
2023-10-06 12:00:00,270.11350234127025,-43.093451390852266
2023-10-07 08:00:00,290.4092995174617,-41.519829077747325
2023-10-08 04:00:00,288.18964026842144,-41.69192901013514
2023-10-09 00:00:00,285.44105469505286,-41.905038923984954
2023-10-09 20:00:00,278.6401501796422,-42.4323429269684
2023-10-10 16:00:00,274.9546324869566,-42.71809730390693
2023-10-11 12:00:00,265.2529844280722,-43.268474641674246
2023-10-12 08:00:00,275.15644117963694,-44.033486195046315
2023-10-13 04:00:00,275.08291604831,-44.02780660494568
2023-10-14 00:00:00,272.7328149756757,-43.84626853018473
2023-10-14 20:00:00,274.00707037668764,-43.94470083803187
2023-10-15 16:00:00,271.71022096166865,-43.767276289924695
2023-10-16 12:00:00,244.35003267719918,-41.767517672503985
2023-10-17 08:00:00,257.9304531688186,-40.62040751894205
2023-10-18 04:00:00,265.1826884237088,-40.00782614106516
2023-10-19 00:00:00,256.7223653039842,-40.722452213139995
2023-10-19 20:00:00,264.8034768860259,-40.03985735876509
2023-10-20 16:00:00,284.02337117761823,-38.416392466357834
2023-10-21 12:00:00,290.8313801396687,-37.841333968667875
2023-10-22 08:00:00,292.409038570889,-37.70807240976238
2023-10-23 04:00:00,312.84196481516045,-35.98214520623803
2023-10-24 00:00:00,383.5513203514366,-30.00947155172665
2023-10-24 20:00:00,387.0247892666786,-29.716074785167418
2023-10-25 16:00:00,407.32496675232204,-28.001360595922648
2023-10-26 12:00:00,401.82541063835197,-28.465896775955617
2023-10-27 08:00:00,397.53592002435425,-28.82822121502301
2023-10-28 04:00:00,397.5650901426376,-28.825757275199937
2023-10-29 00:00:00,397.32011058993623,-28.84645019354456
2023-10-29 20:00:00,409.6175402858751,-27.807711630505917
2023-10-30 16:00:00,406.78902762996455,-28.046630269960115
2023-10-31 12:00:00,402.78753013291623,-28.384628523486132
2023-11-01 08:00:00,406.32280014621614,-28.086011545437355
2023-11-02 04:00:00,431.54308665043936,-25.955705879085706
2023-11-03 00:00:00,408.0561973445422,-27.93959505357816
2023-11-03 20:00:00,410.12307326798833,-27.765010300521304
2023-11-04 16:00:00,412.6101966582275,-27.554928109335446
2023-11-05 12:00:00,422.22891955994794,-26.742454393100296
2023-11-06 08:00:00,419.05802882079684,-27.010293004206666
2023-11-07 04:00:00,417.52091190990257,-27.140130104374993
2023-11-08 00:00:00,429.0569520777691,-26.165704546887735
2023-11-08 20:00:00,435.41282420642835,-25.6288371164554
2023-11-09 16:00:00,453.2150013085742,-24.125123875618645
2023-11-10 12:00:00,474.18411387959543,-22.35390611721087
2023-11-11 08:00:00,468.7911028586771,-22.809442652635845
2023-11-12 04:00:00,469.7512447181034,-22.728341446934042
2023-11-13 00:00:00,471.98795005901246,-22.53941155270387
2023-11-13 20:00:00,464.29247732885176,-23.18943228738392
2023-11-14 16:00:00,451.52980896673336,-24.267468602515976
2023-11-15 12:00:00,449.59691782387654,-24.43073593706346
2023-11-16 08:00:00,477.02894202539346,-22.113609341923432
2023-11-17 04:00:00,455.6529310247594,-23.91919697277847
2023-11-18 00:00:00,454.77090575327816,-23.993699831157475
2023-11-18 20:00:00,459.6653055150659,-23.580279962030275
2023-11-19 16:00:00,458.67599353735625,-23.663845107555137
2023-11-20 12:00:00,473.14041693559454,-22.44206504884657
2023-11-21 08:00:00,479.6794675188977,-21.889724911559167
2023-11-22 04:00:00,455.2173568856479,-23.955989023356892
2023-11-23 00:00:00,477.07393322477947,-22.10980902795903
2023-11-23 20:00:00,476.4986886040572,-22.158398756503868
2023-11-24 16:00:00,487.54971375436577,-21.224941418786663
2023-11-25 12:00:00,487.4436630700987,-21.23389930170276
2023-11-26 08:00:00,488.2787195070561,-21.163363804055813
2023-11-27 04:00:00,478.78730686733473,-21.965083884622473
2023-11-28 00:00:00,475.98400905943146,-22.201872677788927
2023-11-28 20:00:00,499.2278964477654,-20.238509374873413
2023-11-29 16:00:00,488.44879612891134,-21.148997782036545
2023-11-30 12:00:00,491.35666139472806,-20.903376391029756
2023-12-01 08:00:00,502.072477389171,-19.99823348043193
2023-12-02 04:00:00,514.5486358606935,-18.944398065765466
2023-12-03 00:00:00,531.4821367285384,-17.51406011762597
2023-12-03 20:00:00,533.0837739858049,-17.37877311666255
2023-12-04 16:00:00,584.1569430339713,-13.064727699152105
2023-12-05 12:00:00,589.9617965723469,-12.574403674360699
2023-12-06 08:00:00,638.3406849495839,-8.487938596949146
2023-12-07 04:00:00,641.7760843884225,-8.197757480667477
2023-12-08 00:00:00,627.6144863706674,-9.3939585030772
2023-12-08 20:00:00,651.643989317512,-7.364235871706422
2023-12-09 16:00:00,642.858098013219,-8.106362017908246
2023-12-10 12:00:00,639.7786728991936,-8.366474716010053
2023-12-11 08:00:00,599.2114433164658,-11.793105061141208
2023-12-12 04:00:00,578.0126778650618,-13.583721125444178
2023-12-13 00:00:00,578.6546676716866,-13.529493568490631
2023-12-13 20:00:00,614.8322888615628,-10.47364440503996
2023-12-14 16:00:00,607.9827495616172,-11.052210884850908
2023-12-15 12:00:00,608.1637031767307,-11.036926105609478
2023-12-16 08:00:00,597.6332904764613,-11.926408381738613
2023-12-17 04:00:00,593.2053654028141,-12.30042609454262
2023-12-18 00:00:00,577.5805645874416,-13.620220844179192
2023-12-18 20:00:00,592.4904503004809,-12.360813501053858
2023-12-19 16:00:00,601.5556825679955,-11.595091998919205
2023-12-20 12:00:00,617.4215076657933,-10.254938424473357
2023-12-21 08:00:00,634.7010946827623,-8.79536729199232
2023-12-22 04:00:00,645.2134614623991,-7.907409317618126
2023-12-23 00:00:00,638.0452757008675,-8.512891207869234
2023-12-23 20:00:00,635.5099474541432,-8.727045164016955
2023-12-24 16:00:00,634.3176806704115,-8.82775348407355
2023-12-25 12:00:00,633.9448964469266,-8.859241799778586
2023-12-26 08:00:00,610.6681308744262,-10.825382255206542
2023-12-27 04:00:00,600.621249965361,-11.674021596641357
2023-12-28 00:00:00,631.9296862414569,-9.02946245603016
2023-12-28 20:00:00,605.724290234192,-11.242978293525391
2023-12-29 16:00:00,592.4941583663644,-12.360500288364486
2023-12-30 12:00:00,592.9653299379576,-12.320701395968065
2023-12-31 08:00:00,605.090458172511,-11.296516782562321
2024-01-01 04:00:00,603.093046683282,-11.465234017904908
2024-01-02 00:00:00,668.7507804643113,-5.919260450550194
2024-01-02 20:00:00,662.1326244754944,-6.47828245854421
2024-01-03 16:00:00,590.9048995410453,-10.22766803965189
2024-01-04 12:00:00,578.1024482899488,-9.422815832191496
2024-01-05 08:00:00,575.4081561139647,-8.309198555546596
2024-01-06 04:00:00,573.5281979873575,-8.43749047311403
2024-01-07 00:00:00,581.7625002570721,-7.875566027531811
2024-01-07 20:00:00,581.7900387061925,-7.8736867513955655
2024-01-08 16:00:00,606.8894991826674,-6.160851838287028
2024-01-09 12:00:00,644.4045164536105,-3.6007557195769264
2024-01-10 08:00:00,618.8118117551155,-5.347250556370137
2024-01-11 04:00:00,651.5541098107565,-3.1128538729166597
2024-01-12 00:00:00,648.292945469386,-3.3354019291395955
2024-01-12 20:00:00,567.5119648028927,-8.848049666344973
2024-01-13 16:00:00,521.0571204380171,-10.430755147441726
2024-01-14 12:00:00,525.146297988673,-10.717678851753924
2024-01-15 08:00:00,527.4544022811469,-10.879630693006046
2024-01-16 04:00:00,523.8014909621528,-10.62331830886864
2024-01-17 00:00:00,515.2068081268071,-10.020258596748683
2024-01-17 20:00:00,526.1908371927194,-10.790970621067348
2024-01-18 16:00:00,549.2215874891165,-12.406960170621577
2024-01-19 12:00:00,567.424543054105,-13.684199756195243
2024-01-20 08:00:00,559.9047535535215,-13.156561659676452
2024-01-21 04:00:00,557.4225593937064,-12.982394523538751
2024-01-22 00:00:00,557.8981074415884,-13.015762115380031
2024-01-22 20:00:00,601.8291646834515,-16.09825523827342
2024-01-23 16:00:00,627.8268824625674,-17.922426822031305
2024-01-24 12:00:00,606.3388362213769,-16.4146835779246
2024-01-25 08:00:00,604.8339260348064,-16.309089139913773
2024-01-26 04:00:00,602.779665600182,-16.164948660264038
2024-01-27 00:00:00,554.0737845609046,-12.747422363970681
2024-01-27 20:00:00,545.9201293894895,-12.175308065560841
2024-01-28 16:00:00,514.3058357277064,-11.648254632728888
2024-01-29 12:00:00,508.1581390376539,-12.086084210781275
2024-01-30 08:00:00,547.1365532289142,-9.31010102570892
2024-01-31 04:00:00,533.3722567384905,-10.290373220064495
2024-02-01 00:00:00,519.0734671602198,-11.308711196601948
2024-02-01 20:00:00,534.814479173552,-10.187660338795894
2024-02-02 16:00:00,540.8111808333023,-9.760584396412009
2024-02-03 12:00:00,536.5273198862228,-10.06567443670786
2024-02-04 08:00:00,528.4644784623175,-10.63989770055948
2024-02-05 04:00:00,527.1122666569703,-10.736200162118894
2024-02-06 00:00:00,522.749829655287,-11.046886269131564
2024-02-06 20:00:00,537.2726196280253,-10.01259532628202
2024-02-07 16:00:00,541.5251087921098,-9.709739536503692
2024-02-08 12:00:00,583.9940003343371,-6.685169880298469
2024-02-09 08:00:00,641.1900382301194,-2.6117553316107984
2024-02-10 04:00:00,663.7516276996079,-1.0049533542782108
2024-02-11 00:00:00,673.2197490851415,-0.33064819574874266
2024-02-11 20:00:00,682.0777332705607,0.30020392234163196
2024-02-12 16:00:00,727.457750358168,3.5320994980662235
2024-02-13 12:00:00,735.5988746424438,4.111897947788693
2024-02-14 08:00:00,761.9277168194143,5.986997914838734
2024-02-15 04:00:00,802.4471599024583,8.87273082626761
2024-02-16 00:00:00,795.823315777045,8.400990754379027
2024-02-16 20:00:00,793.5926940478422,8.242129278328733
2024-02-17 16:00:00,767.5936953836676,6.390520262981712
2024-02-18 12:00:00,785.2677369791014,7.6492385381904295
2024-02-19 08:00:00,801.2304038330324,8.786075315540899
2024-02-20 04:00:00,792.127016074093,8.137745929383474
2024-02-21 00:00:00,803.4498841813581,8.94414331944479
2024-02-21 20:00:00,767.7898423259439,6.404489548927812
2024-02-22 16:00:00,783.0696598098282,7.49269483604149
2024-02-23 12:00:00,768.8473939265267,6.479806760299176
2024-02-24 08:00:00,768.8740746017837,6.481706917281375
2024-02-25 04:00:00,787.1295203624397,7.781831910025259
2024-02-26 00:00:00,788.9279737913212,7.909915019133128
2024-02-26 20:00:00,870.1190277646452,13.69221800104321
2024-02-27 16:00:00,946.1126275590036,19.10436622665158
2024-02-28 12:00:00,1013.9633439036846,23.93659071746169
2024-02-29 08:00:00,1114.5606310045314,31.10097601250178
2024-03-01 04:00:00,1077.5832674575674,28.46750460109439
2024-03-02 00:00:00,1100.332208042324,30.0876494389943
2024-03-02 20:00:00,1087.8189713466568,29.19647581434253
2024-03-03 16:00:00,1116.3159848810742,31.225989637253775
2024-03-04 12:00:00,1183.1217569772168,35.98379479306871
2024-03-05 08:00:00,1234.2269778642649,39.6234306478199
2024-03-06 04:00:00,1168.0011439621758,34.90692780531033
2024-03-07 00:00:00,1214.6287025137362,38.22767138058722
2024-03-07 20:00:00,1253.8979653847246,41.024368364850176
2024-03-08 16:00:00,1261.9001156022753,41.594269293588454
2024-03-09 12:00:00,1281.3852179786347,42.9819685542812
2024-03-10 08:00:00,1315.4007333778068,45.40450165981846
2024-03-11 04:00:00,1283.289221331611,43.11756876793403
2024-03-12 00:00:00,1384.3869909892073,50.31759766702486
2024-03-12 20:00:00,1356.5147743665848,48.332580926850646
2024-03-13 16:00:00,1413.9304147433304,52.421635229161026
2024-03-14 12:00:00,1409.0639768540948,52.07505494794613
2024-03-15 08:00:00,1240.0764960187491,40.04002440553275
2024-03-16 04:00:00,1297.0954445974392,44.10082692326163
2024-03-17 00:00:00,1185.9613431296002,36.18602578617429
2024-03-17 20:00:00,1275.3418984357427,42.55157255738996
2024-03-18 16:00:00,1241.773211048573,40.1608618610931
2024-03-19 12:00:00,1139.1514177647418,32.85229432471135
2024-03-20 08:00:00,1111.611976597251,30.890977344699742
2024-03-21 04:00:00,1229.9240592920016,39.31698335253677
2024-03-22 00:00:00,1202.774566455194,37.38343789764961
2024-03-22 20:00:00,1135.5644795109217,32.596838055258246
2024-03-23 16:00:00,1198.885051752302,37.10643259516757
2024-03-24 12:00:00,1198.4578677539519,37.07600920260642
2024-03-25 08:00:00,1236.3356307922909,39.773605691951566
2024-03-26 04:00:00,1343.708050243087,47.42050557539467
2024-03-27 00:00:00,1344.2698103946582,47.46051327625068
2024-03-27 20:00:00,1294.0171983389093,43.88159892154607
2024-03-28 16:00:00,1346.2330389828203,47.60033142078704
2024-03-29 12:00:00,1330.4902678040867,46.479155277905235
2024-03-30 08:00:00,1325.0954939059102,46.09494771227361
2024-03-31 04:00:00,1329.4934074098587,46.40816040164724
2024-04-01 00:00:00,1359.893251520317,48.57319091482745
2024-04-01 20:00:00,1318.1775759641998,45.602264151888924
2024-04-02 16:00:00,1232.4853389168347,36.861228821079955
2024-04-03 12:00:00,1218.3545781779549,37.60475398396101
2024-04-04 08:00:00,1205.6548307850767,38.27298281631662
2024-04-05 04:00:00,1059.4002113038152,41.254725857461516
2024-04-06 00:00:00,1068.214520055211,41.78213426467477
2024-04-06 20:00:00,1085.2942062227442,42.80410550840893
2024-04-07 16:00:00,1144.060917511644,46.320439967776686
2024-04-08 12:00:00,1217.5549016616728,50.717987888274116
2024-04-09 08:00:00,1158.9274297896627,47.20998488644367
2024-04-10 04:00:00,1111.269162406632,44.35832951561867
2024-04-11 00:00:00,1011.8940398436655,47.25174657836016
2024-04-11 20:00:00,1011.2550097436892,47.20917053345132
2024-04-12 16:00:00,959.2588322905866,43.74487114221148
2024-04-13 12:00:00,818.9087348635677,40.976384180838146
2024-04-14 08:00:00,906.4712357280056,34.745497985207166
2024-04-15 04:00:00,895.4535172812222,35.52951110840123
2024-04-16 00:00:00,943.9118767853583,32.081248206857346
2024-04-16 20:00:00,950.8082578260885,31.590506565146757
2024-04-17 16:00:00,1033.6977577513028,25.692147841400782
2024-04-18 12:00:00,973.8947898131748,29.94768512853622
2024-04-19 08:00:00,903.2918344610364,34.9717419511647
2024-04-20 04:00:00,918.1383325784625,33.91527554990751
2024-04-21 00:00:00,899.7424078135731,35.224316663875605
2024-04-21 20:00:00,903.0820262556018,34.98667175602486
2024-04-22 16:00:00,858.8151358513633,38.13667265390123
2024-04-23 12:00:00,859.3967300655884,38.095286817212006
2024-04-24 08:00:00,847.6862043837968,38.928599617713466
2024-04-25 04:00:00,912.125200066904,34.34316584528377
2024-04-26 00:00:00,913.0336842683379,34.278518746197086
2024-04-26 20:00:00,923.029357988508,33.56723360947556
2024-04-27 16:00:00,958.722868898788,31.0273083879611
2024-04-28 12:00:00,934.0731924217023,32.7813620909912
2024-04-29 08:00:00,969.0518882432567,30.292302610231044
2024-04-30 04:00:00,939.5326073337429,32.39287395193814
2024-05-01 00:00:00,1032.3590933692153,25.787406260662284
2024-05-01 20:00:00,1116.8360931425427,19.77608216028222
2024-05-02 16:00:00,1068.2474471444023,23.23361615743155
2024-05-03 12:00:00,1020.6089535507336,26.6235379753681
2024-05-04 08:00:00,932.7978422821035,31.885406752615005
2024-05-05 04:00:00,938.8448515619021,32.27013633939559
2024-05-06 00:00:00,967.4904452639048,34.09265833632278
2024-05-06 20:00:00,937.6331523347101,32.19304425611776
2024-05-07 16:00:00,948.323148875367,32.87317517066961
2024-05-08 12:00:00,902.5165202625695,29.958814619431962
2024-05-09 08:00:00,872.0504239567653,28.020466569974435
2024-05-10 04:00:00,788.7556922342794,31.403142734363463
2024-05-11 00:00:00,856.3261535715264,26.9137608533417
2024-05-11 20:00:00,848.8905742934895,27.407780787867726
2024-05-12 16:00:00,838.5133228381662,28.097245440562872
2024-05-13 12:00:00,791.4569392816917,31.223671863352397
2024-05-14 08:00:00,822.3520398923743,29.171001182273493
2024-05-15 04:00:00,821.1263431518381,29.252436481510635
2024-05-16 00:00:00,894.3392375417106,37.98877362197901
2024-05-16 20:00:00,871.1595291013815,36.29742509936149
2024-05-17 16:00:00,918.5517307692149,39.755481117659826
2024-05-18 12:00:00,919.0671215704624,39.793087521230596
2024-05-19 08:00:00,925.1341956277881,40.235782336391274
2024-05-20 04:00:00,924.344940863857,40.17819296323843
2024-05-21 00:00:00,1043.9605353239176,48.906156884477575
2024-05-21 20:00:00,998.5938395368322,45.595895493871666
2024-05-22 16:00:00,1012.9844321089173,46.645930594573755
2024-05-23 12:00:00,990.052260061191,44.972644003710116
2024-05-24 08:00:00,925.9967097171607,40.29871720610941
2024-05-25 04:00:00,971.6183822970888,43.62758343046406
2024-05-26 00:00:00,982.2532897633602,44.40357830881017
2024-05-26 20:00:00,969.8003491153431,43.49492741609135
2024-05-27 16:00:00,1011.019594107049,46.50256270622447
2024-05-28 12:00:00,955.1424744730949,42.425389605264314
2024-05-29 08:00:00,945.5208922856784,41.723333802456345
2024-05-30 04:00:00,953.8366842309563,42.330110305156865
2024-05-31 00:00:00,962.3359106590771,42.9502714301166
2024-05-31 20:00:00,940.8457454117315,41.38220342203653
2024-06-01 16:00:00,940.5873345880079,41.36334801813627
2024-06-02 12:00:00,947.3117393896239,41.85400613646304
2024-06-03 08:00:00,981.8683921355547,44.37549357099635
2024-06-04 04:00:00,979.5409777066017,44.205669650817974
2024-06-05 00:00:00,1028.6127066440192,47.786275354045195
2024-06-05 20:00:00,1040.63238706267,48.663312645983204
2024-06-06 16:00:00,1033.5620036498892,48.147409584892955
2024-06-07 12:00:00,1041.721833359365,48.74280602654621
2024-06-08 08:00:00,990.2780475915544,44.98911899117115
2024-06-09 04:00:00,986.5011859619806,44.7135335862143
2024-06-10 00:00:00,993.8142408902846,45.247143604677156
2024-06-10 20:00:00,995.8895402187939,45.3985714995663
2024-06-11 16:00:00,891.606182906938,38.83146192231573
2024-06-12 12:00:00,805.5980670120299,44.78630333437875
2024-06-13 08:00:00,726.1397617727838,41.082605044227705
2024-06-14 04:00:00,692.4216418206431,39.311554332587605
2024-06-15 00:00:00,705.1957065334245,38.20117358706622
2024-06-15 20:00:00,708.5011041761621,37.913853146680836
2024-06-16 16:00:00,695.4291693269713,39.05012614119044
2024-06-17 12:00:00,718.6625595312098,37.0305724818013
2024-06-18 08:00:00,716.1998461130886,37.244642914565176
2024-06-19 04:00:00,723.453704588216,36.61410400916418
2024-06-20 00:00:00,731.3220403286141,35.93015189980203
2024-06-20 20:00:00,731.2744771939296,35.93428630730175
2024-06-21 16:00:00,765.9307066937689,32.921806660906356
2024-06-22 12:00:00,750.5435521875501,34.25932924876144
2024-06-23 08:00:00,748.1992661704365,34.46310542446792
2024-06-24 04:00:00,785.5401703835929,31.217261443643235
2024-06-25 00:00:00,843.9577889262418,26.139332038442475
2024-06-25 20:00:00,807.5671865353727,29.30257139265639
2024-06-26 16:00:00,823.1813469116778,27.94531640537073
2024-06-27 12:00:00,821.5509883505399,28.08703470688929
2024-06-28 08:00:00,818.2280548046101,28.37587944902963
2024-06-29 04:00:00,835.2032895300251,26.900313588544613
2024-06-30 00:00:00,829.173821446252,27.42442282209646
2024-06-30 20:00:00,805.9817487125479,29.440384975980766
2024-07-01 16:00:00,778.8534662569031,31.798500671736818
2024-07-02 12:00:00,784.6398338745099,31.2955228542947
2024-07-03 08:00:00,841.8323413722488,26.324085763480987
2024-07-04 04:00:00,878.5671759449523,23.130924157008927
2024-07-05 00:00:00,916.8187460348252,19.80592088915655
2024-07-05 20:00:00,941.4384334626275,17.665863867742377
2024-07-06 16:00:00,905.3692425576584,20.80116465006416
2024-07-07 12:00:00,917.6571063381068,19.73304673676227
2024-07-08 08:00:00,906.8254431761378,20.674584961865325
2024-07-09 04:00:00,918.9804664844615,19.618014156378326
2024-07-10 00:00:00,914.1672213850765,20.036403666843615
2024-07-10 20:00:00,916.020261894966,19.875328821121744
2024-07-11 16:00:00,910.4565762261105,20.358950094360537
2024-07-12 12:00:00,916.6671685702488,19.81909670295618
2024-07-13 08:00:00,903.0316826403995,21.004356162083802
2024-07-14 04:00:00,854.986430726804,25.180671519653675
2024-07-15 00:00:00,821.185409287999,27.81581339873771
2024-07-15 20:00:00,897.09374013057,33.076471086919035
2024-07-16 16:00:00,920.2527756905846,34.68145643065325
2024-07-17 12:00:00,927.2043429839947,35.163219308601775
2024-07-18 08:00:00,933.4165228754441,35.593740590568814
2024-07-19 04:00:00,909.4638661187045,33.933755098580576
2024-07-20 00:00:00,978.0985411867347,38.69032828448398
2024-07-20 20:00:00,1005.7999583571622,40.61011326188463
2024-07-21 16:00:00,1012.2694474748847,41.058466786299995
2024-07-22 12:00:00,1016.5813354575474,41.35729257280839
2024-07-23 08:00:00,992.202943411904,39.66780244548116
2024-07-24 04:00:00,961.2294206239994,37.52125148097401
2024-07-25 00:00:00,950.8285839835473,36.800444678495545
2024-07-25 20:00:00,944.2967260018453,36.347768818966806
2024-07-26 16:00:00,1007.5089254899735,40.72854942015978
2024-07-27 12:00:00,1037.7593310143473,42.82498635436717
2024-07-28 08:00:00,1007.0268473142862,40.69514006662661
2024-07-29 04:00:00,1066.9250606434246,44.84625224312488
2024-07-30 00:00:00,983.8268351093383,39.08731492784205
2024-07-30 20:00:00,971.0520647524863,38.20198794005859
2024-07-31 16:00:00,976.3546233861863,38.56946994807769
2024-08-01 12:00:00,931.8220493093587,35.48323915375777
2024-08-02 08:00:00,819.9611350868187,34.88610960188997
2024-08-03 04:00:00,913.6749876314929,28.555538247654365
2024-08-04 00:00:00,938.9985863653058,26.844874942525472
2024-08-04 20:00:00,988.1157037141355,23.526908519761
2024-08-05 16:00:00,1146.3442253162434,12.838233163043075
2024-08-06 12:00:00,1123.6897663452194,14.368590363322548
2024-08-07 08:00:00,1044.0640878559736,19.747475401319434
2024-08-08 04:00:00,1062.0745218361305,18.53083203071656
2024-08-09 00:00:00,924.563285042522,27.8200104487753
2024-08-09 20:00:00,939.0307335031553,26.842703334545803
2024-08-10 16:00:00,941.2986522570153,26.6895005677502
2024-08-11 12:00:00,946.8780353164641,26.312601298203948
2024-08-12 08:00:00,1014.0983187738619,21.771727251049157
2024-08-13 04:00:00,986.1995488340509,23.65634888385612
2024-08-14 00:00:00,937.7667945929014,26.92808511366906
2024-08-14 20:00:00,988.3889543858556,23.50844985193393
2024-08-15 16:00:00,976.3693250082016,24.320401547020126
2024-08-16 12:00:00,1027.9865005390154,20.833550842145403
2024-08-17 08:00:00,984.3730350114313,23.7797338026234
2024-08-18 04:00:00,978.9043122918878,24.149157729316606
2024-08-19 00:00:00,1013.2142724830022,21.83144647048973
2024-08-19 20:00:00,990.5264299457498,23.364058802132707
2024-08-20 16:00:00,999.1461903887291,22.78177553174118
2024-08-21 12:00:00,977.3309571798329,24.255441235244017
2024-08-22 08:00:00,933.4405316953921,27.22033343370059
2024-08-23 04:00:00,940.2192502823009,26.76241648183637
2024-08-24 00:00:00,898.9607736505336,33.55760753948881
2024-08-24 20:00:00,904.168247045588,33.91095321479417
2024-08-25 16:00:00,901.1829202872011,33.70838812815325
2024-08-26 12:00:00,888.8430978271913,32.871087086073764
2024-08-27 08:00:00,863.620610272207,31.159651189644432
2024-08-28 04:00:00,822.2158840122912,23.876307715180246
2024-08-29 00:00:00,825.7362805200781,23.626781605979275
2024-08-29 20:00:00,816.2158910688527,24.30158790481175
2024-08-30 16:00:00,845.0239290688492,22.259670859401332
2024-08-31 12:00:00,826.1360443745607,23.598446298013954
2024-09-01 08:00:00,854.3660892408102,21.59749747237358
2024-09-02 04:00:00,877.1817937374685,19.98031771459976
2024-09-03 00:00:00,824.1996789983532,23.73569609849746
2024-09-03 20:00:00,854.5425509569748,21.58498984564463
2024-09-04 16:00:00,849.2967182695972,21.956815069623005
2024-09-05 12:00:00,900.6759478707321,18.315049368584102
2024-09-06 08:00:00,926.5704526939913,16.4796438897007
2024-09-07 04:00:00,977.3118866098246,12.88308522016136
2024-09-08 00:00:00,975.0461653092898,13.043679806426198
2024-09-08 20:00:00,967.9311346435103,13.547993998009622
2024-09-09 16:00:00,907.5072846589387,17.83084343165845
2024-09-10 12:00:00,884.7328233012835,19.44509987099814
2024-09-11 08:00:00,908.4532255113658,17.763795035286545
2024-09-12 04:00:00,855.8982718547849,21.48889619254479
2024-09-13 00:00:00,860.3419254885472,21.1739295121107
2024-09-13 20:00:00,807.0976222229099,24.9478918489112
2024-09-14 16:00:00,802.8710842566157,25.247469345874084
2024-09-15 12:00:00,799.2652555323222,25.50305090040296
2024-09-16 08:00:00,834.0099487980021,23.040343047242065
2024-09-17 04:00:00,854.0119874330811,21.622596249215395
2024-09-18 00:00:00,793.781591701521,25.78621605244267
2024-09-18 20:00:00,793.4850242910976,25.765356087330378
2024-09-19 16:00:00,892.2490967047439,32.712225610023474
2024-09-20 12:00:00,888.1087306655269,32.421000451443874
2024-09-21 08:00:00,876.5473514874025,31.607795905600213
2024-09-22 04:00:00,878.0913425801082,31.716397185429024
2024-09-23 00:00:00,892.8713242245115,32.75599186315195
2024-09-23 20:00:00,884.8595511789543,32.19245959243094
2024-09-24 16:00:00,883.4939755153423,32.09640770102304
2024-09-25 12:00:00,893.528284864419,32.80220117525755
2024-09-26 08:00:00,896.7786518080903,33.030825557654325
2024-09-27 04:00:00,944.1124729516329,36.36019292231197
2024-09-28 00:00:00,961.7800533960267,37.60289558867071
2024-09-28 20:00:00,954.2661217391384,37.07438049662171
2024-09-29 16:00:00,957.7988066080482,37.32286256352479
2024-09-30 12:00:00,906.8275075066273,33.73764219334075
2024-10-01 08:00:00,904.096356179403,33.545538410524955
2024-10-02 04:00:00,790.103680672631,28.408411807032586
2024-10-03 00:00:00,805.312671900495,27.34812421096503
2024-10-03 20:00:00,811.722984048645,26.90123234576676
2024-10-04 16:00:00,767.6933468142666,29.970737582474122
2024-10-05 12:00:00,765.9552362920857,30.09190913156979
2024-10-06 08:00:00,775.3068280073242,29.439967359061587
2024-10-07 04:00:00,719.2689025558502,32.5237550944044
2024-10-08 00:00:00,695.6013478201638,30.615913960891856
2024-10-08 20:00:00,691.6391409508324,30.296520541114575
2024-10-09 16:00:00,676.4594021465907,29.072882087115726
2024-10-10 12:00:00,657.9362012393698,27.293813130627647
2024-10-11 08:00:00,665.1872288132755,26.682818697043555
2024-10-12 04:00:00,594.0677807742234,30.679809349524074
2024-10-13 00:00:00,607.6324850107487,31.94654586958075
2024-10-13 20:00:00,598.0776026002121,31.054265560093203
2024-10-14 16:00:00,663.8402010275755,37.1954894031795
2024-10-15 12:00:00,666.0319298815506,37.40016345526214
2024-10-16 08:00:00,695.721783886827,40.17274306244335
2024-10-17 04:00:00,698.6326108834656,40.44456991512771
2024-10-18 00:00:00,697.6134413143551,40.349395019250046
2024-10-18 20:00:00,724.8385506596259,42.891805061433544
2024-10-19 16:00:00,716.1181440788216,42.07745206906215
2024-10-20 12:00:00,721.1795574983879,42.55011089817288
2024-10-21 08:00:00,721.9196740569129,42.61922649829467
2024-10-22 04:00:00,703.8500972208112,40.93180357471729
2024-10-23 00:00:00,696.8243563188768,40.27570651386342
2024-10-23 20:00:00,685.4178409110161,39.210511918995685
2024-10-24 16:00:00,705.6567865842189,41.10052081005988
2024-10-25 12:00:00,716.5631084146114,42.11900495251903
2024-10-26 08:00:00,695.8297827683275,40.182828511041144
2024-10-27 04:00:00,696.3966091960798,40.2357614555453
2024-10-28 00:00:00,712.0466086062612,41.69723274500854
2024-10-28 20:00:00,751.95141272019,45.42373291894597
2024-10-29 16:00:00,821.1529817427527,51.88610417287003
2024-10-30 12:00:00,801.537209739824,50.05429019949141
2024-10-31 08:00:00,810.7915735235761,50.9185066520111
2024-11-01 04:00:00,750.7761702333001,45.313983192589475
2024-11-02 00:00:00,752.4305878817968,45.4684805718345
2024-11-02 20:00:00,749.6134493558596,45.20540279360662
2024-11-03 16:00:00,718.5779695351147,42.30716225544873
2024-11-04 12:00:00,737.0515918761264,44.03231686767266
2024-11-05 08:00:00,738.3889444853519,44.15720520734889
2024-11-06 04:00:00,855.1766542185197,55.06339633641384
2024-11-07 00:00:00,879.5045761774446,57.335253257516364
2024-11-07 20:00:00,903.7070584417073,59.595396024036354
2024-11-08 16:00:00,892.2547049992554,58.52592085574718
2024-11-09 12:00:00,900.3260002902118,59.279656752301825
2024-11-10 08:00:00,964.0482471778355,65.23034287601914
2024-11-11 04:00:00,1015.6978737549261,70.05363036475914
2024-11-12 00:00:00,1184.2602025595097,85.79478137545473
2024-11-12 20:00:00,1195.3179017041382,86.82740185062762
2024-11-13 16:00:00,1257.543592662395,92.63833247234645
2024-11-14 12:00:00,1234.8966967720462,90.52345775115795
2024-11-15 08:00:00,1164.2343478471148,83.92467193058873
2024-11-16 04:00:00,1235.489684419541,90.5788337546392
2024-11-17 00:00:00,1225.1662882290498,89.6147859775932
2024-11-17 20:00:00,1198.9603484528895,87.16755083128734
2024-11-18 16:00:00,1238.4731814710196,90.85744688226002
2024-11-19 12:00:00,1262.283692639484,93.0809855258152
2024-11-20 08:00:00,1278.651448591316,94.60948433080438
2024-11-21 04:00:00,1376.0118812638013,103.70146403963354
2024-11-22 00:00:00,1385.7015945760875,104.60633549923388
2024-11-22 20:00:00,1412.0063656268303,107.06279997945325
2024-11-23 16:00:00,1379.469410673006,104.02434456068579
2024-11-24 12:00:00,1361.383287424418,102.33537645450753
2024-11-25 08:00:00,1390.848870460449,105.08701257319257
2024-11-26 04:00:00,1303.460334513198,96.92625595156315
2024-11-27 00:00:00,1250.4628461189504,91.97709872338682
2024-11-27 20:00:00,1352.0537939839699,101.46414403774588
2024-11-28 16:00:00,1318.2733984917904,98.30957023460465
2024-11-29 12:00:00,1362.03351671511,102.3960979545541
2024-11-30 08:00:00,1362.5795483271693,102.44708898038412
2024-12-01 04:00:00,1352.7865317369265,101.53257056995105
2024-12-02 00:00:00,1373.3852500816295,103.45617674216203
2024-12-02 20:00:00,1333.8060078133838,99.76007907993981
2024-12-03 16:00:00,1321.4038008541304,98.60190207802002
2024-12-04 12:00:00,1340.5435280978143,100.38926073035353
2024-12-05 08:00:00,1492.5026499728838,114.57992540526587
2024-12-06 04:00:00,1383.2404275187819,104.37650002777153
2024-12-07 00:00:00,1436.7817115234013,109.37643947331821
2024-12-07 20:00:00,1437.710993824679,109.46322026912073
2024-12-08 16:00:00,1426.9645461149346,108.4596659315217
2024-12-09 12:00:00,1399.419017727861,105.88733363708005
2024-12-10 08:00:00,1372.2442184205565,103.34962178523716
2024-12-11 04:00:00,1375.8495475412974,103.68630454546783
2024-12-12 00:00:00,1447.971781967923,110.42142140929843
2024-12-12 20:00:00,1431.32586740618,108.86694683193716
2024-12-13 16:00:00,1452.7914836050827,110.87150804392824
2024-12-14 12:00:00,1459.721970835135,111.51870986440397
2024-12-15 08:00:00,1475.758351336896,113.01626325568301
2024-12-16 04:00:00,1535.4819564069678,118.59353721112915
2024-12-17 00:00:00,1561.6512257554555,121.0373478986978
2024-12-17 20:00:00,1581.249109744885,122.86749140439974
2024-12-18 16:00:00,1524.6031373973306,117.57762141272285
2024-12-19 12:00:00,1475.1512768787707,112.95957175890643
2024-12-20 08:00:00,1378.573823444353,99.35724579971345
2024-12-21 04:00:00,1314.9585765728687,103.77199953728045
2024-12-22 00:00:00,1325.0379762443752,103.07251207852532
2024-12-22 20:00:00,1375.0007952614478,99.60520584546757
2024-12-23 16:00:00,1423.5001019348033,96.2394640471506
2024-12-24 12:00:00,1413.7601023298498,96.91539791166484
2024-12-25 08:00:00,1300.4645689435029,104.7778507679349
2024-12-26 04:00:00,1293.5354518046297,105.25871576950718
2024-12-27 00:00:00,1368.920780062125,100.02714509974571
2024-12-27 20:00:00,1405.220941080937,97.50799631995967
2024-12-28 16:00:00,1396.5924165166284,98.10679633950417
2024-12-29 12:00:00,1395.5994907900103,98.17570313116637
2024-12-30 08:00:00,1427.3965831953185,95.96905709199142
2024-12-31 04:00:00,1469.614280658189,93.0392447147447
2025-01-01 00:00:00,1410.84691842527,97.1175662622325
2025-01-01 20:00:00,1399.2600769688079,97.92166675923843
2025-01-02 16:00:00,1324.149388960144,103.02392234998055
2025-01-03 12:00:00,1307.6496899707265,101.8481636757639
2025-01-04 08:00:00,1343.967605585691,104.43615660467422
2025-01-05 04:00:00,1357.1944989699932,105.37869711038326
2025-01-06 00:00:00,1353.08539761799,105.08588500751081
2025-01-06 20:00:00,1467.662896380991,113.25060898987238
2025-01-07 16:00:00,1338.9132028743804,104.07598289274054
2025-01-08 12:00:00,1336.3899564143442,98.13419200940139
2025-01-09 08:00:00,1390.2540667752335,94.25632658311264
2025-01-10 04:00:00,1366.85322380089,95.94103499671544
2025-01-11 00:00:00,1344.7233271827786,97.53424354332921
2025-01-11 20:00:00,1345.1462025336202,97.50379926992211
2025-01-12 16:00:00,1331.7856037431443,98.46567543898844
2025-01-13 12:00:00,1456.9300240995813,89.45609154831057
2025-01-14 08:00:00,1318.9734667417233,99.38806592834779
2025-01-15 04:00:00,1271.3638000097671,102.94033632360969
2025-01-16 00:00:00,1346.958093905243,108.5354634023501
2025-01-16 20:00:00,1360.350969254089,109.52673980252573
2025-01-17 16:00:00,1490.9372167468618,119.19210754136806
2025-01-18 12:00:00,1448.1834392208673,116.02767797893456
2025-01-19 08:00:00,1475.5740458313503,118.05499931302019
2025-01-20 04:00:00,1413.6242744275407,113.46977434905008
2025-01-21 00:00:00,1384.1547577324704,111.28858206109817
2025-01-21 20:00:00,1523.7952242854637,121.62409967012438
2025-01-22 16:00:00,1455.1601587746547,116.54406129948187
2025-01-23 12:00:00,1396.7887420340178,112.22368898564609
2025-01-24 08:00:00,1505.8315114837078,120.2945118037334
2025-01-25 04:00:00,1481.7738189374575,118.51387678379848
2025-01-26 00:00:00,1480.4185354462973,118.41356519981507
2025-01-26 20:00:00,1490.2934288769977,119.1444574508914
2025-01-27 16:00:00,1343.424313511764,108.2739099258772
2025-01-28 12:00:00,1423.9962556000032,114.23745865070482
2025-01-29 08:00:00,1427.7213103912773,114.51316934073739
2025-01-30 04:00:00,1505.1894163076295,120.24698699833245
2025-01-31 00:00:00,1488.8405333775231,119.03692109420643
2025-01-31 20:00:00,1398.0424638980303,112.31648346508452
2025-02-01 16:00:00,1404.0317787434374,112.75978382477798
2025-02-02 12:00:00,1357.8955661401358,105.00396944881668
2025-02-03 08:00:00,1439.6123444392351,99.0779853658679
2025-02-04 04:00:00,1303.9037531294919,108.91937863613835
2025-02-05 00:00:00,1355.1310742851338,105.2044464508617
2025-02-05 20:00:00,1382.5030276983434,103.21947147237947
2025-02-06 16:00:00,1403.7076390594445,101.68174333347675
2025-02-07 12:00:00,1364.0695307641288,104.55624234978005
2025-02-08 08:00:00,1423.6651913408652,100.23445013841912
2025-02-09 04:00:00,1385.4630293928985,103.00481637592868
2025-02-10 00:00:00,1399.935076588427,101.95532417722157
2025-02-10 20:00:00,1382.256552849069,103.23734547651968
2025-02-11 16:00:00,1410.097269176553,101.2183764808174
2025-02-12 12:00:00,1421.098800766588,100.42056111844492
2025-02-13 08:00:00,1422.2318364346886,100.33839498959924
2025-02-14 04:00:00,1399.013099406913,102.02218464597989
2025-02-15 00:00:00,1378.2562314927993,103.52744306941754
2025-02-15 20:00:00,1376.2832809469733,103.67051862592338
2025-02-16 16:00:00,1390.2989465582732,102.65412256806007
2025-02-17 12:00:00,1407.4277968312008,101.41196280369623
2025-02-18 08:00:00,1442.523684627333,98.86685913238415
2025-02-19 04:00:00,1443.2446811490415,98.81457349410469
2025-02-20 00:00:00,1396.0191210392102,102.23930368225366
2025-02-20 20:00:00,1349.9597094569028,105.57946644427172
2025-02-21 16:00:00,1292.48410106325,105.08291992738475
2025-02-22 12:00:00,1236.7082071751906,102.17657762099508
2025-02-23 08:00:00,1249.5100548873377,101.21685217906247
2025-02-24 04:00:00,1279.210386144499,98.99028581284331
2025-02-25 00:00:00,1375.04486993907,91.80579226314542
2025-02-25 20:00:00,1477.9972167135788,84.08768869498473
2025-02-26 16:00:00,1515.7392987027602,81.25825054425924
2025-02-27 12:00:00,1528.9806685351318,80.26557512740449
2025-02-28 08:00:00,1733.8291720461957,64.90854815895672
2025-03-01 04:00:00,1532.8962591347001,79.97203219492353
2025-03-02 00:00:00,1537.4471792375846,79.63086005281183
2025-03-02 20:00:00,1306.172199349664,96.96901992408561
2025-03-03 16:00:00,1422.4867984661635,88.24917865192424
2025-03-04 12:00:00,1600.4757096960934,74.90575430176747
2025-03-05 08:00:00,1489.1671505458803,83.25030412952138
2025-03-06 04:00:00,1363.0635749304604,92.7040027328851
2025-03-07 00:00:00,1551.3013175518915,78.59224677484895
2025-03-07 20:00:00,1510.6775525108442,81.63771815785836
2025-03-08 16:00:00,1534.0638616239157,79.88449968866657
2025-03-09 12:00:00,1577.1832655732094,76.65193592587134
2025-03-10 08:00:00,1667.6927912597603,69.86664238920312
2025-03-11 04:00:00,1711.994559848062,66.54543943531512
2025-03-12 00:00:00,1628.2789654394076,72.82140737736992
2025-03-12 20:00:00,1618.2677211002215,73.57192762364697
2025-03-13 16:00:00,1680.8979520454723,68.8766814823229
2025-03-14 12:00:00,1610.0254279559315,74.18983361724322
2025-03-15 08:00:00,1596.920816907483,75.17225653873251
2025-03-16 04:00:00,1582.5037671831797,76.25307000637702
2025-03-17 00:00:00,1620.2185531218013,73.42567817855546
2025-03-17 20:00:00,1595.1660708001216,75.30380586826944
2025-03-18 16:00:00,1653.7369890836778,70.91287717594074
2025-03-19 12:00:00,1600.892949326066,74.87447479452204
2025-03-20 08:00:00,1531.4746362566093,80.0786080326944
2025-03-21 04:00:00,1575.435482744052,76.7829632342593
2025-03-22 00:00:00,1588.1504287442158,75.8297526162656
2025-03-22 20:00:00,1595.4354104010451,75.2836140902278
2025-03-23 16:00:00,1559.0784637121667,78.00921179400294
2025-03-24 12:00:00,1495.5108925402822,82.34846039258498
2025-03-25 08:00:00,1473.0775026272115,81.06781722912008
2025-03-26 04:00:00,1495.4626101468994,82.34570412091846
2025-03-27 00:00:00,1493.9450067367266,82.2590694910377
2025-03-27 20:00:00,1494.7599550129053,82.3055920158327
2025-03-28 16:00:00,1468.680407450049,74.97048492423801
2025-03-29 12:00:00,1516.1430080513624,72.18909360006246
2025-03-30 08:00:00,1483.5260324844187,74.10050535823387
2025-03-31 04:00:00,1538.116770778046,70.90139271066369
2025-04-01 00:00:00,1509.429980602065,72.58248873791574
2025-04-01 20:00:00,1417.4935731491569,77.9701228503691
2025-04-02 16:00:00,1352.1484508600574,81.79946119065087
2025-04-03 12:00:00,1534.4449157958268,71.1165698282634
2025-04-04 08:00:00,1446.543807486405,76.26772836023972
2025-04-05 04:00:00,1472.8486131348618,74.72622078821853
2025-04-06 00:00:00,1478.2122650560016,74.41190141400914
2025-04-06 20:00:00,1644.2289257916145,64.6830350226077
2025-04-07 16:00:00,1695.3241864165798,61.68876347388787
2025-04-08 12:00:00,1609.6660986906682,66.70847708055706
2025-04-09 08:00:00,1699.944203078341,61.41802242519333
2025-04-10 04:00:00,1531.9435648035728,71.26315336689022
2025-04-11 00:00:00,1637.9759046287847,65.04947298832884
2025-04-11 20:00:00,1466.7823025019381,75.08171719065759
2025-04-12 16:00:00,1412.902410029587,76.77555053394411
2025-04-13 12:00:00,1405.708809483926,76.35701485755713
2025-04-14 08:00:00,1416.6345120089481,76.99269045106384
2025-04-15 04:00:00,1442.7358979840446,78.51131261591479
2025-04-16 00:00:00,1358.595822154496,73.61590268523501
2025-04-16 20:00:00,1399.867508222642,76.01715820874082
2025-04-17 16:00:00,1422.7650789876445,77.3493770617225
2025-04-18 12:00:00,1412.4146778832314,76.74717346428687
2025-04-19 08:00:00,1436.3178597402784,78.13790044764359
2025-04-20 04:00:00,1431.7778953168793,77.87375774627185
2025-04-21 00:00:00,1483.477861721049,80.88174801078618
2025-04-21 20:00:00,1510.1161478366514,82.43160792119068
2025-04-22 16:00:00,1628.7359076226603,89.33310336561652
2025-04-23 12:00:00,1738.4953795284407,95.71909248502529
2025-04-24 08:00:00,1676.9941144362847,92.14084631739135
2025-04-25 04:00:00,1714.3485110434503,94.31418740726295
2025-04-26 00:00:00,1779.7423021542777,98.11890723015998
2025-04-26 20:00:00,1751.257524579514,96.46161536730037
2025-04-27 16:00:00,1743.8938099519014,96.03318216992916
2025-04-28 12:00:00,1796.6101541621633,99.10030699019727
2025-04-29 08:00:00,1785.1008957357615,98.43067914116244
2025-04-30 04:00:00,1785.9891496446871,98.48235923490911
2025-05-01 00:00:00,1762.6871093219634,97.12660766853244
2025-05-01 20:00:00,1834.5524133563267,101.30785090574844
2025-05-02 16:00:00,1868.3164697190912,103.2723000126538
2025-05-03 12:00:00,1824.2350301749927,100.70756834614095
2025-05-04 08:00:00,1807.2541276696074,99.7195911196268
2025-05-05 04:00:00,1762.837484428162,97.13535674298896
2025-05-06 00:00:00,1769.6287687589113,97.53048499105674
2025-05-06 20:00:00,1772.6197619213306,97.70450596127272
2025-05-07 16:00:00,1850.6755676425882,102.24592291042242
2025-05-08 12:00:00,1937.915380446437,107.32168070764352
2025-05-09 08:00:00,2069.9971216966114,115.00641668396297
2025-05-10 04:00:00,2076.6089607932345,115.39110450905159
2025-05-11 00:00:00,2122.406973446986,118.05570926178275
2025-05-11 20:00:00,2116.710305044408,117.72426759388762
2025-05-12 16:00:00,2065.9707295332823,114.77215447315743
2025-05-13 12:00:00,2095.6315911725105,116.49787286822222
2025-05-14 08:00:00,2078.3144082983717,115.49033028904523
2025-05-15 04:00:00,2067.2519685049447,114.84669909322838
2025-05-16 00:00:00,2098.584900835763,116.66970134961258
2025-05-16 20:00:00,2095.9890460788906,116.51867019079658
2025-05-17 16:00:00,2068.922962525131,114.94392031200992
2025-05-18 12:00:00,2104.8597417826963,117.03478206034647
2025-05-19 08:00:00,2079.531046985749,115.56111635684366
2025-05-20 04:00:00,2186.698970820277,121.79632488758796
2025-05-21 00:00:00,2205.3451250983544,122.88118923934836
2025-05-21 20:00:00,2259.126656218392,126.01028841042053
2025-05-22 16:00:00,2367.3059333924557,132.30433916507522
2025-05-23 12:00:00,2265.3957549178335,126.37503502761909
2025-05-24 08:00:00,2259.598238293676,126.03772584200964
2025-05-25 04:00:00,2259.382186231788,126.02515557274285
2025-05-26 00:00:00,2305.867474132244,128.72974714548397
2025-05-26 20:00:00,2308.2375867845853,128.86764425219215
2025-05-27 16:00:00,2330.161846599686,130.14323425093517
2025-05-28 12:00:00,2282.5927094851077,127.37558252340013
2025-05-29 08:00:00,2268.2568297307457,126.54149713159822
2025-05-30 04:00:00,2182.8261837773593,121.57099967885259
2025-05-31 00:00:00,2105.4942601305684,117.07169939600061
2025-05-31 20:00:00,2135.084779238019,118.79332514525763
2025-06-01 16:00:00,2144.3071876007134,119.32990024384651
2025-06-02 12:00:00,2114.214939618645,117.57908307193996
2025-06-03 08:00:00,2146.321639799017,119.44710443221007
2025-06-04 04:00:00,2157.523329094126,120.09883739625874
2025-06-05 00:00:00,2142.079913354736,119.20031371382966
2025-06-05 20:00:00,1980.836527106673,109.81890459917338
2025-06-06 16:00:00,2134.239233294815,118.74412987217997
2025-06-07 12:00:00,2159.6106360574854,120.22028039635188
2025-06-08 08:00:00,2156.3303771776527,120.02942946429351
2025-06-09 04:00:00,2159.03641130828,120.18687104281871
2025-06-10 00:00:00,2319.2702386691476,129.50954233779444
2025-06-10 20:00:00,2320.924364837326,129.605782156816
2025-06-11 16:00:00,2302.2398092791436,128.5186835545381
2025-06-12 12:00:00,2214.281497757852,123.40112230370855
2025-06-13 08:00:00,2133.5638014335627,118.70483212008655
2025-06-14 04:00:00,2156.232041189352,120.02370811250098
2025-06-15 00:00:00,2166.02687984891,120.5935881603933
2025-06-15 20:00:00,2133.207782089056,118.684118320896
2025-06-16 16:00:00,2242.1834372121734,125.02450367273201
2025-06-17 12:00:00,2161.1104393243136,120.30754145161136
2025-06-18 08:00:00,2037.9168339267546,119.14426952327777
2025-06-19 04:00:00,2032.6829791767686,119.40239854101355
2025-06-20 00:00:00,2048.804538889595,118.60729768861566
2025-06-20 20:00:00,1924.8528885363503,116.52080003708436
2025-06-21 16:00:00,1932.8989392128922,116.08754336429683
2025-06-22 12:00:00,1961.0529426477065,114.57153130519069
2025-06-23 08:00:00,1995.1236958643265,112.73691929845367
2025-06-24 04:00:00,1826.9619921848555,118.88584817369858
2025-06-25 00:00:00,1885.4922507126435,122.18752753661562
2025-06-25 20:00:00,1936.3475384567537,125.05626343943446
2025-06-26 16:00:00,1914.6874190679764,123.834420738188
2025-06-27 12:00:00,1896.0626406855724,122.78380097379913
2025-06-28 08:00:00,1921.4962071742252,124.21850301874389
2025-06-29 04:00:00,1917.2082327574155,123.97661929916362
2025-06-30 00:00:00,1970.8693601147352,127.00363201434595
2025-06-30 20:00:00,1928.8217435786332,124.63173496025748
2025-07-01 16:00:00,1873.470079346178,121.50935942158387
2025-07-02 12:00:00,1921.4936160294642,124.21835685282218
2025-07-03 08:00:00,1995.439335070721,128.38961904567017
2025-07-04 04:00:00,1980.8186156719692,127.56486739201158
2025-07-05 00:00:00,1951.7022921500952,125.92242181062825
2025-07-05 20:00:00,1948.028048878233,125.71515853364676
2025-07-06 16:00:00,1976.1667704979325,127.30245780085434
2025-07-07 12:00:00,1957.2858389476746,126.23738849106236
2025-07-08 08:00:00,1954.158327220497,126.0609662235612
2025-07-09 04:00:00,1964.939340246185,126.66912086209496
2025-07-10 00:00:00,2052.4108349426747,131.60336916625707
2025-07-10 20:00:00,2147.783470344171,136.9833191273978
2025-07-11 16:00:00,2292.155763676978,145.12732931056874
2025-07-12 12:00:00,2298.3219478823657,145.47516244254115
2025-07-13 08:00:00,2310.7524096305415,146.1763621306648
2025-07-14 04:00:00,2440.4658567202496,153.49346993304346
2025-07-15 00:00:00,2370.057790605567,149.52176598501842
2025-07-15 20:00:00,2256.08813908697,143.09276232293564
2025-07-16 16:00:00,2362.4320515723593,149.0915996774327
2025-07-17 12:00:00,2309.690040278311,146.11643410276466
2025-07-18 08:00:00,2338.3751232791574,147.7345534986066
2025-07-19 04:00:00,2319.6011689911975,146.67551875329656
2025-07-20 00:00:00,2312.4747805698903,146.2735207069085
2025-07-20 20:00:00,2317.8554777489944,146.57704468375746
2025-07-21 16:00:00,2304.9282565336775,145.84782290035787
2025-07-22 12:00:00,2362.4983108455463,149.0953373488592
2025-07-23 08:00:00,2330.2759450816625,147.27768058904036
2025-07-24 04:00:00,2312.4581232107093,146.27258106884037
2025-07-25 00:00:00,2302.193488319642,145.69355521041837
2025-07-25 20:00:00,2279.074924593655,144.38944197609644
2025-07-26 16:00:00,2317.615241613246,146.5634930147306
2025-07-27 12:00:00,2318.215276707311,146.5973408660289
2025-07-28 08:00:00,2354.308442581397,148.6333486320331
2025-07-29 04:00:00,2334.3743957673414,147.50887331548995
2025-07-30 00:00:00,2305.162570052828,145.86104047584945
2025-07-30 20:00:00,2284.0980437956673,144.6727950557498
2025-07-31 16:00:00,2334.5446709945286,147.5184785046307
2025-08-01 12:00:00,2230.6749315928714,141.65920872451858
2025-08-02 08:00:00,2154.7740087472653,137.37765390331919
2025-08-03 04:00:00,2146.867315589199,136.9316390336512
2025-08-04 00:00:00,2199.854745308517,139.92064860918947
2025-08-04 20:00:00,2196.6006376515625,139.73708509237065
2025-08-05 16:00:00,2136.033369177667,136.32049843414535
2025-08-06 12:00:00,2163.3729077201997,137.86271595492912
2025-08-07 08:00:00,2201.6637345156087,140.02269330338743
2025-08-08 04:00:00,2268.340182010137,143.7838974433074
2025-08-09 00:00:00,2262.269129833852,143.44143068874638
2025-08-09 20:00:00,2269.3788608959776,143.8424890970663
2025-08-10 16:00:00,2339.475619475737,147.7966322536405
2025-08-11 12:00:00,2375.454034653241,149.82616695739765
2025-08-12 08:00:00,2344.767477405874,148.09514482745948
2025-08-13 04:00:00,2364.0274564183915,149.18159612351266
2025-08-14 00:00:00,2531.0755978865,158.60474604923954
2025-08-14 20:00:00,2309.6559852328737,146.11451306493652
2025-08-15 16:00:00,2290.673999036915,145.04374328419792
2025-08-16 12:00:00,2305.258442409005,145.8664486149526
2025-08-17 08:00:00,2328.1604604656345,147.15834655438894
2025-08-18 04:00:00,2219.684519155832,141.11010511835468
2025-08-19 00:00:00,2175.7261410860533,143.3936761940399
2025-08-19 20:00:00,2296.0181972533173,137.14468630496305
2025-08-20 16:00:00,2285.183555596519,137.70752950776745
2025-08-21 12:00:00,2315.1169914778707,136.15253290925725
2025-08-22 08:00:00,2319.737440591018,135.91250758496727
2025-08-23 04:00:00,2114.873779798061,142.06490268064124
2025-08-24 00:00:00,2093.601802227547,140.91349107281198
2025-08-24 20:00:00,1980.2230428779246,135.47411422407401
2025-08-25 16:00:00,1990.1539254650227,134.91459107577703
2025-08-26 12:00:00,2074.8614335211564,130.1420231618696
2025-08-27 08:00:00,2054.8781080585395,131.2679183759379
2025-08-28 04:00:00,1972.9772343445488,135.88235564340357
2025-08-29 00:00:00,2001.3274655127311,134.28505445098202
2025-08-29 20:00:00,2165.5139067802916,125.03450559794598
2025-08-30 16:00:00,2126.78731904122,127.21642871550642
2025-08-31 12:00:00,2145.559488947238,126.15877210602962
2025-09-01 08:00:00,2098.091678760813,128.83319085636106
2025-09-02 04:00:00,2071.3869588139596,130.33778109272805
2025-09-03 00:00:00,2033.235558781082,132.4872971373613
2025-09-03 20:00:00,2000.9431422837856,134.30670788824068
2025-09-04 16:00:00,2103.71235965781,128.51651194655838
2025-09-05 12:00:00,1982.9684974959769,136.40203813761232
2025-09-06 08:00:00,1899.9245418153218,131.67874902016626
2025-09-07 04:00:00,1885.4231835188177,130.85395560481575
2025-09-08 00:00:00,1895.709969834465,131.4390369085657
2025-09-08 20:00:00,1936.830682241423,133.77785870265635
2025-09-09 16:00:00,1893.850539847607,131.72725522532733
2025-09-10 12:00:00,1866.610007283798,136.81700318934037
2025-09-11 08:00:00,1888.4966108106153,138.144774422133
2025-09-12 04:00:00,1933.6066670826262,140.8814180934201
2025-09-13 00:00:00,1962.8400900137315,142.65489098319136
2025-09-13 20:00:00,1952.3958694466792,142.02128259343448
2025-09-14 16:00:00,1937.737338418811,141.1320091257649
2025-09-15 12:00:00,1911.6143960197523,139.54723644091825
2025-09-16 08:00:00,1943.8901490850587,141.50527512811445
2025-09-17 04:00:00,1966.4255581671384,142.87240675553835
2025-09-18 00:00:00,1967.7045828055234,142.94999997911916
2025-09-18 20:00:00,2007.992137945021,145.39408211768526
2025-09-19 16:00:00,1958.6877344600491,142.40298445755113
2025-09-20 12:00:00,1951.3154447050506,141.95573761797155
2025-09-21 08:00:00,1942.8864795894906,141.44438658130022
2025-09-22 04:00:00,1901.7184763808348,138.94689123877285
2025-09-23 00:00:00,1859.5057622139966,134.69093633471832
2025-09-23 20:00:00,1873.6331064369053,133.83576128849853
2025-09-24 16:00:00,1813.3969116479627,137.4820581331104
2025-09-25 12:00:00,1903.8081202468763,132.0091675266095
2025-09-26 08:00:00,1957.0611882759963,128.7855825275763
2025-09-27 04:00:00,1954.0328900234526,128.9688954742437
2025-09-28 00:00:00,1955.6603545587645,128.87037964301268
2025-09-28 20:00:00,1914.4049219689553,131.36770793877238
2025-09-29 16:00:00,1789.3992837652827,137.26101349779643
2025-09-30 12:00:00,1768.5696068662126,135.9578607823886
2025-10-01 08:00:00,1872.3431779987852,142.45017516941678
2025-10-02 04:00:00,1957.477544271394,147.77637783306093
2025-10-03 00:00:00,2006.5657456463186,150.8474491332152
2025-10-03 20:00:00,2083.8360402770827,155.68165730439136
2025-10-04 16:00:00,2059.5399238536847,154.16163612286127
2025-10-05 12:00:00,2105.1279758648875,157.01372999145138
2025-10-06 08:00:00,2130.51615758037,158.60207330095687
2025-10-07 04:00:00,2152.3257561473997,159.96653218009814
2025-10-08 00:00:00,2066.018220711685,154.5669333429107
2025-10-08 20:00:00,2097.4785124084983,156.5351618829345
2025-10-09 16:00:00,1996.1180317593537,150.1938160121844
2025-10-10 12:00:00,2055.4420089220766,153.90526109618597
2025-10-11 08:00:00,1909.0562128252348,132.46307535604976
2025-10-12 04:00:00,1902.4847578882216,132.8733630982832
2025-10-13 00:00:00,1776.8692680425584,140.7161461976606
2025-10-13 20:00:00,1762.4036392374978,141.6193054278924
2025-10-14 16:00:00,1875.5969421664986,134.55209958994192
2025-10-15 12:00:00,1896.2514240230853,133.26254030525288
2025-10-16 08:00:00,1926.1421963267946,131.39631469773514
2025-10-17 04:00:00,1994.0419910813478,127.15700182790921
2025-10-18 00:00:00,2058.981972298694,123.10248444481383
2025-10-18 20:00:00,2053.196456549527,123.46370219904537
2025-10-19 16:00:00,1999.495740160582,126.81649787286827
2025-10-20 12:00:00,1925.2622788786146,131.45125220345128
2025-10-21 08:00:00,2030.5453547136044,124.87792013410512
2025-10-22 04:00:00,1999.4485838093112,126.81944207214832
2025-10-23 00:00:00,2025.5451092678666,125.19010966202681
2025-10-23 20:00:00,1969.3752060602562,128.6970686215593
2025-10-24 16:00:00,1944.7268153605826,130.23598696868166
2025-10-25 12:00:00,1889.9712682488864,133.65464083065675
2025-10-26 08:00:00,1894.0544731614007,133.3997065823526
2025-10-27 04:00:00,1815.9449113944042,140.6651969335225
2025-10-28 00:00:00,1773.1118837274835,137.96160764138733
2025-10-28 20:00:00,1734.9483200234185,135.55275148995273
2025-10-29 16:00:00,1678.6534080461574,131.99945793323894
2025-10-30 12:00:00,1745.9404414808741,126.32302084033715
2025-10-31 08:00:00,1692.4799861519841,129.81968554281224
2025-11-01 04:00:00,1685.1618883752035,130.29833717471294
2025-11-02 00:00:00,1695.300532932853,129.63520326877114
2025-11-02 20:00:00,1691.70549305743,129.87034247510692
2025-11-03 16:00:00,1800.5131531747388,122.7536072705435
2025-11-04 12:00:00,1887.5366785847052,117.06169747078665
2025-11-05 08:00:00,1959.4566309100187,112.35766049331417
2025-11-06 04:00:00,1885.0385712207785,117.22509009040986
2025-11-07 00:00:00,1966.478786766498,111.89836540561666
2025-11-07 20:00:00,1892.94631810953,116.70787153602424
2025-11-08 16:00:00,1954.652602844539,112.67187546329373
2025-11-09 12:00:00,1947.0966660918962,113.1660833254334
2025-11-10 08:00:00,1823.2748220352241,121.26484471541288
2025-11-11 04:00:00,1829.9834773892908,120.82605461844639
2025-11-12 00:00:00,1921.5859617667732,114.83465084511045
2025-11-12 20:00:00,1964.5878870966526,112.02204265622737
2025-11-13 16:00:00,1993.5078295737717,110.13048858256222
2025-11-14 12:00:00,2162.146198609723,99.10043227527305
2025-11-15 08:00:00,2144.264219341267,100.27003109993198
2025-11-16 04:00:00,2147.1083903962485,100.08400364329
2025-11-17 00:00:00,2164.0853045686367,98.97360201692264
2025-11-17 20:00:00,2271.653009541984,91.9379680180611
2025-11-18 16:00:00,2221.257644155723,95.2341557184911
2025-11-19 12:00:00,2276.141302376419,91.64440420473419
2025-11-20 08:00:00,2265.0244851717316,92.37151702269203
2025-11-21 04:00:00,2458.9711559681105,79.68613165206328
2025-11-22 00:00:00,2500.893388121657,76.94414248421094
2025-11-22 20:00:00,2509.370033070795,76.38971426232773
2025-11-23 16:00:00,2438.77846729389,81.00686603976801
2025-11-24 12:00:00,2460.570263927972,79.58153949465849
2025-11-25 08:00:00,2428.4278427631225,81.68386482742609
2025-11-26 04:00:00,2421.3913207940077,82.14409955319164
2025-11-27 00:00:00,2317.4566460828314,88.94210952504847
2025-11-27 20:00:00,2287.2137442554094,90.9201938243645
2025-11-28 16:00:00,2303.078402062823,89.88254106531569
2025-11-29 12:00:00,2313.301327814604,89.21389461604093
2025-11-30 08:00:00,2295.154054332803,90.40084542369117
2025-12-01 04:00:00,2467.0180945259585,79.15980904883988
2025-12-02 00:00:00,2444.2781344579,80.64715170644536
2025-12-02 20:00:00,2300.1911326699333,90.07138743616206
2025-12-03 16:00:00,2261.3844314767157,92.60960042830794
2025-12-04 12:00:00,2237.506675287886,94.17136242090855
2025-12-05 08:00:00,2265.5410267327334,92.33773181393158
2025-12-06 04:00:00,2343.8532606871736,87.21559765783728
2025-12-07 00:00:00,2352.365022800533,86.65887254289866
2025-12-07 20:00:00,2287.0263462972466,90.93245088094199
2025-12-08 16:00:00,2333.6542784564526,87.8826780436652
2025-12-09 12:00:00,2314.450936072432,89.13870268974529
2025-12-10 08:00:00,2249.8034292104107,93.36707399628907
2025-12-11 04:00:00,2319.030533533843,88.83916695447434
2025-12-12 00:00:00,2282.721620457605,91.21400820784292
2025-12-12 20:00:00,2326.132820374136,88.37463077444137
2025-12-13 16:00:00,2330.180871668015,88.10986164769083
2025-12-14 12:00:00,2351.111659284778,86.7408507441307
2025-12-15 08:00:00,2340.3096195702924,87.44737504797374
2025-12-16 04:00:00,2465.8215569668528,79.23807045949135
2025-12-17 00:00:00,2411.5910780006725,82.78509976241774
2025-12-17 20:00:00,2464.1400832945455,79.3480498751534
2025-12-18 16:00:00,2396.3697027924045,83.78067761686071
2025-12-19 12:00:00,2401.4163585379597,83.45059320395282
2025-12-20 08:00:00,2388.605297783065,84.28852067141106
2025-12-21 04:00:00,2394.7150458636843,83.88890304146227
2025-12-22 00:00:00,2376.9467185085264,85.05106828496002
2025-12-22 20:00:00,2385.6101229219325,84.4844247681913
2025-12-23 16:00:00,2396.700761876927,83.75902417960201
2025-12-24 12:00:00,2415.0612923196363,82.55812496685164
2025-12-25 08:00:00,2410.076570481891,82.88415849564363
2025-12-26 04:00:00,2365.873957382589,85.7752995461757
2025-12-27 00:00:00,2415.937305943485,82.50082792554224
2025-12-27 20:00:00,2410.9937669619626,82.82416782520559
2025-12-28 16:00:00,2402.753364753951,83.36314422107971
2025-12-29 12:00:00,2416.0672394511043,82.49232942123724
2025-12-30 08:00:00,2400.881300654005,83.48558950177883
2025-12-31 04:00:00,2386.4392072445035,84.43019721123774
2026-01-01 00:00:00,2402.9069225356816,83.3531005341738
2026-01-01 20:00:00,2388.5762463108463,84.29042082839328
2026-01-02 16:00:00,2382.306206840236,88.71283783642697
2026-01-03 12:00:00,2363.9424549625583,88.00932037440194
2026-01-04 08:00:00,2436.753215924548,90.79870906257948
2026-01-05 04:00:00,2503.253412977011,93.34633931625255
2026-01-06 00:00:00,2569.838092444916,95.8972061010491
2026-01-06 20:00:00,2498.361608599054,93.15893372377731
2026-01-07 16:00:00,2430.73316251457,90.56808011897067
2026-01-08 12:00:00,2361.221576137515,87.90508319137841
2026-01-09 08:00:00,2363.6366831234463,87.99760621981936
2026-01-10 04:00:00,2386.244177495471,88.86370194847527
2026-01-11 00:00:00,2396.716726723112,89.26490652271693
2026-01-11 20:00:00,2400.4132411845394,89.40652042000569
2026-01-12 16:00:00,2477.551682008477,92.36170302509166
2026-01-13 12:00:00,2476.779349216993,92.33211486636887
2026-01-14 08:00:00,2628.8836701684295,98.15924902455126
2026-01-15 04:00:00,2706.076615776524,101.1165197142331
2026-01-16 00:00:00,2668.86238429866,99.6908381947423
2026-01-16 20:00:00,2664.5074520446346,99.52400023553596
2026-01-17 16:00:00,2651.5151466454836,99.02626351042935
2026-01-18 12:00:00,2640.5062703417525,98.6045121837648
2026-01-19 08:00:00,2539.4456797519574,94.73286924957162
2026-01-20 04:00:00,2474.231795605565,92.23451779236005
2026-01-21 00:00:00,2599.984299106796,85.70591249505645
2026-01-21 20:00:00,2528.8387024799226,88.37448460851962
2026-01-22 16:00:00,2593.4125168831633,85.95241088159348
2026-01-23 12:00:00,2581.5120519450356,86.39878072564281
2026-01-24 08:00:00,2559.6311624660116,87.21950237603146
2026-01-25 04:00:00,2596.034549434904,85.8540620971302
2026-01-26 00:00:00,2715.840839341551,81.36029523845718
2026-01-26 20:00:00,2672.7326200896064,82.97722442607952
2026-01-27 16:00:00,2616.382858103962,85.0908254156646
2026-01-28 12:00:00,2540.8254551134887,87.92487823334679
2026-01-29 08:00:00,2648.519736054479,83.88541594018723
2026-01-30 04:00:00,2933.8391864894697,73.18348124628582
2026-01-31 00:00:00,2870.9933527742555,75.5407408273576
2026-01-31 20:00:00,3208.8402986343253,62.8685730322204
2026-02-01 16:00:00,3236.912191087429,61.815635493930145
2026-02-02 12:00:00,3209.4259415736956,62.846606382272306
2026-02-03 08:00:00,3167.1477542823964,64.43240222857095
2026-02-04 04:00:00,3293.4178276196744,59.696187867476795
2026-02-05 00:00:00,3494.4809619742728,52.15459009020109
2026-02-05 20:00:00,4000.6473668963017,33.168994115359986
2026-02-06 16:00:00,3656.7023860953036,46.069890697123725
2026-02-07 12:00:00,3708.421003962489,44.12999746506531
2026-02-08 08:00:00,3617.089096856062,47.55572993382023
2026-02-09 04:00:00,3598.1937616392443,48.26446760733484
2026-02-10 00:00:00,3663.75459593935,45.80537214052477
2026-02-10 20:00:00,3723.5230207488266,43.56354187591015
2026-02-11 16:00:00,3874.6439503726733,37.895206551240115
2026-02-12 12:00:00,3772.9792309110708,41.708508401825995
2026-02-13 08:00:00,3837.8536605113254,39.27515901808242
2026-02-14 04:00:00,3721.502218591114,43.639339346738566
2026-02-15 00:00:00,3666.5525440508263,45.70042500873864
2026-02-15 20:00:00,3740.429842106871,42.92939058415837
2026-02-16 16:00:00,3771.677121752148,41.75734870052231
2026-02-17 12:00:00,3769.963058434354,41.82164082522776
2026-02-18 08:00:00,3758.087088067835,42.26709191205489
2026-02-19 04:00:00,3832.131394566665,39.489793233687145
2026-02-20 00:00:00,3808.4072885740916,40.37965136504356
2026-02-20 20:00:00,3779.376210964587,41.46856660091984
2026-02-21 16:00:00,3747.5221339771865,42.663368606650394
2026-02-22 12:00:00,3769.477063865846,41.83986980374928
2026-02-23 08:00:00,3894.832487631465,37.137962672564534
2026-02-24 04:00:00,4022.7386870132364,32.340379505199124
2026-02-25 00:00:00,3975.6723676672614,34.105771507584556
2026-02-25 20:00:00,3701.5341324768,44.388314410414694
2026-02-26 16:00:00,3840.9939759305134,39.15737016603198
2026-02-27 12:00:00,3880.8277163142334,37.663262114336
2026-02-28 08:00:00,4017.4812612343308,32.537578214428734
2026-03-01 04:00:00,3801.8611143116873,40.6251892326665
2026-03-02 00:00:00,3848.900712306817,38.86079951088707
2026-03-02 20:00:00,3703.8783743187073,44.30038516808455
2026-03-03 16:00:00,3755.688846829427,42.357046596442984
2026-03-04 12:00:00,3632.030719347626,48.9633495215572
2026-03-05 08:00:00,3735.5525193003614,51.03888472896034
2026-03-06 04:00:00,3556.4090541943733,47.44719129652931
2026-03-07 00:00:00,3246.176180843795,42.59623668689462
2026-03-07 20:00:00,3334.4471909208246,40.74312425063864
2026-03-08 16:00:00,3387.2454830086576,39.63470630463733
2026-03-09 12:00:00,3259.953886361581,42.30699520868107
2026-03-10 08:00:00,3005.5815560164447,47.64714627742543
2026-03-11 04:00:00,2816.78538532265,46.4394399088927
2026-03-12 00:00:00,2824.7860255253054,46.636450690508696
2026-03-12 20:00:00,2819.6261001799785,46.50939074285281
2026-03-13 16:00:00,2965.5693099307787,50.10315137903372
2026-03-14 12:00:00,2871.869814317303,47.79585966234001
2026-03-15 08:00:00,2951.3174010928296,49.752207001013545
2026-03-16 04:00:00,3130.9285937377754,54.17502074512045
2026-03-17 00:00:00,3256.6713529419217,57.271357868884145
2026-03-17 20:00:00,3187.838712012379,55.576396959915876
2026-03-18 16:00:00,2917.1084104139145,48.909831913366205
2026-03-19 12:00:00,2896.893085291301,44.683945427491466
2026-03-20 08:00:00,2751.033376775124,48.342186115991424
2026-03-21 04:00:00,2784.3437659263154,47.506743469202206
2026-03-22 00:00:00,2924.83018647494,43.98326776051674
2026-03-22 20:00:00,2989.6235140353388,42.35821592381666
2026-03-23 16:00:00,2791.0532991972354,47.338464731624754
2026-03-24 12:00:00,2758.1725066669387,48.16313286189951
2026-03-25 08:00:00,2733.869493177499,48.77266563626651
2026-03-26 04:00:00,2773.5305858639404,47.77794389650784
2026-03-27 00:00:00,2938.958586972211,43.62891980460539
2026-03-27 20:00:00,3169.0966604817895,37.85693196059868
2026-03-28 16:00:00,3093.6516678676458,39.7491333404885
2026-03-29 12:00:00,3100.0681429785736,39.58820466068834
2026-03-30 08:00:00,3032.0853102735064,41.29325101825446
2026-03-31 04:00:00,3042.2782394006767,41.03760682118768
2026-04-01 00:00:00,2976.7780755396197,42.68038649610635
2026-04-01 20:00:00,2988.405491057879,42.38876460145355
2026-04-02 16:00:00,3079.589871497647,40.1018108287232
2026-04-03 12:00:00,3110.70149189732,39.32151449610969
2026-04-04 08:00:00,3092.565188041545,39.77638284446401
2026-04-05 04:00:00,3079.106991574936,40.11392171937894
2026-04-06 00:00:00,2914.084443091426,44.25277683929976
2026-04-06 20:00:00,2868.7722388184216,45.80261586885827
2026-04-07 16:00:00,2733.247425782816,42.469991092231126
2026-04-08 12:00:00,3059.484509710508,50.49232858600339
2026-04-09 08:00:00,2989.647648497614,48.775004291013836
2026-04-10 04:00:00,3063.3345210029947,50.58700234157806
2026-04-11 00:00:00,3123.7195790185647,52.071901940206445
2026-04-11 20:00:00,3162.9508034835335,53.03661790432312
2026-04-12 16:00:00,2963.049114371931,48.120932672217926
2026-04-13 12:00:00,2974.8216235380164,48.410424720582974
2026-04-14 08:00:00,3286.8890695217915,56.084323537850075
2026-04-15 04:00:00,3252.106501687025,55.229002325708635
2026-04-16 00:00:00,3292.416986044528,56.22025784503823
2026-04-16 20:00:00,3327.09341108892,57.07296895143492
2026-04-17 16:00:00,3550.7294772707246,62.57229470891892
2026-04-18 12:00:00,3410.6065585560677,59.12660015142789
2026-04-19 08:00:00,3329.9915338373225,57.1442352786904
2026-04-20 04:00:00,3271.4041101195457,55.7035404309556
2026-04-21 00:00:00,3400.8821806730607,58.8874727035141
2026-04-21 20:00:00,3367.431068000759,58.06489265783515
2026-04-22 16:00:00,3626.0016984931476,64.42327729888717
2026-04-23 12:00:00,3551.8664788412225,62.600254161657
2026-04-24 08:00:00,3544.6640536575283,62.42314282623922
2026-04-25 04:00:00,3530.512247702393,62.07514264749917
2026-04-26 00:00:00,3520.607002504586,61.83156757939627
2026-04-26 20:00:00,3579.3523666944416,63.27614626447931
2026-04-27 16:00:00,3445.558954855435,59.98609753276099
2026-04-28 12:00:00,3424.624200024169,59.47130115650653
2026-04-29 08:00:00,3481.8793194371574,60.87923395693284
2026-04-30 04:00:00,3350.3200010499663,57.64412273093067
2026-05-01 00:00:00,3431.9268240019774,59.65087643174742
2026-05-01 20:00:00,3552.6859011829183,62.62040417800668
2026-05-02 16:00:00,3601.4979984783076,63.820718727070236
2026-05-03 12:00:00,3626.298898306198,64.43058559497254
2026-05-04 08:00:00,3707.919307535377,66.43767338932462
2026-05-05 04:00:00,3809.318788894219,68.931138728582
2026-05-06 00:00:00,3820.1512975087426,69.19751568047128
2026-05-06 20:00:00,3853.9055539903557,70.02755018815733
2026-05-07 16:00:00,3715.797650008181,66.63140587812518
2026-05-08 12:00:00,3734.8812745753057,67.10068201019071
2026-05-09 08:00:00,3767.2590713513328,67.8968686665784
2026-05-10 04:00:00,3797.217661649131,68.63356579283109
2026-05-11 00:00:00,3857.608663660963,70.11861155738121
2026-05-11 20:00:00,3887.319304400445,70.84921147661409
2026-05-12 16:00:00,3732.689638239639,67.04678854677245
2026-05-13 12:00:00,3749.907697123131,67.47018946026772
2026-05-14 08:00:00,3717.5366934856866,66.67416985064764
2026-05-15 04:00:00,3794.226982387522,68.5600234533662
2026-05-16 00:00:00,3657.278157676243,65.19238149806706
2026-05-16 20:00:00,3531.2057146092875,63.41558855378844
2026-05-17 16:00:00,3552.48280199932,62.942345060990846
2026-05-18 12:00:00,3589.507412504443,62.118846258089754
2026-05-19 08:00:00,3645.016164097736,60.88422447911688
2026-05-20 04:00:00,3670.208070337771,60.3239078586734
2026-05-21 00:00:00,3558.798146460702,62.80187961022977
2026-05-21 20:00:00,3583.3272560321257,62.25630486703285
2026-05-22 16:00:00,3654.2192742144193,60.679529546188206
2026-05-23 12:00:00,3860.45136794921,56.09252971031166
2026-05-24 08:00:00,3665.4840011643396,60.428980275535295
2026-05-25 04:00:00,3612.87521969758,61.59910112134319
2026-05-26 00:00:00,3669.049584375923,60.34967482258591
2026-05-26 20:00:00,3733.437558195432,58.917562002539924
2026-05-27 16:00:00,3808.809556126456,57.24114328478257
2026-05-28 12:00:00,3976.4802147859923,53.511824196640745
2026-05-29 08:00:00,3963.769727397462,53.794529970069384
2026-05-30 04:00:00,3987.2924374947365,53.27133949373971
2026-05-31 00:00:00,3927.644492541813,54.598024922542486
2026-05-31 20:00:00,3955.6715913302874,53.97464814730518
2026-06-01 16:00:00,4159.922805503088,49.43170689640051
2026-06-02 12:00:00,4399.655233972519,44.0995949533501
2026-06-03 08:00:00,4585.765909862685,39.960134288896526
2026-06-04 04:00:00,4832.484928711423,34.47262709022488
2026-06-05 00:00:00,4923.856049626074,32.44035699564718
2026-06-05 20:00:00,5093.470974433896,28.667793675525864
2026-06-06 16:00:00,5172.894856814946,26.901253226612702
2026-06-07 12:00:00,5067.122459842975,29.25383549818984
2026-06-08 08:00:00,4951.446603866529,31.826689813780444
2026-06-09 04:00:00,4941.163867448287,32.05539771956106
2026-06-10 00:00:00,5065.011086319317,29.300796520749913
2026-06-10 20:00:00,5076.056132787006,29.05513336805124
2026-06-11 16:00:00,5003.11657985367,30.677449813930764
2026-06-12 12:00:00,4920.214423170642,32.521353797119204
2026-06-13 08:00:00,4888.249035395173,33.23232572115133
2026-06-14 04:00:00,4838.204131693248,34.345420976647276
2026-06-15 00:00:00,4717.387376910419,37.032618804705216
2026-06-15 20:00:00,4633.459105838171,38.89934555252597
2026-06-16 16:00:00,4704.987634135643,37.30841301812167
2026-06-17 12:00:00,4772.317824328271,35.81085962684255
2026-06-18 08:00:00,4832.491500349781,34.47248092430317
2026-06-19 04:00:00,5015.36235852979,30.405080059251482
2026-06-20 00:00:00,4914.1591278271135,32.65603525354985
2026-06-20 20:00:00,4876.984308445253,33.48287499180426
2026-06-21 16:00:00,4856.394426666301,33.94083370536041
2026-06-22 12:00:00,4762.113947570318,36.03781354156268
2026-06-23 08:00:00,5021.560352306219,30.26722471423517
2026-06-24 04:00:00,4987.910747500319,31.01565687591642
2026-06-25 00:00:00,5167.449785033169,27.022362133170517
2026-06-25 20:00:00,5296.571213088686,24.150452341766005
2026-06-26 16:00:00,5241.638888059876,25.37225328132053
2026-06-27 12:00:00,5205.18976531376,26.18295212564924
2026-06-28 08:00:00,5210.822598191458,26.057667049899802
2026-06-29 04:00:00,5261.5180940907585,24.9301013681548
2026-06-30 00:00:00,5260.766110901585,24.946826925767336
2026-06-30 20:00:00,5364.597996947187,22.6374053627859
2026-07-01 16:00:00,5253.0688447742095,25.118028981778966
2026-07-02 12:00:00,5100.744839289965,28.50600888104139
2026-07-03 08:00:00,5096.851612965996,28.59260174923023
2026-07-04 04:00:00,4992.080921440776,30.922904158169896
2026-07-05 00:00:00,4964.734456625022,31.53114232008749
2026-07-05 20:00:00,4989.207237867669,30.98682042764808
2026-07-06 16:00:00,4895.196195944337,33.07780746106037
2026-07-07 12:00:00,4918.723600069011,32.554512580500884
2026-07-08 08:00:00,5056.0736581533665,29.499582174272376
2026-07-09 04:00:00,5015.1999451818165,30.40869244560226
2026-07-10 00:00:00,4953.220946223004,31.78722501491937
2026-07-10 20:00:00,4884.939746079525,33.30593070315412
2026-07-11 16:00:00,4853.13677165203,34.013290240835495
2026-07-12 12:00:00,4867.595314843607,33.69170433223263
2026-07-13 08:00:00,4944.48630004065,31.98150040571482
2026-07-14 04:00:00,4987.83470425647,31.017348224439033
2026-07-15 00:00:00,4792.624186852379,35.35920692876583
2026-07-15 20:00:00,4779.158899858237,35.658700902344876
2026-07-16 16:00:00,4824.5980238771635,34.648047077120054
2026-07-17 12:00:00,4954.5521723931,31.75761597535059
2026-07-18 08:00:00,4869.471986997361,33.6499635211621
2026-07-19 04:00:00,4802.426254865059,35.14119001611583
2026-07-20 00:00:00,4818.041406407521,34.79387890529241
2026-07-20 20:00:00,4741.647049309195,36.4930368642983
2026-07-21 16:00:00,4574.081905379344,38.945346056171964
2026-07-22 12:00:00,4446.333951329624,37.05354141235536
2026-07-23 08:00:00,4445.909534837692,37.04725627772195
2026-07-24 04:00:00,4401.493855449547,36.38950963003734
2026-07-25 00:00:00,4248.641021199083,33.791118039839816
2026-07-25 20:00:00,4212.653383257856,34.34684087417243
2026-07-26 16:00:00,4159.319633514192,35.170423200457364
2026-07-27 12:00:00,4111.744933518467,35.905074003806156
2026-07-28 08:00:00,4335.930041715352,32.4431967906975
2026-07-29 04:00:00,4262.875704621616,33.57130537443743
2026-07-30 00:00:00,4299.604352016206,33.00413983651968
2026-07-30 20:00:00,4153.478099137318,35.260628454996976
2026-07-31 16:00:00,4411.275017520763,31.279716053904323
2026-08-01 12:00:00,4379.795637823169,31.765822147812166
2026-08-02 08:00:00,4367.5838561200335,31.954397067661024
2026-08-03 04:00:00,4422.211667993019,31.11083177179406
2026-08-04 00:00:00,4344.8667779877505,32.305195279759474
2026-08-04 20:00:00,4212.484357378895,34.349450979917215
2026-08-05 16:00:00,4169.079863868883,35.019705254330795
2026-08-06 12:00:00,4201.261039015921,34.522762001370616
2026-08-07 08:00:00,4177.46219525829,34.890264890235656
2026-08-08 04:00:00,4048.123591968748,35.75385491737657
2026-08-09 00:00:00,4043.006267973592,35.67047769946532
2026-08-09 20:00:00,4064.063806306779,36.01357087940519
2026-08-10 16:00:00,3906.0060337932155,33.438315266529386
2026-08-11 12:00:00,3852.6767399197283,34.32650293020912
2026-08-12 08:00:00,3919.76086118636,33.20923150552152
2026-08-13 04:00:00,3932.4487582319493,32.997917344424124
2026-08-14 00:00:00,3951.5420372939316,32.67992294132607
2026-08-14 20:00:00,4031.0119031172208,31.356369639417014
2026-08-15 16:00:00,4007.3111120352246,31.751101151411596
2026-08-16 12:00:00,4016.6703167234964,31.595225636333357
2026-08-17 08:00:00,3971.678432002351,32.344555674390776
2026-08-18 04:00:00,3838.9636621565073,34.07658008493493
2026-08-19 00:00:00,3873.093544438653,34.656399415503344
2026-08-19 20:00:00,4433.574353281618,44.1781904575369
2026-08-20 16:00:00,4899.294591168574,52.090130918727986
2026-08-21 12:00:00,5438.4442235852,61.249534879156286
2026-08-22 08:00:00,5436.832862461897,61.22216009010503
2026-08-23 04:00:00,5362.03547027377,59.95145620931628
2026-08-24 00:00:00,5494.47190126992,62.20136736131673
2026-08-24 20:00:00,5648.458289989087,64.81738238550301
2026-08-25 16:00:00,5675.9522159747285,65.2844660287429
2026-08-26 12:00:00,5573.145901377875,63.537929430257776
2026-08-27 08:00:00,5749.695033148519,66.53725414369947
2026-08-28 04:00:00,5735.906895024019,66.30301281373993
2026-08-29 00:00:00,5501.125065084138,62.314395380488705
2026-08-29 20:00:00,5549.83340219733,63.1418824249678
2026-08-30 16:00:00,5698.31092703042,65.66430949756925
2026-08-31 12:00:00,5525.309002126182,62.72524690556305
2026-09-01 08:00:00,5519.5186724146015,62.62687724025376
2026-09-02 04:00:00,5480.007753520846,61.955641566080175
2026-09-03 00:00:00,5419.313151209746,60.924524511816244
2026-09-03 20:00:00,5960.734175964943,70.12251627557538
2026-09-04 16:00:00,5748.433967921585,66.5158303957463
2026-09-05 12:00:00,5743.322106051396,66.428986957406
2026-09-06 08:00:00,5759.672935207234,66.70676485118848
2026-09-07 04:00:00,5745.763115350313,66.47045631747906
2026-09-08 00:00:00,5695.256592635754,65.61242059536303
2026-09-08 20:00:00,5593.844086973933,63.88956287619456
2026-09-09 16:00:00,5632.795761541904,64.55129776545714
2026-09-10 12:00:00,5398.172486586695,60.565373961334515
2026-09-11 08:00:00,5455.807838069492,61.54451859000834
2026-09-12 04:00:00,5438.332374720044,61.24763472217409
2026-09-13 00:00:00,5444.879835211148,61.35886698859363
2026-09-13 20:00:00,5453.72818664262,61.50918819864699
2026-09-14 16:00:00,5628.434884909196,64.47721252399731
2026-09-15 12:00:00,5405.748710815561,60.6940834958211
2026-09-16 08:00:00,5255.5959112219325,58.14319583017857
2026-09-17 04:00:00,5354.391645082447,59.82159822830197
2026-09-18 00:00:00,5360.560540183791,59.92639919416639
2026-09-18 20:00:00,5916.118769851446,69.36456244813718
2026-09-19 16:00:00,6005.77977002135,70.88777839909895
2026-09-20 12:00:00,5840.374964188916,68.07778031596058
2026-09-21 08:00:00,6241.831268947023,74.89796574622505
2026-09-22 04:00:00,6449.796411634245,78.4310048823594
2026-09-23 00:00:00,6573.358679922345,80.53015632654134
2026-09-23 20:00:00,6299.950889142697,75.88533742820643
2026-09-24 16:00:00,6332.825851739949,76.4438374150515
2026-09-25 12:00:00,6329.319205451022,76.38426436153264
2026-09-26 08:00:00,6298.371484838009,75.85850554115007
2026-09-27 04:00:00,6311.841283884754,76.08733873200647
2026-09-28 00:00:00,6288.537388463064,75.69143789263819
2026-09-28 20:00:00,6215.774170690703,74.45529181191036
2026-09-29 16:00:00,6155.949777132694,73.43895839658488
2026-09-30 12:00:00,6429.924186888577,78.09340336490656
2026-10-01 08:00:00,6218.105789341281,74.49490277669314
2026-10-02 04:00:00,6597.304169933174,80.9369569674998
2026-10-03 00:00:00,6352.464545888037,76.77747157177225
