CANDLE_START,PROFIT_PORTFOLIO,PROFIT_BTC
2026-03-27 00:00:00,0.0,0.0
2026-03-27 02:00:00,-0.32486118129423935,0.17239221161702825
2026-03-27 04:00:00,0.567123571763447,-0.3009521987421332
2026-03-27 06:00:00,0.3530242184311737,-0.18733732829290162
2026-03-27 08:00:00,2.368407318608984,-1.256829067844858
2026-03-27 10:00:00,6.25339966623508,-3.3184555762948813
2026-03-27 12:00:00,5.931908186855163,-3.1478515449805187
2026-03-27 14:00:00,7.068018255017636,-3.7507445299491704
2026-03-27 16:00:00,7.686536629961098,-4.078970112819646
2026-03-27 18:00:00,8.077202884410008,-4.286282723517813
2026-03-27 20:00:00,7.572925623144834,-4.018680814322769
2026-03-27 22:00:00,7.57284343529327,-4.018637200169046
2026-03-28 00:00:00,6.4475273716365775,-3.421472207389356
2026-03-28 02:00:00,7.484053159650293,-3.971519376096624
2026-03-28 04:00:00,6.848987630591327,-3.6345128102765503
2026-03-28 06:00:00,6.5832743064749,-3.4935082512890374
2026-03-28 08:00:00,6.508401173697292,-3.4537757572471057
2026-03-28 10:00:00,7.023308063765136,-3.727018430323682
2026-03-28 12:00:00,6.383037304106945,-3.3872496347678034
2026-03-28 14:00:00,5.596746128164513,-2.969993026096818
2026-03-28 16:00:00,5.090331982758592,-2.7012571489049724
2026-03-28 18:00:00,5.142165121146926,-2.728763141853144
2026-03-28 20:00:00,5.147726499102966,-2.7317143662550882
2026-03-28 22:00:00,5.558994508344697,-2.949959591486567
2026-03-29 00:00:00,6.293069002591506,-3.339506674492011
2026-03-29 02:00:00,5.38881086369977,-2.8596492171768064
2026-03-29 04:00:00,5.615813709728097,-2.9801115097606363
2026-03-29 06:00:00,5.606608670352565,-2.975226724543612
2026-03-29 08:00:00,5.646332798610019,-2.996306898843218
2026-03-29 10:00:00,6.252358620115271,-3.3179031303477426
2026-03-29 12:00:00,5.301472573434448,-2.813301909820171
2026-03-29 14:00:00,6.01442478982851,-3.191640155318718
2026-03-29 16:00:00,6.261782827094923,-3.322904219974658
2026-03-29 18:00:00,6.459280234410701,-3.4277090313717986
2026-03-29 20:00:00,5.9475512746034145,-3.1561527722391785
2026-03-29 22:00:00,8.012493649276195,-4.251943846486321
2026-03-30 00:00:00,6.862028103039995,-3.6414329226673003
2026-03-30 02:00:00,4.558686166921578,-2.4191317265200727
2026-03-30 04:00:00,3.201819529449873,-1.6990911246505658
2026-03-30 06:00:00,4.054244529953255,-2.151442589017583
2026-03-30 08:00:00,3.064428837580191,-1.6261827976764052
2026-03-30 10:00:00,3.5518301933235996,-1.8848292673069251
2026-03-30 12:00:00,2.4256922511512578,-1.28722813299002
2026-03-30 14:00:00,2.6997887361275477,-1.4326813356572934
2026-03-30 16:00:00,3.8817596254644084,-2.0599110184035583
2026-03-30 18:00:00,5.839583833594756,-3.0988583122979687
2026-03-30 20:00:00,5.845227399402382,-3.1018531508536515
2026-03-30 22:00:00,5.479272292324639,-2.9076538623749535
2026-03-31 00:00:00,4.318314097038344,-2.2915748649305843
2026-03-31 02:00:00,2.3055884040612256,-1.223493316349015
2026-03-31 04:00:00,3.399837459825536,-1.804172159021291
2026-03-31 06:00:00,3.5399951426979097,-1.87854882917076
2026-03-31 08:00:00,5.497490599421977,-2.917321666450294
2026-03-31 10:00:00,6.634285566347545,-3.5205781026999774
2026-03-31 12:00:00,5.840131752605215,-3.0991490733228164
2026-03-31 14:00:00,6.020424502992929,-3.1948239885405236
2026-03-31 16:00:00,3.0660999905620443,-1.6270696188021145
2026-03-31 18:00:00,2.550453409830096,-1.353434418342014
2026-03-31 20:00:00,1.4231648377358257,-0.7552226858729848
2026-03-31 22:00:00,1.6770157152760483,-0.8899322686730856
2026-04-01 00:00:00,1.2444884484289556,-0.6604055156784777
2026-04-01 02:00:00,3.057716829702222,-1.6226209751223373
2026-04-01 04:00:00,1.3182383472351293,-0.6995419496195476
2026-04-01 06:00:00,-0.8707528914029006,0.46207742064734325
2026-04-01 08:00:00,0.3146424917493129,-0.16696951850409555
2026-04-01 10:00:00,0.5464396291190604,-0.28997597005509834
2026-04-01 12:00:00,1.0723048993958546,-0.5690338636281154
2026-04-01 14:00:00,0.5245228687011801,-0.2783455290622163
2026-04-01 16:00:00,-0.08583151298659832,0.04554771453838855
2026-04-01 18:00:00,1.918401435328617,-1.0180270381584664
2026-04-01 20:00:00,1.627100293424303,-0.8634439393117764
2026-04-01 22:00:00,1.8136667164815858,-0.9624480682636896
2026-04-02 00:00:00,0.5060579980491067,-0.26854688252572256
2026-04-02 02:00:00,5.29295243282201,-2.8087805758841777
2026-04-02 04:00:00,6.724993558527088,-3.5687135903592786
2026-04-02 06:00:00,5.76279298428058,-3.0581081546691586
2026-04-02 08:00:00,6.42678863709116,-3.41046690259986
2026-04-02 10:00:00,6.377037590942545,-3.3840658015460137
2026-04-02 12:00:00,7.485395561225848,-3.9722317406074246
2026-04-02 14:00:00,5.251337983978563,-2.7866972760489546
2026-04-02 16:00:00,4.627614378435836,-2.455709463442675
2026-04-02 18:00:00,4.939544671083487,-2.621239714873907
2026-04-02 20:00:00,5.056634963616112,-2.6833753458784178
2026-04-02 22:00:00,4.938202269507913,-2.620527350363106
2026-04-03 00:00:00,5.476861448678641,-2.9063745138657358
2026-04-03 02:00:00,6.167376381594878,-3.2728060953978164
2026-04-03 04:00:00,5.9787552622483915,-3.1727116126027926
2026-04-03 06:00:00,5.446917674757713,-2.890484423859216
2026-04-03 08:00:00,4.985021948950626,-2.645372879934166
2026-04-03 10:00:00,5.21051801770021,-2.7650355796996844
2026-04-03 12:00:00,5.6513736535061145,-2.9989819002715765
2026-04-03 14:00:00,5.082496740909209,-2.697099266250011
2026-04-03 16:00:00,4.861548399946292,-2.5798498829904797
2026-04-03 18:00:00,5.4051662461616505,-2.868328433767761
2026-04-03 20:00:00,5.350511324869514,-2.8393250215417556
2026-04-03 22:00:00,5.194957117803543,-2.7567779665947634
2026-04-04 00:00:00,5.18227279271167,-2.7500468488701206
2026-04-04 02:00:00,5.315307528448251,-2.820643625696922
2026-04-04 04:00:00,5.27174796711772,-2.7975281242235734
2026-04-04 06:00:00,4.853932325701109,-2.575808304745441
2026-04-04 08:00:00,5.054580267326909,-2.6822849920353233
2026-04-04 10:00:00,4.432692190469226,-2.352271228862215
2026-04-04 12:00:00,4.622080396430332,-2.452772777091994
2026-04-04 14:00:00,4.300534125149304,-2.2821396696751055
2026-04-04 16:00:00,3.8856498504386354,-2.0619754216798083
2026-04-04 18:00:00,4.080736414108396,-2.1655008845677304
2026-04-04 20:00:00,4.1548972521724545,-2.2048553892774003
2026-04-04 22:00:00,3.794585710902297,-2.0136509393543687
2026-04-05 00:00:00,4.273795677439488,-2.2679505316637885
2026-04-05 02:00:00,4.424035070104133,-2.3476772046700223
2026-04-05 04:00:00,4.61172472713287,-2.4472773937228616
2026-04-05 06:00:00,5.431986881722991,-2.882561185932801
2026-04-05 08:00:00,5.073264305583183,-2.6921999429817722
2026-04-05 10:00:00,4.764155795839335,-2.528167110828358
2026-04-05 12:00:00,5.483107725397735,-2.909689189548695
2026-04-05 14:00:00,5.11476917062455,-2.7142250906120253
2026-04-05 16:00:00,4.307711864186188,-2.2859486391002823
2026-04-05 18:00:00,3.7566149234782813,-1.9935012003341948
2026-04-05 20:00:00,3.0865921615527863,-1.6379440811304566
2026-04-05 22:00:00,1.2234483584277946,-0.64924029232532
2026-04-06 00:00:00,-0.8185088137567422,0.43435335693053956
2026-04-06 02:00:00,-1.1587939151950528,0.6149304913963213
2026-04-06 04:00:00,-0.9774601186875099,0.5187031302314432
2026-04-06 06:00:00,-0.52507078771168,0.27863629008704804
2026-04-06 08:00:00,-1.2043807768642718,0.6391218086615178
2026-04-06 10:00:00,-2.463596249762846,1.4332628577069408
2026-04-06 12:00:00,-3.592811660810274,0.8457365929001146
2026-04-06 14:00:00,-2.789119213628484,1.2638945607480558
2026-04-06 16:00:00,-2.3846324818757787,1.4743473905143059
2026-04-06 18:00:00,-2.1336305261328703,1.6049427048131684
2026-04-06 20:00:00,-2.3095526360468606,1.5134111341991596
2026-04-06 22:00:00,-5.145681936933329,0.03778439517563626
2026-04-07 00:00:00,-5.244316792078918,-0.013534925705470158
2026-04-07 02:00:00,-5.5284857656852235,-0.1613869068275167
2026-04-07 04:00:00,-5.023715607553655,0.10124298884305605
2026-04-07 06:00:00,-5.823691783989117,-0.3149814181898044
2026-04-07 08:00:00,-4.79442449669685,0.2205422373275914
2026-04-07 10:00:00,-6.746947558413945,-0.7953477072984407
2026-04-07 12:00:00,-6.315943977501703,-0.5710982669043818
2026-04-07 14:00:00,-7.80161401945333,-1.344086451393998
2026-04-07 16:00:00,-6.769133415350338,-0.8068909199838603
2026-04-07 18:00:00,-6.1752565849640435,-0.4978991789054057
2026-04-07 20:00:00,-3.725144429640135,0.7768843822222228
2026-04-07 22:00:00,2.4072611394237637,3.9675504881078014
2026-04-08 00:00:00,2.9552015103598595,4.252641672945908
2026-04-08 02:00:00,1.9905079200198172,3.75071545384671
2026-04-08 04:00:00,2.5528104200053825,4.04327919702272
2026-04-08 06:00:00,3.018070752308164,4.285352288238396
2026-04-08 08:00:00,3.2061475823321812,4.383207911142277
2026-04-08 10:00:00,2.3035688030370203,3.9135997799520603
2026-04-08 12:00:00,3.9660271533472944,4.778570214644147
2026-04-08 14:00:00,0.7273670526798619,3.093508309441268
2026-04-08 16:00:00,2.653177672040226,4.095499877080798
2026-04-08 18:00:00,1.2491817608507496,3.3650064163689346
2026-04-08 20:00:00,2.0128334863827573,3.7623313567883296
2026-04-08 22:00:00,1.1519719418560053,3.3144285361011216
2026-04-09 00:00:00,0.45526897352758433,2.951936766455371
2026-04-09 02:00:00,1.1402363500256796,3.308322554579849
2026-04-09 04:00:00,0.3616636577378939,2.9032342947976693
2026-04-09 06:00:00,1.0597637203318067,3.266452967005451
2026-04-09 08:00:00,1.667974737882357,3.582902728370612
2026-04-09 10:00:00,1.7432501769084698,3.6220682384141583
2026-04-09 12:00:00,1.7521356964371844,3.626691338708844
2026-04-09 14:00:00,1.316465820678118,3.4000140437575195
2026-04-09 16:00:00,3.9909513150441245,4.791538156351216
2026-04-09 18:00:00,3.4539641631497178,4.512145887599644
2026-04-09 20:00:00,4.921695514732136,5.275800643192475
2026-04-09 22:00:00,3.6141270497486664,4.595477997313653
2026-04-10 00:00:00,3.6616841385469048,4.620221760526036
2026-04-10 02:00:00,3.668194597824237,4.623609126465212
2026-04-10 04:00:00,4.09271566134446,4.844485738971325
2026-04-10 06:00:00,3.2211803166291735,4.391029382709983
2026-04-10 08:00:00,2.6642706005084427,4.101271483423501
2026-04-10 10:00:00,3.5137597977138633,4.543257317255606
2026-04-10 12:00:00,4.487785977747576,5.0500392454693195
2026-04-10 14:00:00,6.30490266325069,5.9954777937809505
2026-04-10 16:00:00,6.537742393541903,6.116623374773088
2026-04-10 18:00:00,6.858347585592915,6.283432974713553
2026-04-10 20:00:00,7.5697759274798795,6.653586297363331
2026-04-10 22:00:00,6.2154886302575365,5.948956029809406
2026-04-11 00:00:00,6.0797469514198355,5.8783301768801115
2026-04-11 02:00:00,6.465764096982436,6.079173354776007
2026-04-11 04:00:00,6.017324779636506,5.845852170407484
2026-04-11 06:00:00,5.894156949188455,5.781768440536695
2026-04-11 08:00:00,5.6208014851972115,5.639542685244934
2026-04-11 10:00:00,6.122470094059409,5.900558857227782
2026-04-11 12:00:00,6.392891660092999,6.0412581171392015
2026-04-11 14:00:00,5.733966120704151,5.698421792771423
2026-04-11 16:00:00,6.655098311845398,6.177683189985735
2026-04-11 18:00:00,8.090081773844043,6.924299349523981
2026-04-11 20:00:00,7.370689994643585,6.550002682270456
2026-04-11 22:00:00,7.609816649129622,6.674419324791829
2026-04-12 00:00:00,6.782597134516553,6.244020317798898
2026-04-12 02:00:00,3.0981521956076485,4.327018343095409
2026-04-12 04:00:00,2.274369532887714,3.89840751640511
2026-04-12 06:00:00,2.8373426381207816,4.191320172810905
2026-04-12 08:00:00,2.728928123116607,4.134912533995438
2026-04-12 10:00:00,2.236256801324379,3.878577614512228
2026-04-12 12:00:00,1.2055365359959533,3.342297980330309
2026-04-12 14:00:00,0.26761127178322835,2.8542992143200894
2026-04-12 16:00:00,0.7927231224207826,3.127512811294221
2026-04-12 18:00:00,1.3553888669154226,3.4202655491363707
2026-04-12 20:00:00,1.90805141646893,3.7078136646341866
2026-04-12 22:00:00,0.7269479244001801,3.0932902386726524
2026-04-13 00:00:00,1.4531295817310423,3.471119652377753
2026-04-13 02:00:00,1.175163706663602,3.326495118631235
2026-04-13 04:00:00,0.66427427564907,3.060681389738856
2026-04-13 06:00:00,1.0201421269617663,3.2458380103455844
2026-04-13 08:00:00,0.07861235954396711,2.7559638357252543
2026-04-13 10:00:00,0.2886794533072436,2.8652609049559103
2026-04-13 12:00:00,1.1801094203635412,3.329068353700917
2026-04-13 14:00:00,4.883079829233199,5.255709056377254
2026-04-13 16:00:00,4.33041727967967,4.968160940879422
2026-04-13 18:00:00,4.952124227835093,5.291632580994041
2026-04-13 20:00:00,6.976513818570421,6.344914393412185
2026-04-13 22:00:00,11.105430327111126,8.493173149207946
2026-04-14 00:00:00,9.81110631576483,7.819741539617446
2026-04-14 02:00:00,10.278182870612724,8.062759604163752
2026-04-14 04:00:00,10.437088372372749,8.145437501571946
2026-04-14 06:00:00,10.813968521438813,8.34152673671197
2026-04-14 08:00:00,11.44900374888729,8.671933027268587
2026-04-14 10:00:00,10.331356278358324,8.090425515675587
2026-04-14 12:00:00,10.616335566638679,8.238699100283634
2026-04-14 14:00:00,12.185607729438884,9.055185134086635
2026-04-14 16:00:00,11.175732110551987,8.529750886130564
2026-04-14 18:00:00,9.61375277981779,7.717059283701509
2026-04-14 20:00:00,9.639179895450201,7.730288910330901
2026-04-14 22:00:00,9.418047815104021,7.6152347728087735
2026-04-15 00:00:00,10.941467344109968,8.407863864525133
2026-04-15 02:00:00,10.253091057604035,8.049704434149236
2026-04-15 04:00:00,10.30444824280448,8.076425372330407
2026-04-15 06:00:00,9.0505281976169,7.424015784834513
2026-04-15 08:00:00,9.662148125175312,7.742239188451077
2026-04-15 10:00:00,8.975448351788003,7.384952041149674
2026-04-15 12:00:00,10.118327344752204,7.979587413013389
2026-04-15 14:00:00,9.777548111507087,7.80228134007686
2026-04-15 16:00:00,9.188756704247258,7.4959355243242705
2026-04-15 18:00:00,10.443906192388448,8.14898478607475
2026-04-15 20:00:00,11.705174953412625,8.805217881047053
2026-04-15 22:00:00,12.046960094528925,8.983047323828261
2026-04-16 00:00:00,11.630905422257715,8.7665757408482
2026-04-16 02:00:00,11.832478182886625,8.87145324250154
2026-04-16 04:00:00,11.991495452187822,8.954189292114654
2026-04-16 06:00:00,12.273317307428098,9.100820076932454
2026-04-16 08:00:00,11.247570697684946,8.567128215871463
2026-04-16 10:00:00,10.227943360824716,8.036620188032243
2026-04-16 12:00:00,11.0969359939768,8.488753581630663
2026-04-16 14:00:00,9.278841342487855,7.542806201525601
2026-04-16 16:00:00,9.843938031004525,7.836823749825737
2026-04-16 18:00:00,12.22218365731018,9.074215443161254
2026-04-16 20:00:00,12.771968192676745,9.360266139381253
2026-04-16 22:00:00,11.778494460467016,8.843365727503706
2026-04-17 00:00:00,11.993814628668598,8.955395950367674
2026-04-17 02:00:00,11.309294322335498,8.599242771063073
2026-04-17 04:00:00,11.564655212186844,8.732106021355523
2026-04-17 06:00:00,11.975764170758135,8.946004369265934
2026-04-17 08:00:00,14.328079727495776,10.169904751049689
2026-04-17 10:00:00,12.926486818443017,9.440661562744564
2026-04-17 12:00:00,15.592925049839693,10.827998716580854
2026-04-17 14:00:00,20.21373050738395,13.23218532642507
2026-04-17 16:00:00,20.13093870120936,13.189109080597655
2026-04-17 18:00:00,18.18269074794476,12.175443457811518
2026-04-17 20:00:00,18.679357759336334,12.433857318622177
2026-04-17 22:00:00,18.57767723869194,12.380953350155806
2026-04-18 00:00:00,18.205351616931445,12.187233817368064
2026-04-18 02:00:00,18.553283972816022,12.368261631422323
2026-04-18 04:00:00,18.017414496334013,12.089450884720382
2026-04-18 06:00:00,18.115965525823626,12.140726591447766
2026-04-18 08:00:00,17.00561088736071,11.563013511228695
2026-04-18 10:00:00,15.471405790624933,10.764772731733265
2026-04-18 12:00:00,15.520052612950275,10.790083478944034
2026-04-18 14:00:00,15.640258603555443,10.852626175383282
2026-04-18 16:00:00,14.78344863239866,10.406831372126016
2026-04-18 18:00:00,13.968747082404596,9.982945412089064
2026-04-18 20:00:00,14.256548501101285,10.132687339872453
2026-04-18 22:00:00,14.420707077299616,10.218098390913957
2026-04-19 00:00:00,14.083951475539195,10.04288579735614
2026-04-19 02:00:00,13.533468393039877,9.756471649855126
2026-04-19 04:00:00,14.004624463143072,10.001612269882635
2026-04-19 06:00:00,13.265477771028234,9.617037200401661
2026-04-19 08:00:00,12.867333847241,9.409884508267156
2026-04-19 10:00:00,12.769118120375072,9.35878325815465
2026-04-19 12:00:00,13.744709045986175,9.86637931723789
2026-04-19 14:00:00,15.008827879311983,10.524095293436746
2026-04-19 16:00:00,13.217333902638515,9.591988138113232
2026-04-19 18:00:00,11.505194880246421,8.701169048314453
2026-04-19 20:00:00,11.113701125163026,8.497476412375308
2026-04-19 22:00:00,9.4856392356698,7.650402318761021
2026-04-20 00:00:00,10.13576308118583,7.988659156987836
2026-04-20 02:00:00,10.499007590220476,8.177653823122217
2026-04-20 04:00:00,10.939455528367642,8.406817124835777
2026-04-20 06:00:00,11.551243107237852,8.725127756759788
2026-04-20 08:00:00,11.390074312767759,8.641272277201118
2026-04-20 10:00:00,12.22372046100222,9.075015035979485
2026-04-20 12:00:00,12.957586136793417,9.456842413775899
2026-04-20 14:00:00,12.244760700640901,9.085962188564043
2026-04-20 16:00:00,13.094054304649209,9.527846256037488
2026-04-20 18:00:00,16.12560915139633,11.105152125441299
2026-04-20 20:00:00,15.713410459297933,10.890686793532488
2026-04-20 22:00:00,14.869761116122362,10.451739412409786
2026-04-21 00:00:00,15.200062142376078,10.623593716130877
2026-04-21 02:00:00,13.771896500393154,9.880524841095466
2026-04-21 04:00:00,14.421489450088293,10.218505456348712
2026-04-21 06:00:00,14.869397871613327,10.451550417743649
2026-04-21 08:00:00,16.358979777508438,11.226573929407023
2026-04-21 10:00:00,17.027349674132147,11.574324115094269
2026-04-21 12:00:00,14.968172436185464,10.502942428880955
2026-04-21 14:00:00,14.033767849521814,10.016775457327125
2026-04-21 16:00:00,14.330315078320593,10.171067795148966
2026-04-21 18:00:00,13.852592665169475,9.922510733079804
2026-04-21 20:00:00,14.099319512459887,10.050881725538737
2026-04-21 22:00:00,13.963885194360595,9.980415791173106
2026-04-22 00:00:00,15.976846554003984,11.02775154063364
2026-04-22 02:00:00,19.425601690320047,12.82212505311842
2026-04-22 04:00:00,19.197288545449094,12.703334636427332
2026-04-22 06:00:00,20.560070175805823,13.412384471558559
2026-04-22 08:00:00,20.560629013511992,13.412675232583391
2026-04-22 10:00:00,20.96994969142344,13.625643145214351
2026-04-22 12:00:00,21.18968467750407,13.739970380174416
2026-04-22 14:00:00,23.4521391310836,14.917116389166779
2026-04-22 16:00:00,22.60784712454588,14.477834632865507
2026-04-22 18:00:00,23.38686688699862,14.883155501467549
2026-04-22 20:00:00,21.750282722485732,14.031647302224718
2026-04-22 22:00:00,22.228843392196215,14.280640505831144
2026-04-23 00:00:00,21.715662726586178,14.013634656736992
2026-04-23 02:00:00,20.362241627808476,13.309455068771529
2026-04-23 04:00:00,20.30683286923804,13.280626113160416
2026-04-23 06:00:00,21.120891755869938,13.7041776980188
2026-04-23 08:00:00,20.13431966933191,13.190868184797827
2026-04-23 10:00:00,18.86374626049938,12.529793918762255
2026-04-23 12:00:00,20.16835288563992,13.208575531209487
2026-04-23 14:00:00,21.03522193550842,13.659604032913581
2026-04-23 16:00:00,20.819929709192113,13.547588348100845
2026-04-23 18:00:00,19.6322039903048,12.929619403995149
2026-04-23 20:00:00,20.21428934509014,13.232476087449886
2026-04-23 22:00:00,21.18758903610578,13.738880026331321
2026-04-24 00:00:00,21.695907813671777,14.003356254509528
2026-04-24 02:00:00,20.881206263677733,13.579470294472577
2026-04-24 04:00:00,19.60803425951135,12.917043989671603
2026-04-24 06:00:00,19.942638336102856,13.091137153283835
2026-04-24 08:00:00,19.931349814437485,13.08526378058244
2026-04-24 10:00:00,19.838163626927457,13.036779379693339
2026-04-24 12:00:00,21.300362485218393,13.797555601140424
2026-04-24 14:00:00,20.635289731061288,13.451520905499628
2026-04-24 16:00:00,19.907794805120854,13.073008203386172
2026-04-24 18:00:00,19.463407061144935,12.841795036447639
2026-04-24 20:00:00,19.743021507445647,12.987277315217375
2026-04-24 22:00:00,18.65496449346042,12.42116559988871
2026-04-25 00:00:00,19.012536799777017,12.607209041621145
2026-04-25 02:00:00,19.434235732880943,12.82661731095192
2026-04-25 04:00:00,19.465670353855064,12.842972618598164
2026-04-25 06:00:00,19.143165113602954,12.675174431173314
2026-04-25 08:00:00,19.533625018929833,12.878329159216516
2026-04-25 10:00:00,19.937105842811416,13.088258619138108
2026-04-25 12:00:00,19.292682141898666,12.752967543364466
2026-04-25 14:00:00,19.5710112614751,12.897781071777123
2026-04-25 16:00:00,18.845975221442007,12.520547718172917
2026-04-25 18:00:00,18.61050895393161,12.398035560364098
2026-04-25 20:00:00,19.074707494592584,12.639556205632605
2026-04-25 22:00:00,19.29231889738961,12.752778548698327
2026-04-26 00:00:00,19.13972826170974,12.673386250870648
2026-04-26 02:00:00,19.168424577923506,12.688316829495275
2026-04-26 04:00:00,19.899440181413038,13.068661326065087
2026-04-26 06:00:00,20.527434053763283,13.395404027708944
2026-04-26 08:00:00,20.62117907897954,13.44417918962286
2026-04-26 10:00:00,20.5369063528835,13.400332427079675
2026-04-26 12:00:00,20.06371052515264,13.154130529311544
2026-04-26 14:00:00,20.797408549631978,13.535870678800515
2026-04-26 16:00:00,20.30498870480755,13.279666601778509
2026-04-26 18:00:00,21.32355425002601,13.809622183670555
2026-04-26 20:00:00,21.072803771250843,13.679157711832863
2026-04-26 22:00:00,21.406150463003424,13.852596663139261
2026-04-27 00:00:00,24.186591586466342,15.299249066039255
2026-04-27 02:00:00,23.687577456708663,15.039614008924335
2026-04-27 04:00:00,23.112561398906884,14.740435452433603
2026-04-27 06:00:00,19.692195218066118,12.960832600009804
2026-04-27 08:00:00,19.983405546770648,13.11234817004461
2026-04-27 10:00:00,20.111016136983057,13.178743450062743
2026-04-27 12:00:00,19.600657601789422,12.913205944143952
2026-04-27 14:00:00,20.01389014364427,13.12820918394867
2026-04-27 16:00:00,16.67019649609515,11.388498744130446
2026-04-27 18:00:00,17.272260298877406,11.701750134222557
2026-04-27 20:00:00,17.62536190354437,11.885467487756404
2026-04-27 22:00:00,17.92151794594886,12.039556292860894
2026-04-28 00:00:00,18.796657793869205,12.494888057732346
2026-04-28 02:00:00,17.43116580063739,11.784428031630734
2026-04-28 04:00:00,17.423202363323977,11.780284687027034
2026-04-28 06:00:00,16.953555155027487,11.535929121766507
2026-04-28 08:00:00,17.3408017435437,11.73741197391699
2026-04-28 10:00:00,16.66952589084775,11.388149830900662
2026-04-28 12:00:00,15.981317255653654,11.030077628832212
2026-04-28 14:00:00,14.802002044244766,10.41648463815011
2026-04-28 16:00:00,15.291124746602527,10.670973225125637
2026-04-28 18:00:00,15.618435991128024,10.841271957363954
2026-04-28 20:00:00,16.238103181655806,11.163682319737987
2026-04-28 22:00:00,15.618408049242733,10.841257419312724
2026-04-29 00:00:00,16.372363940572075,11.233537655951496
2026-04-29 02:00:00,16.426263837335746,11.261581556795576
2026-04-29 04:00:00,18.48968824184961,12.335173026797557
2026-04-29 06:00:00,17.822715439491432,11.988149743672341
2026-04-29 08:00:00,17.865354756475043,12.010334809866288
2026-04-29 10:00:00,19.467235099432436,12.84378674946766
2026-04-29 12:00:00,18.137396951856655,12.151877276749692
2026-04-29 14:00:00,16.53442687537216,11.317858353149923
2026-04-29 16:00:00,14.392793133874548,10.203574877724085
2026-04-29 18:00:00,13.58351230963073,9.78250929962794
2026-04-29 20:00:00,14.038629737565792,10.019305078243066
2026-04-29 22:00:00,14.738825441558035,10.383614104293958
2026-04-30 00:00:00,15.636765867891643,10.85080891897814
2026-04-30 02:00:00,14.116727307008262,10.05993893146197
2026-04-30 04:00:00,13.53626258157092,9.757925454979219
2026-04-30 06:00:00,14.253055765437466,10.130870083467327
2026-04-30 08:00:00,15.104277359532182,10.573757276476373
2026-04-30 10:00:00,15.021820855981332,10.530855487263882
2026-04-30 12:00:00,15.803690690735687,10.937659237092493
2026-04-30 14:00:00,15.783460765771032,10.927133687993953
2026-04-30 16:00:00,15.671106444938063,10.868676183953465
2026-04-30 18:00:00,15.919705398544314,10.998021225845571
2026-04-30 20:00:00,16.31776549667567,11.205130303826385
2026-04-30 22:00:00,15.604129745849143,10.833828475128527
2026-05-01 00:00:00,16.221617469322716,11.155104869505742
2026-05-01 02:00:00,16.597407884861674,11.350627120647365
2026-05-01 04:00:00,17.854513304974628,12.00469404598474
2026-05-01 06:00:00,17.717709834495096,11.933515747108276
2026-05-01 08:00:00,18.790650288527495,12.491762376715512
2026-05-01 10:00:00,18.586311281252833,12.385445607989292
2026-05-01 12:00:00,20.23954880941069,13.245618485771814
2026-05-01 14:00:00,21.532531610262144,13.918352268902778
2026-05-01 16:00:00,21.129078728265917,13.708437347032437
2026-05-01 18:00:00,21.714572993059075,14.013067672738577
2026-05-01 20:00:00,20.195316804964392,13.222604750657144
2026-05-01 22:00:00,20.958689111643366,13.619784310564187
2026-05-02 00:00:00,21.485030405234532,13.893637581792886
2026-05-02 02:00:00,21.51906362154252,13.911344928204567
2026-05-02 04:00:00,21.020496561949876,13.651942479909504
2026-05-02 06:00:00,21.4460514752266,13.87335700031156
2026-05-02 08:00:00,21.41131971178579,13.85528620261885
2026-05-02 10:00:00,21.2267076755403,13.759233298068866
2026-05-02 12:00:00,21.1203608600491,13.70390147504523
2026-05-02 14:00:00,21.714796528141562,14.013183977148516
2026-05-02 16:00:00,21.801528140144928,14.058310088200917
2026-05-02 18:00:00,21.833940727104938,14.075174227640593
2026-05-02 20:00:00,21.791357293891974,14.053018237549155
2026-05-02 22:00:00,22.857619637335137,14.607790272909755
2026-05-03 00:00:00,22.045460798904358,14.185227275535775
2026-05-03 02:00:00,21.010297773811594,13.646636091206513
2026-05-03 04:00:00,20.98610010113283,13.634046138831721
2026-05-03 06:00:00,21.335681028250683,13.815931697909198
2026-05-03 08:00:00,21.613870438400593,13.960672536065639
2026-05-03 10:00:00,21.670173337300934,13.989966709316459
2026-05-03 12:00:00,22.617626784404504,14.482922950799887
2026-05-03 14:00:00,22.6006101762505,14.47406927759407
2026-05-03 16:00:00,22.357515774050416,14.347588231796445
2026-05-03 18:00:00,22.59689390550421,14.47213571677899
2026-05-03 20:00:00,23.08956522729644,14.7284706362622
2026-05-03 22:00:00,23.819686690456017,15.108349915192287
2026-05-04 00:00:00,22.058928787623934,14.19223461623397
2026-05-04 02:00:00,26.602726409252863,16.5563543568577
2026-05-04 04:00:00,27.04633178044005,16.787160458361495
2026-05-04 06:00:00,25.777323117184913,16.126900323195414
2026-05-04 08:00:00,25.303428742321277,15.880334974146255
2026-05-04 10:00:00,23.157380182944642,14.763754486624336
2026-05-04 12:00:00,22.92523899978619,14.64297235691323
2026-05-04 14:00:00,26.72248532969302,16.618664444477087
2026-05-04 16:00:00,26.188432075756186,16.340798671105812
2026-05-04 18:00:00,26.4395737409257,16.47146667566089
2026-05-04 20:00:00,25.94162140280981,16.212384064493122
2026-05-04 22:00:00,26.306346831765886,16.402149247343274
2026-05-05 00:00:00,26.59534975153094,16.552516311330045
2026-05-05 02:00:00,27.668374031219173,17.110806555091003
2026-05-05 04:00:00,28.64008103477217,17.616381825051715
2026-05-05 06:00:00,28.845621543115147,17.723323729981292
2026-05-05 08:00:00,28.396427794865875,17.489610018229275
2026-05-05 10:00:00,28.419815152870626,17.501778367118067
2026-05-05 12:00:00,29.69340628531669,18.164422742687705
2026-05-05 14:00:00,29.853177985521288,18.247551319684344
2026-05-05 16:00:00,29.71112144060343,18.17363986717455
2026-05-05 18:00:00,30.351689161343348,18.50692469187691
2026-05-05 20:00:00,30.71878965055085,18.69792560908257
2026-05-05 22:00:00,29.223591425708356,17.91997994911975
2026-05-06 00:00:00,28.99653566567637,17.80184374473451
2026-05-06 02:00:00,29.928481366432674,18.286731367779122
2026-05-06 04:00:00,29.83783789048593,18.239569929552975
2026-05-06 06:00:00,30.244699682490015,18.451258493674718
2026-05-06 08:00:00,31.555034394119158,19.133020406626404
2026-05-06 10:00:00,32.51729704043719,19.6336818152676
2026-05-06 12:00:00,32.32290534433306,19.53254059278324
2026-05-06 14:00:00,30.384464992812394,18.523977825982726
2026-05-06 16:00:00,30.67564737963163,18.6754788579663
2026-05-06 18:00:00,29.899421805709935,18.271611794488372
2026-05-06 20:00:00,30.10725354864836,18.379745819619732
2026-05-06 22:00:00,29.869384279001288,18.25598338940417
2026-05-07 00:00:00,28.960071505346384,17.782871587864875
2026-05-07 02:00:00,29.229375395967583,17.92298932572663
2026-05-07 04:00:00,28.854535004529158,17.727961368327207
2026-05-07 06:00:00,30.138241099457545,18.395868518446097
2026-05-07 08:00:00,29.558810223776682,18.094392949859287
2026-05-07 10:00:00,28.495649429602928,17.541234638186445
2026-05-07 12:00:00,29.365368551773063,17.99374602111711
2026-05-07 14:00:00,26.597361567273264,16.553563051019403
2026-05-07 16:00:00,25.56267355423077,16.01521901356125
2026-05-07 18:00:00,26.678979814264807,16.596028698694678
2026-05-07 20:00:00,25.7831629712148,16.12993877590482
2026-05-07 22:00:00,25.892192207695793,16.186666251847598
2026-05-08 00:00:00,25.6490419217251,16.06015612994751
2026-05-08 02:00:00,24.689154335658408,15.560730455661798
2026-05-08 04:00:00,25.155141156979198,15.803181536209705
2026-05-08 06:00:00,24.793377567866028,15.61495738679111
2026-05-08 08:00:00,25.799983986171593,16.138690682751943
2026-05-08 10:00:00,26.71242625098128,16.61343074603028
2026-05-08 12:00:00,26.190639484695726,16.341947177153873
2026-05-08 14:00:00,26.54033217935483,16.52389088843632
2026-05-08 16:00:00,25.566194231779843,16.017050808017622
2026-05-08 18:00:00,26.337557917657538,16.418388250579593
2026-05-08 20:00:00,26.490372088419896,16.497896852817213
2026-05-08 22:00:00,26.850570931955716,16.68530687136631
2026-05-09 00:00:00,26.785633990494418,16.651520440281974
2026-05-09 02:00:00,27.286101098288214,16.911911476061437
2026-05-09 04:00:00,27.180005759764796,16.856710495498938
2026-05-09 06:00:00,26.855935773935297,16.688098177204594
2026-05-09 08:00:00,27.256063571579585,16.89628307097724
2026-05-09 10:00:00,26.85621519278843,16.688243557717012
2026-05-09 12:00:00,27.23049674652063,16.882980754091633
2026-05-09 14:00:00,27.046778850605023,16.787393067181355
2026-05-09 16:00:00,27.864889310606934,17.213052669469693
2026-05-09 18:00:00,28.65463875701885,17.62395614974833
2026-05-09 20:00:00,28.369212398573584,17.47544995632044
2026-05-09 22:00:00,28.304610759736025,17.44183798185099
2026-05-10 00:00:00,28.01865350546982,17.293055565449496
2026-05-10 02:00:00,28.290751584622083,17.434627108435393
2026-05-10 04:00:00,28.24188122721425,17.409200056814704
2026-05-10 06:00:00,28.16872937147178,17.371139438665498
2026-05-10 08:00:00,28.438592099799198,17.5115479375521
2026-05-10 10:00:00,28.560027533357978,17.574730308245933
2026-05-10 12:00:00,28.710718120836752,17.653134018589228
2026-05-10 14:00:00,28.885047543288056,17.743836920282497
2026-05-10 16:00:00,29.969583879724233,18.30811684115479
2026-05-10 18:00:00,29.672589580760476,18.153591894513085
2026-05-10 20:00:00,28.171886804511857,17.37278223845575
2026-05-10 22:00:00,31.831184046641425,19.276699967042244
2026-05-11 00:00:00,30.22910811048682,18.443146261082198
2026-05-11 02:00:00,29.385123464687524,18.00402442334457
2026-05-11 04:00:00,28.42260934140165,17.503232172242196
2026-05-11 06:00:00,28.417719511472338,17.50068801327499
2026-05-11 08:00:00,28.264346503003797,17.42088865001257
2026-05-11 10:00:00,28.74503075599788,17.67098674551332
2026-05-11 12:00:00,29.06538447108109,17.837665502992586
2026-05-11 14:00:00,28.782416998543127,17.69043865807391
2026-05-11 16:00:00,30.521715533456884,18.59538873367905
2026-05-11 18:00:00,31.312778248478395,19.006975502366014
2026-05-11 20:00:00,31.2067667356109,18.951818135957254
2026-05-11 22:00:00,31.242811767661237,18.970572222058273
2026-05-12 00:00:00,30.43607365498062,18.55082960662505
2026-05-12 02:00:00,29.61103360742172,18.121564567628905
2026-05-12 04:00:00,29.583315257193828,18.107142820797726
2026-05-12 06:00:00,28.97538365849645,17.79083843994498
2026-05-12 08:00:00,28.474860666932027,17.530418328063057
2026-05-12 10:00:00,27.980456948250566,17.27318204940291
2026-05-12 12:00:00,28.58090012168482,17.585590232523046
2026-05-12 14:00:00,27.6273553435836,17.08946469586906
2026-05-12 16:00:00,26.11852147870967,16.30442446690056
2026-05-12 18:00:00,28.016082852021285,17.291718064735324
2026-05-12 20:00:00,28.065679698447166,17.317523105688295
2026-05-12 22:00:00,27.952682714252084,17.25873122646925
2026-05-13 00:00:00,28.124720902107946,17.34824200796075
2026-05-13 02:00:00,29.0523914944118,17.830905309165466
2026-05-13 04:00:00,29.560822039519046,18.09543968954864
2026-05-13 06:00:00,28.856938006665832,17.729211640733933
2026-05-13 08:00:00,29.461935707405694,18.04398952620638
2026-05-13 10:00:00,28.379020000317485,17.480552812306044
2026-05-13 12:00:00,26.685099087147773,16.599212531916482
2026-05-13 14:00:00,25.436739477136967,15.94969601661758
2026-05-13 16:00:00,23.6271671006677,15.008182742141063
2026-05-13 18:00:00,24.995648875627694,15.720198339725464
2026-05-13 20:00:00,25.27730307955609,15.866741896235832
2026-05-13 22:00:00,24.521503023796278,15.473502148215148
2026-05-14 00:00:00,24.944934353789417,15.69381177672288
2026-05-14 02:00:00,24.35882536751938,15.388861613889429
2026-05-14 04:00:00,24.586244372060364,15.507186812940793
2026-05-14 06:00:00,25.572816458598407,16.020496326161783
2026-05-14 08:00:00,25.61989853534636,16.044992942503022
2026-05-14 10:00:00,24.917020410364348,15.679288263533007
2026-05-14 12:00:00,25.46775496983149,15.965833253495207
2026-05-14 14:00:00,28.814466340994123,17.70711380284748
2026-05-14 16:00:00,31.39503915883205,19.04977552521981
2026-05-14 18:00:00,30.538871851037435,18.6043150971411
2026-05-14 20:00:00,30.063999510187912,18.357240916298476
2026-05-14 22:00:00,30.186832038012263,18.42115018955439
2026-05-15 00:00:00,30.36194383325224,18.512260156682398
2026-05-15 02:00:00,29.748535625033988,18.193106317786402
2026-05-15 04:00:00,28.143469907151207,17.35799704034355
2026-05-15 06:00:00,27.73912288482505,17.147616900833487
2026-05-15 08:00:00,27.90118581962509,17.231937598031895
2026-05-15 10:00:00,28.11977518840801,17.345668772891067
2026-05-15 12:00:00,27.194563482011496,16.864284820195568
2026-05-15 14:00:00,23.74446713520053,15.069213481251218
2026-05-15 16:00:00,24.146662632357817,15.278474190815711
2026-05-15 18:00:00,24.117854548602853,15.263485459986132
2026-05-15 20:00:00,23.66832549772982,15.02959729161921
2026-05-15 22:00:00,23.624344970251364,15.006714398965723
2026-05-16 00:00:00,23.637030586182227,15.01331467422918
2026-05-16 02:00:00,23.758913089906,15.076729653742877
2026-05-16 04:00:00,23.422828093393022,14.901865973414843
2026-05-16 06:00:00,22.34075064286419,14.33886540105177
2026-05-16 08:00:00,21.722005534551652,14.016934794368721
2026-05-16 10:00:00,20.418348933511666,13.338647475663674
2026-05-16 12:00:00,20.272444545126802,13.407310691675411
2026-05-16 14:00:00,19.891480183708225,13.586593939580743
2026-05-16 16:00:00,19.65852103276292,13.696225383989924
2026-05-16 18:00:00,19.58484279711724,13.730898636199953
2026-05-16 20:00:00,19.48848958245093,13.776242818020974
2026-05-16 22:00:00,19.719409838824905,13.667570884993701
2026-05-17 00:00:00,20.462061740260328,13.318076133157513
2026-05-17 02:00:00,20.617573789837156,13.244891583209768
2026-05-17 04:00:00,19.806402673868256,13.626631732698739
2026-05-17 06:00:00,19.971027964332023,13.549158457634894
2026-05-17 08:00:00,20.01736647731677,13.52735138077324
2026-05-17 10:00:00,18.855227464001466,14.074258330412409
2026-05-17 12:00:00,19.16773439557057,13.927191404057378
2026-05-17 14:00:00,20.13565325479583,13.471685182571017
2026-05-17 16:00:00,20.18863362130837,13.446752424692527
2026-05-17 18:00:00,19.46671048134811,13.78649214414596
2026-05-17 20:00:00,19.43794971095559,13.800027069851414
2026-05-17 22:00:00,20.303305994774597,13.392787178485555
2026-05-18 00:00:00,22.73542918729169,12.248220942324494
2026-05-18 02:00:00,23.892470964178653,11.703712771140113
2026-05-18 04:00:00,23.26510928304925,11.998951515744514
2026-05-18 06:00:00,23.654260115095116,11.815815684260297
2026-05-18 08:00:00,23.259147061045248,12.001757359634027
2026-05-18 10:00:00,24.110787145020755,11.600972363019224
2026-05-18 12:00:00,21.406965804703194,12.873400759845788
2026-05-18 14:00:00,25.257171063921263,11.061479819513007
2026-05-18 16:00:00,25.206631192425906,11.085264071343449
2026-05-18 18:00:00,25.69321647110766,10.856275226244797
2026-05-18 20:00:00,23.662292124012453,11.812035790937582
2026-05-18 22:00:00,23.142374008323678,12.056711193325418
2026-05-19 00:00:00,22.948833485757422,12.14779208435093
2026-05-19 02:00:00,24.565738665504956,11.386870482391446
2026-05-19 04:00:00,23.60875569534409,11.837230233738428
2026-05-19 06:00:00,23.293190421918037,11.985736427166321
2026-05-19 08:00:00,23.23353730953562,12.013809404112925
2026-05-19 10:00:00,23.254667671456712,12.003865377063985
2026-05-19 12:00:00,23.56871922012525,11.856071548146923
2026-05-19 14:00:00,25.260939929644028,11.059706177261587
2026-05-19 16:00:00,23.709650084282874,11.789748958384974
2026-05-19 18:00:00,23.991728058991978,11.657002012502447
2026-05-19 20:00:00,23.315340231124726,11.975312644426458
2026-05-19 22:00:00,24.273064617493304,11.524603979849688
2026-05-20 00:00:00,24.03636749316726,11.63599452845904
2026-05-20 02:00:00,24.34037903068917,11.492925566195309
2026-05-20 04:00:00,24.06250241449068,11.623695337109048
2026-05-20 06:00:00,22.104731133227375,12.545029796462929
2026-05-20 08:00:00,21.96902107486608,12.608895455565102
2026-05-20 10:00:00,21.78548967110453,12.69526601798852
2026-05-20 12:00:00,21.477153205704052,12.840370307425989
2026-05-20 14:00:00,22.00596831588591,12.59150794628075
2026-05-20 16:00:00,22.337999207592546,12.435252971541349
2026-05-20 18:00:00,22.101703683712408,12.546454525484563
2026-05-20 20:00:00,21.159734391758604,12.989748783928345
2026-05-20 22:00:00,21.82490829948352,12.676715464604872
2026-05-21 00:00:00,20.396446405873945,13.348954953993614
2026-05-21 02:00:00,20.431385644664466,13.332512418039924
2026-05-21 04:00:00,20.18418512406182,13.448845904071252
2026-05-21 06:00:00,21.462077742813012,12.84746487643165
2026-05-21 08:00:00,20.527615289962746,13.287226388423889
2026-05-21 10:00:00,22.772098397233616,12.23096427550131
2026-05-21 12:00:00,22.52356950592545,12.347922897736009
2026-05-21 14:00:00,23.43155722169043,11.920620495657422
2026-05-21 16:00:00,22.74166944037363,12.245284255973797
2026-05-21 18:00:00,22.186194239054554,12.506692955340137
2026-05-21 20:00:00,21.203601517384126,12.969104751165988
2026-05-21 22:00:00,21.443974830406987,12.855984174458957
2026-05-22 00:00:00,22.229968687654132,12.486092536731501
2026-05-22 02:00:00,21.303847167141125,12.921928774888611
2026-05-22 04:00:00,21.359268028670865,12.895847510962058
2026-05-22 06:00:00,22.07600125517682,12.558550184117168
2026-05-22 08:00:00,22.558014467244092,12.331712970602181
2026-05-22 10:00:00,22.4201728372855,12.396581755239989
2026-05-22 12:00:00,21.73467176853125,12.719181112280129
2026-05-22 14:00:00,24.081470312472412,11.614768973647017
2026-05-22 16:00:00,23.536374938061947,11.871292887796333
2026-05-22 18:00:00,24.812877401423556,11.270566072462609
2026-05-22 20:00:00,26.52122391346099,10.46661183882943
2026-05-22 22:00:00,27.284110298899733,10.107594663430316
2026-05-23 00:00:00,28.473094757404194,9.548054147262617
2026-05-23 02:00:00,27.795224097121412,9.867062605646213
2026-05-23 04:00:00,27.895006361748553,9.820104700137437
2026-05-23 06:00:00,28.331947646852697,9.614478503383243
2026-05-23 08:00:00,30.537753541952274,8.576418030614525
2026-05-23 10:00:00,30.473806394033335,8.606511796683625
2026-05-23 12:00:00,30.32265016467715,8.677646481406335
2026-05-23 14:00:00,27.901339291856488,9.817124399633016
2026-05-23 16:00:00,28.18869985704586,9.681891446988237
2026-05-23 18:00:00,26.949546235149906,10.265041758371503
2026-05-23 20:00:00,22.49561193642463,12.361079834109217
2026-05-23 22:00:00,24.66774517875534,11.338865837193298
2026-05-24 00:00:00,23.893243272728412,11.703349319859099
2026-05-24 02:00:00,23.909183721195156,11.695847685418668
2026-05-24 04:00:00,24.043565408850892,11.632607162519864
2026-05-24 06:00:00,23.422382196119447,11.924938296876029
2026-05-24 08:00:00,23.907052149597856,11.696850810954318
2026-05-24 10:00:00,22.794773376254142,12.220293345890337
2026-05-24 12:00:00,23.01722913092289,12.115604838903137
2026-05-24 14:00:00,25.036259926351995,11.16544142393816
2026-05-24 16:00:00,24.398209494894115,11.46571033427197
2026-05-24 18:00:00,24.416652223062062,11.457031117681014
2026-05-24 20:00:00,24.408403967750772,11.46091277736239
2026-05-24 22:00:00,23.989534702710674,11.658034214140557
2026-05-25 00:00:00,22.911330182581775,12.16544127855764
2026-05-25 02:00:00,23.04799790354474,12.101124939867002
2026-05-25 04:00:00,22.17590708917193,12.511534126403422
2026-05-25 06:00:00,22.086937144241272,12.553403713977787
2026-05-25 08:00:00,21.972419232484974,12.607296269928591
2026-05-25 10:00:00,21.698373266693206,12.736263322488437
2026-05-25 12:00:00,22.247237506826476,12.477965766087701
2026-05-25 14:00:00,21.178300689294485,12.981011415132453
2026-05-25 16:00:00,21.1112951995185,13.012544448274419
2026-05-25 18:00:00,21.70535493598291,12.732977722907938
2026-05-25 20:00:00,22.540467616993887,12.33997058370712
2026-05-25 22:00:00,23.02501400110431,12.111941249990393
2026-05-26 00:00:00,24.024381264475206,11.641635292340604
2026-05-26 02:00:00,24.4343535350222,11.448700814319878
2026-05-26 04:00:00,24.157867074213254,11.578816372927768
2026-05-26 06:00:00,23.668192561332532,11.809259023150531
2026-05-26 08:00:00,24.22932106123575,11.545189860407094
2026-05-26 10:00:00,22.055643201805562,12.568130759885046
2026-05-26 12:00:00,22.974690376002886,12.13562373546214
2026-05-26 14:00:00,23.668192561332532,11.809259023150531
2026-05-26 16:00:00,24.74945542331844,11.3004126916606
2026-05-26 18:00:00,26.965826499378544,10.257380205367427
2026-05-26 20:00:00,26.143132539847485,10.644543047969313
2026-05-26 22:00:00,27.24858410561145,10.124313422357575
2026-05-27 00:00:00,26.210632307095267,10.612777406007504
2026-05-27 02:00:00,26.847045444427664,10.31327901238948
2026-05-27 04:00:00,27.7737848117805,9.877152013207521
2026-05-27 06:00:00,26.97169604435666,10.254617975631607
2026-05-27 08:00:00,26.864839433413806,10.304905094874604
2026-05-27 10:00:00,26.751835246415023,10.358085286314575
2026-05-27 12:00:00,27.43708917643338,10.035602233684342
2026-05-27 14:00:00,29.463873949701934,9.08178976785785
2026-05-27 16:00:00,28.623324216500727,9.477355604077106
2026-05-27 18:00:00,29.48009242924658,9.074157290956268
2026-05-27 20:00:00,28.714240378976776,9.434570119274538
2026-05-27 22:00:00,31.3600150086955,8.18945872073001
2026-05-28 00:00:00,30.888814116324646,8.411207616310602
2026-05-28 02:00:00,31.763808810844512,7.9994318529575015
2026-05-28 04:00:00,35.17886454079392,6.392293902406947
2026-05-28 06:00:00,35.114762931165004,6.422460358732229
2026-05-28 08:00:00,34.73423106253432,6.601540073920178
2026-05-28 10:00:00,34.50522613136375,6.709310647770492
2026-05-28 12:00:00,34.14069649588381,6.880859652415534
2026-05-28 14:00:00,35.63882062068043,6.1758368574781
2026-05-28 16:00:00,34.37961786883312,6.7684223641168275
2026-05-28 18:00:00,33.72405147946698,7.07693434950436
2026-05-28 20:00:00,33.94922576023081,6.970966494007941
2026-05-28 22:00:00,34.30507464761164,6.8035026817616275
2026-05-29 00:00:00,33.52791600017361,7.169236436834122
2026-05-29 02:00:00,35.04568765447577,6.45496744130735
2026-05-29 04:00:00,34.17257739281728,6.865856383534739
2026-05-29 06:00:00,33.31182406795472,7.2709301052656885
2026-05-29 08:00:00,33.722445077683524,7.077690328168883
2026-05-29 10:00:00,33.78039911125643,7.050416944040573
2026-05-29 12:00:00,34.82737147363365,6.557707849428239
2026-05-29 14:00:00,35.44175837112731,6.268575086345127
2026-05-29 16:00:00,32.47717477207361,7.663719173697892
2026-05-29 18:00:00,34.58397071109581,6.672253155156935
2026-05-29 20:00:00,33.6600116545221,7.107071729727167
2026-05-29 22:00:00,34.2472441834067,6.8307179136849845
2026-05-30 00:00:00,34.20004068484624,6.852932055981394
2026-05-30 02:00:00,33.310681051301096,7.271468013161596
2026-05-30 04:00:00,34.49648359858062,6.71342491627173
2026-05-30 06:00:00,33.933779589235904,6.978235519628492
2026-05-30 08:00:00,34.10344033144404,6.898392542212335
2026-05-30 10:00:00,33.714876453896,7.0812521507229675
2026-05-30 12:00:00,33.584109170253114,7.142791721626553
2026-05-30 14:00:00,32.870712316682024,7.478518938937441
2026-05-30 16:00:00,32.852547619591974,7.48706731306721
2026-05-30 18:00:00,32.51770552476425,7.644645250469551
2026-05-30 20:00:00,32.713995465767645,7.5522704728835555
2026-05-30 22:00:00,33.0122301353374,7.411920126201922
2026-05-31 00:00:00,32.53370775791502,7.637114539926644
2026-05-31 02:00:00,32.37109046968057,7.7136428416598415
2026-05-31 04:00:00,32.10059712321766,7.840938018326959
2026-05-31 06:00:00,32.48221022381795,7.66134947134558
2026-05-31 08:00:00,32.84445382599067,7.49087628249237
2026-05-31 10:00:00,32.9606399242144,7.436198671774581
2026-05-31 12:00:00,32.898855240234745,7.465274774256771
2026-05-31 14:00:00,33.88070654569743,7.003211891660706
2026-05-31 16:00:00,34.11558102184606,6.892679088074571
2026-05-31 18:00:00,33.87601090971493,7.005421675449355
2026-05-31 20:00:00,33.45596773567926,7.203095558174676
2026-05-31 22:00:00,32.8227982942558,7.501067456412372
2026-06-01 00:00:00,33.00697843719912,7.414391594912911
2026-06-01 02:00:00,33.30045568610252,7.276280108122406
2026-06-01 04:00:00,34.08509028030212,6.907028144649535
2026-06-01 06:00:00,35.32161805312887,6.325113567621796
2026-06-01 08:00:00,36.04168765256978,5.986246131242842
2026-06-01 10:00:00,36.51671919534735,5.762694517308352
2026-06-01 12:00:00,38.14520900334108,4.9963211461334405
2026-06-01 14:00:00,40.1650121073199,4.045794279887448
2026-06-01 16:00:00,40.17706012069598,4.0401244399034075
2026-06-01 18:00:00,40.37900336028346,3.9450891989403005
2026-06-01 20:00:00,40.54162064851789,3.8685608972071193
2026-06-01 22:00:00,40.65901154807923,3.8133163024909127
2026-06-02 00:00:00,41.0259198938924,3.640647867900283
2026-06-02 02:00:00,42.39364744314996,2.9969901872515745
2026-06-02 04:00:00,42.506373599070876,2.9439408382727725
2026-06-02 06:00:00,44.680236812553,1.9209127104873585
2026-06-02 08:00:00,45.55856788000771,1.507566837600242
2026-06-02 10:00:00,46.08311984699499,1.2607107275262501
2026-06-02 12:00:00,48.06569767887613,0.3277022130257812
2026-06-02 14:00:00,51.127499478171835,-1.1131931215827264
2026-06-02 16:00:00,52.99914290996743,-1.9939954940763955
2026-06-02 18:00:00,53.21986869348476,-2.097869870194087
2026-06-02 20:00:00,52.460596712058816,-1.7405536467901765
2026-06-02 22:00:00,56.175617082729445,-3.488856074891891
2026-06-03 00:00:00,54.467857525189835,-2.6851780642323133
2026-06-03 02:00:00,55.45023400046632,-3.147488093699487
2026-06-03 04:00:00,55.926068744135605,-3.371417696966237
2026-06-03 06:00:00,54.328038785343836,-2.6193788443150576
2026-06-03 08:00:00,54.18985733962334,-2.5543501411135887
2026-06-03 10:00:00,53.36651464091048,-2.166881999435625
2026-06-03 12:00:00,54.03317138105096,-2.4806131452186886
2026-06-03 14:00:00,54.693556975767486,-2.791393066599824
2026-06-03 16:00:00,57.17458274565443,-3.95897303787554
2026-06-03 18:00:00,57.25261680152074,-3.995696155310574
2026-06-03 20:00:00,60.43236556253362,-5.492097769557643
2026-06-03 22:00:00,60.72364945515568,-5.6291770547100235
2026-06-04 00:00:00,65.56759957150251,-7.9087580273667095
2026-06-04 02:00:00,65.91662125130362,-8.07300893028874
2026-06-04 04:00:00,62.30839570689181,-6.37496454532753
2026-06-04 06:00:00,63.45759082891335,-6.915780051496689
2026-06-04 08:00:00,64.68710604010846,-7.494394490892714
2026-06-04 10:00:00,68.4250485285355,-9.25348415301531
2026-06-04 12:00:00,64.26440612466168,-7.295470335760654
2026-06-04 14:00:00,63.67080977332714,-7.0161216811627884
2026-06-04 16:00:00,64.89247832965684,-7.591043455543578
2026-06-04 18:00:00,64.10129455895537,-7.218709425207594
2026-06-04 20:00:00,64.66112558049501,-7.482167989798922
2026-06-04 22:00:00,64.36137718616776,-7.341105278606489
2026-06-05 00:00:00,65.31505467573567,-7.789909458470669
2026-06-05 02:00:00,67.81424514271266,-8.96603780387617
2026-06-05 04:00:00,64.73270313688545,-7.515852654524567
2026-06-05 06:00:00,69.88758467535988,-9.941759112922991
2026-06-05 08:00:00,68.31803745588279,-9.203124343516112
2026-06-05 10:00:00,68.06400972770041,-9.0835779481605
2026-06-05 12:00:00,69.84693035330126,-9.922627037489695
2026-06-05 14:00:00,73.21654344818363,-11.508379514664597
2026-06-05 16:00:00,71.59339801535411,-10.744521226354397
2026-06-05 18:00:00,77.76692363860114,-13.64980538637707
2026-06-05 20:00:00,70.89640499537964,-10.416513714252556
2026-06-05 22:00:00,71.00613459412756,-10.46815287226097
2026-06-06 00:00:00,71.96750427685096,-10.920577026884185
2026-06-06 02:00:00,72.96115645695373,-11.388193445054386
2026-06-06 04:00:00,75.58814854274264,-12.62446570844433
2026-06-06 06:00:00,73.4698915448422,-11.627606072892917
2026-06-06 08:00:00,71.9962032625595,-10.93408287648718
2026-06-06 10:00:00,74.06907941007691,-11.909586114765402
2026-06-06 12:00:00,72.71713784757611,-11.273357378300872
2026-06-06 14:00:00,73.45725657696833,-11.62166000993529
2026-06-06 16:00:00,73.50992802006104,-11.646447387301397
2026-06-06 18:00:00,73.93250436613985,-11.845313390228487
2026-06-06 20:00:00,73.70241820299961,-11.737033984584727
2026-06-06 22:00:00,74.22190382590055,-11.981505854255161
2026-06-07 00:00:00,73.48518325412715,-11.634802408257253
2026-06-07 02:00:00,71.24632255309847,-10.58118622066057
2026-06-07 04:00:00,70.05950055853329,-10.022663368079748
2026-06-07 06:00:00,69.410514238011,-9.717247987606592
2026-06-07 08:00:00,67.08120075963609,-8.621064385975941
2026-06-07 10:00:00,68.57790383670117,-9.325418430556297
2026-06-07 12:00:00,70.0293805250932,-10.008488768119678
2026-06-07 14:00:00,70.0144904162541,-10.001481427421465
2026-06-07 16:00:00,69.46414334370533,-9.742486044561161
2026-06-07 18:00:00,69.6294173733509,-9.820264618701067
2026-06-07 20:00:00,70.09938257204215,-10.04143199223203
2026-06-07 22:00:00,67.0476516762351,-8.605276062328114
2026-06-08 00:00:00,64.68268843520393,-7.492315549565235
2026-06-08 02:00:00,66.23190849365173,-8.221384281255464
2026-06-08 04:00:00,67.60760626714274,-8.868792779124396
2026-06-08 06:00:00,66.6702708264874,-8.427679228366769
2026-06-08 08:00:00,66.2229497144747,-8.217168246395532
2026-06-08 10:00:00,66.10101764064083,-8.159786558146893
2026-06-08 12:00:00,63.93948047161266,-7.1425591128067065
2026-06-08 14:00:00,63.655023786570354,-7.008692736978575
2026-06-08 16:00:00,64.98978920692477,-7.6368383169530585
2026-06-08 18:00:00,65.19114549201447,-7.731597334942595
2026-06-08 20:00:00,65.13350038186148,-7.7044693313266865
2026-06-08 22:00:00,65.2739987532312,-7.770588388371234
2026-06-09 00:00:00,67.98637727227998,-9.047043825391604
2026-06-09 02:00:00,67.04107160739126,-8.602179457413754
2026-06-09 04:00:00,65.88458589266013,-8.057932971151697
2026-06-09 06:00:00,65.70652243343076,-7.974135643797964
2026-06-09 08:00:00,67.09745013152269,-8.62871140092877
2026-06-09 10:00:00,67.29435791936588,-8.721376939539581
2026-06-09 12:00:00,67.72950744863456,-8.926159929321805
2026-06-09 14:00:00,71.13755061695228,-10.529997742240633
2026-06-09 16:00:00,71.6053842440462,-10.750161990235945
2026-06-09 18:00:00,70.36505671315466,-10.166459232905543
2026-06-09 20:00:00,69.228249420271,-9.631473485284072
2026-06-09 22:00:00,70.59523555332085,-10.274782252703027
2026-06-10 00:00:00,69.95990364795807,-9.975792690878436
2026-06-10 02:00:00,71.87770023868653,-10.878314911926298
2026-06-10 04:00:00,71.89737866053406,-10.887575650566882
2026-06-10 06:00:00,71.350893130734,-10.63039752411172
2026-06-10 08:00:00,72.003771886347,-10.937644699041247
2026-06-10 10:00:00,71.61903865920574,-10.756587808884527
2026-06-10 12:00:00,71.06940211052272,-10.497926801202745
2026-06-10 14:00:00,69.11706788144963,-9.579151038867332
2026-06-10 16:00:00,69.04496515524535,-9.545219227270596
2026-06-10 18:00:00,70.0870565275882,-10.035631309786835
2026-06-10 20:00:00,70.32335205146836,-10.146832863730031
2026-06-10 22:00:00,71.63334181354702,-10.763318926609154
2026-06-11 00:00:00,70.303302921517,-10.137397668474568
2026-06-11 02:00:00,69.26532023065882,-9.648919146773395
2026-06-11 04:00:00,67.4770861222357,-8.807369512630718
2026-06-11 06:00:00,67.33763809049361,-8.74174474932837
2026-06-11 08:00:00,66.76307142182486,-8.471351534295046
2026-06-11 10:00:00,66.17608603167614,-8.195114022662787
2026-06-11 12:00:00,66.60236945879375,-8.395724591738803
2026-06-11 14:00:00,67.45496720537099,-8.7969602679421
2026-06-11 16:00:00,67.92320243291078,-9.017313510603554
2026-06-11 18:00:00,65.20878501929069,-7.739898562201272
2026-06-11 20:00:00,65.41715386601207,-7.8379577178225235
2026-06-11 22:00:00,65.08864470129221,-7.683360080924603
2026-06-12 00:00:00,64.6289975448256,-7.467048416508189
2026-06-12 02:00:00,64.70539430656648,-7.5030010172274535
2026-06-12 04:00:00,64.4708287538377,-7.392613594153719
2026-06-12 06:00:00,66.69368722171568,-8.438699071207527
2026-06-12 08:00:00,65.17885033990257,-7.725811190548631
2026-06-12 10:00:00,64.46461939309773,-7.389691445854267
2026-06-12 12:00:00,65.19522328115713,-7.7335163577064145
2026-06-12 14:00:00,63.544089386484885,-6.956486594971792
2026-06-12 16:00:00,63.59818187730907,-6.981942722694943
2026-06-12 18:00:00,64.48936415903161,-7.401336424898379
2026-06-12 20:00:00,65.24622653778235,-7.757518680305488
2026-06-12 22:00:00,65.08249712523624,-7.6804670087276286
2026-06-13 00:00:00,64.77972128139396,-7.53797956851353
2026-06-13 02:00:00,64.63761650824075,-7.471104532804458
2026-06-13 04:00:00,65.05157389090445,-7.665914419435279
2026-06-13 06:00:00,64.36041952356608,-7.340654599018011
2026-06-13 08:00:00,64.14336992874551,-7.238510250998
2026-06-13 10:00:00,64.02903737104117,-7.184704923354657
2026-06-13 12:00:00,63.132819637574286,-6.762941518798924
2026-06-13 14:00:00,62.861430413193695,-6.635224738645823
2026-06-13 16:00:00,63.45394553255858,-6.914064561450224
2026-06-13 18:00:00,63.04527074037516,-6.721740681581637
2026-06-13 20:00:00,62.68429372422405,-6.551863552829305
2026-06-13 22:00:00,62.133915759333306,-6.292853631917753
2026-06-14 00:00:00,61.798641171717684,-6.1350721617980435
2026-06-14 02:00:00,62.03030284429938,-6.244093008055082
2026-06-14 04:00:00,62.496591854293825,-6.463530353488349
2026-06-14 06:00:00,62.66022858981396,-6.540538410912484
2026-06-14 08:00:00,62.1343482521211,-6.293057164635138
2026-06-14 10:00:00,61.934165876027066,-6.1988505925927715
2026-06-14 12:00:00,62.53224161695009,-6.480307264620578
2026-06-14 14:00:00,63.59487639671614,-6.980387151212157
2026-06-14 16:00:00,63.721287860138546,-7.0398768568907695
2026-06-14 18:00:00,64.12081851909296,-7.227897473591979
2026-06-14 20:00:00,63.51736751066369,-6.943911180648215
2026-06-14 22:00:00,59.136400923718405,-4.882211981941992
2026-06-15 00:00:00,58.520994578939025,-4.592599463167909
2026-06-15 02:00:00,58.99667486089839,-4.81645637617846
2026-06-15 04:00:00,58.46532657867343,-4.566401894831448
2026-06-15 06:00:00,57.94633523324432,-4.322162633980861
2026-06-15 08:00:00,58.40972036309172,-4.540233402597447
2026-06-15 10:00:00,57.6208535180395,-4.1689897261045745
2026-06-15 12:00:00,55.624837517392756,-3.2296571593142005
2026-06-15 14:00:00,55.538153605769324,-3.188863387531667
2026-06-15 16:00:00,53.78828778609754,-2.3653700130304376
2026-06-15 18:00:00,54.998865991652956,-2.935072627015679
2026-06-15 20:00:00,55.759250097390535,-3.292912220264267
2026-06-15 22:00:00,56.72815751155945,-3.7488836593903216
2026-06-16 00:00:00,56.593281546431854,-3.685410527671655
2026-06-16 02:00:00,58.162643411857076,-4.423958068771087
2026-06-16 04:00:00,57.85958953693688,-4.281339786095835
2026-06-16 06:00:00,55.987791643431294,-3.4004647233459653
2026-06-16 08:00:00,54.58648411843075,-2.7410041809981505
2026-06-16 10:00:00,55.77772371790045,-3.301605974906436
2026-06-16 12:00:00,56.03774456042881,-3.423972752202838
2026-06-16 14:00:00,58.431684818246474,-4.550569957029881
2026-06-16 16:00:00,58.11296852593739,-4.400580882375368
2026-06-16 18:00:00,57.83518458676489,-4.269854725615352
2026-06-16 20:00:00,57.816618289229005,-4.261117356819461
2026-06-16 22:00:00,58.045221619953736,-4.368698936003635
2026-06-17 00:00:00,58.29236035587234,-4.485003345932488
2026-06-17 02:00:00,57.66215657927985,-4.188427100613932
2026-06-17 04:00:00,57.699227389667676,-4.205872762103255
2026-06-17 06:00:00,58.52714215499502,-4.595492535364883
2026-06-17 08:00:00,60.68336584120095,-5.610219435891636
2026-06-17 10:00:00,61.0788496033547,-5.7963355678802575
2026-06-17 12:00:00,60.328536401105794,-5.443235379336294
2026-06-17 14:00:00,60.14142148567344,-5.355178402968908
2026-06-17 16:00:00,57.785355239135306,-4.246404848963466
2026-06-17 18:00:00,58.860779448485175,-4.752503488768839
2026-06-17 20:00:00,62.20221872747279,-6.3249972632118565
2026-06-17 22:00:00,62.6172573421061,-6.52031598163611
2026-06-18 00:00:00,62.09826599667699,-6.276076720785524
2026-06-18 02:00:00,61.41403151394436,-5.9540734238462605
2026-06-18 04:00:00,63.90423230940227,-7.125971196340583
2026-06-18 06:00:00,63.286385469605754,-6.835210171518469
2026-06-18 08:00:00,62.30861195328574,-6.375066311686223
2026-06-18 10:00:00,63.301213793760866,-6.8421884361142045
2026-06-18 12:00:00,62.37611172053352,-6.406831953648033
2026-06-18 14:00:00,64.11059315389434,-7.223085378631187
2026-06-18 16:00:00,67.59713376320818,-8.863864379753664
2026-06-18 18:00:00,67.53250698376544,-8.833450776557273
2026-06-18 20:00:00,66.36761855201307,-8.28524994035764
2026-06-18 22:00:00,66.98592877693945,-8.576229035948385
2026-06-19 00:00:00,66.57150800914593,-8.381201078548948
2026-06-19 02:00:00,66.61475728793167,-8.401554350286492
2026-06-19 04:00:00,68.32616214182609,-9.206947850992535
2026-06-19 06:00:00,66.9605043794818,-8.564264219776948
2026-06-19 08:00:00,67.85666032826471,-8.985998548230205
2026-06-19 10:00:00,68.07519275550074,-9.088840722709786
2026-06-19 12:00:00,67.15843161461065,-8.657409514078713
2026-06-19 14:00:00,66.00454085660664,-8.114384224120922
2026-06-19 16:00:00,66.71982214303908,-8.450998262557501
2026-06-19 18:00:00,66.29344603889548,-8.250344079327746
2026-06-19 20:00:00,65.86095325103788,-8.046811361952248
2026-06-19 22:00:00,65.6593189348703,-7.951921501501556
2026-06-20 00:00:00,64.99596767532275,-7.639745927201279
2026-06-20 02:00:00,65.58119220197804,-7.915154769912798
2026-06-20 04:00:00,64.83063186099317,-7.561938276958879
2026-06-20 06:00:00,64.3330180162211,-7.327759347567158
2026-06-20 08:00:00,65.34208547497678,-7.802630253306629
2026-06-20 10:00:00,64.54898637907198,-7.429394863793721
2026-06-20 12:00:00,64.60956626171401,-7.457903982277542
2026-06-20 14:00:00,63.69882912751193,-7.029307693638474
2026-06-20 16:00:00,63.43806686877579,-6.906592003112304
2026-06-20 18:00:00,64.14370974450742,-7.2386701695616456
2026-06-20 20:00:00,63.7726927172096,-7.064068174155967
2026-06-20 22:00:00,62.703755899677596,-6.5610225251111975
2026-06-21 00:00:00,62.63582363964198,-6.529053350432018
2026-06-21 02:00:00,62.79878074363832,-6.605741570728846
2026-06-21 04:00:00,62.691059147119766,-6.55504738605111
2026-06-21 06:00:00,62.606599484119606,-6.515300353957933
2026-06-21 08:00:00,63.50080921535714,-6.936118785182986
2026-06-21 10:00:00,62.41342966965722,-6.4243939195472946
2026-06-21 12:00:00,62.92621165434637,-6.6657110320984145
2026-06-21 14:00:00,63.0931229781174,-6.744260122954107
2026-06-21 16:00:00,63.09516187268872,-6.745219634336016
2026-06-21 18:00:00,62.88354933005843,-6.645633983334457
2026-06-21 20:00:00,64.01362209238825,-7.177450435785353
2026-06-21 22:00:00,64.15699345156307,-7.244921531595335
2026-06-22 00:00:00,63.86530795849509,-7.107653251776798
2026-06-22 02:00:00,62.74706696314736,-6.581404872951234
2026-06-22 04:00:00,63.23507328956065,-6.811062468406995
2026-06-22 06:00:00,63.57510529784268,-6.971082798417847
2026-06-22 08:00:00,63.03127650945377,-6.715154944369425
2026-06-22 10:00:00,63.11400620130251,-6.754087845593094
2026-06-22 12:00:00,59.992767536018356,-5.285221300396707
2026-06-22 14:00:00,60.51540417780229,-5.531176051293726
2026-06-22 16:00:00,61.320520394741116,-5.910066742739445
2026-06-22 18:00:00,62.5122233793407,-6.470886607416346
2026-06-22 20:00:00,62.20394869862421,-6.3258113940813505
2026-06-22 22:00:00,63.63327557780951,-6.998457948904835
2026-06-23 00:00:00,63.06525808564258,-6.7311468007346225
2026-06-23 02:00:00,62.91382382520842,-6.659881273550727
2026-06-23 04:00:00,64.70863800247538,-7.504527512607763
2026-06-23 06:00:00,66.83097278951846,-8.503306170922995
2026-06-23 08:00:00,68.53011338364293,-9.30292806528632
2026-06-23 10:00:00,68.70922718249994,-9.387219686382254
2026-06-23 12:00:00,68.92982939664931,-9.491035910294991
2026-06-23 14:00:00,68.19758821446445,-9.146440481727042
2026-06-23 16:00:00,67.99873420907589,-9.052859045888045
2026-06-23 18:00:00,68.97496310829645,-9.512276003158245
2026-06-23 20:00:00,68.2684243546471,-9.179776233222901
2026-06-23 22:00:00,67.89987871470848,-9.006337281916501
2026-06-24 00:00:00,66.59004341433983,-8.389923909293609
2026-06-24 02:00:00,67.77630934674916,-8.948185076952075
2026-06-24 04:00:00,67.42283916970158,-8.781840694651335
2026-06-24 06:00:00,67.31292421690176,-8.730114308335489
2026-06-24 08:00:00,67.2511395329221,-8.701038205853267
2026-06-24 10:00:00,68.34475933170395,-9.215699757839689
2026-06-24 12:00:00,67.81242249453527,-8.965180058852937
2026-06-24 14:00:00,72.46236870318597,-11.153462069715477
2026-06-24 16:00:00,76.36438041992099,-12.989763321979591
2026-06-24 18:00:00,77.13671986200866,-13.353229141058485
2026-06-24 20:00:00,72.94768739584613,-11.381854854713252
2026-06-24 22:00:00,73.20103549250474,-11.50108141294157
2026-06-25 00:00:00,73.33075243652002,-11.56212669010297
2026-06-25 02:00:00,73.43245002635052,-11.609985954788685
2026-06-25 04:00:00,71.70695826450876,-10.797963102716725
2026-06-25 06:00:00,70.55025630338366,-10.253614850095975
2026-06-25 08:00:00,70.61114510944562,-10.282269349092195
2026-06-25 10:00:00,71.97785321141751,-10.925447274049965
2026-06-25 12:00:00,72.05795705419715,-10.963144440918155
2026-06-25 14:00:00,77.53365556423594,-13.540028561455461
2026-06-25 16:00:00,78.02441130908633,-13.770980043471686
2026-06-25 18:00:00,77.40634822289589,-13.480117252290864
2026-06-25 20:00:00,77.57962336911682,-13.561661181702222
2026-06-25 22:00:00,76.3604570924883,-12.987916989471973
2026-06-26 00:00:00,76.92943224725693,-13.25567881723068
2026-06-26 02:00:00,80.34334496055268,-14.862278859885311
2026-06-26 04:00:00,76.14668208591868,-12.887313674883519
2026-06-26 06:00:00,74.90008340960321,-12.300659693151172
2026-06-26 08:00:00,75.14206312440955,-12.414536248522742
2026-06-26 10:00:00,78.02249598388298,-13.77007868429473
2026-06-26 12:00:00,78.41865937756052,-13.956514653410675
2026-06-26 14:00:00,77.16532617069123,-13.366691376507752
2026-06-26 16:00:00,75.77201976226607,-12.710996189431393
2026-06-26 18:00:00,76.92659015179386,-13.254341316516477
2026-06-26 20:00:00,76.77215933418671,-13.181665598362194
2026-06-26 22:00:00,75.75271204852244,-12.701909907405682
2026-06-27 00:00:00,75.71851422593969,-12.685816284681792
2026-06-27 02:00:00,75.0050864800266,-12.350074529319674
2026-06-27 04:00:00,75.15960997465973,-12.422793861627696
2026-06-27 06:00:00,74.75606331124665,-12.232883298265113
2026-06-27 08:00:00,74.4923044953375,-12.10875741676857
2026-06-27 10:00:00,74.60265194092516,-12.160687335801784
2026-06-27 12:00:00,74.57262458451109,-12.146556349995437
2026-06-27 14:00:00,74.01192857739566,-11.882690719969354
2026-06-27 16:00:00,73.40492494963759,-11.597032551132862
2026-06-27 18:00:00,74.13747505524235,-11.941773360213212
2026-06-27 20:00:00,74.97422503037879,-12.335551016129818
2026-06-27 22:00:00,75.1937151202165,-12.438843870197879
2026-06-28 00:00:00,75.44996709702214,-12.559437005242845
2026-06-28 02:00:00,75.43622000483667,-12.552967572440558
2026-06-28 04:00:00,75.49012714160891,-12.578336471856277
2026-06-28 06:00:00,75.89228364963246,-12.767592822913015
2026-06-28 08:00:00,74.75797863645,-12.233784657442067
2026-06-28 10:00:00,75.38598905676118,-12.529328701122516
2026-06-28 12:00:00,74.99427416033019,-12.344986211385296
2026-06-28 14:00:00,75.79905056150716,-12.723716984267352
2026-06-28 16:00:00,76.85674256655484,-13.221470782660342
2026-06-28 18:00:00,77.0920186431494,-13.332192580912599
2026-06-28 20:00:00,76.95133491772769,-13.265986295560623
2026-06-28 22:00:00,78.78321990538247,-14.128078196106964
2026-06-29 00:00:00,76.92967938599284,-13.255795121640586
2026-06-29 02:00:00,76.65025815269489,-13.124298448164783
2026-06-29 04:00:00,76.42616510390066,-13.018839424461797
2026-06-29 06:00:00,75.6677890003924,-12.66194480454389
2026-06-29 08:00:00,76.39527276191083,-13.004301373220711
2026-06-29 10:00:00,75.62914268056313,-12.643757702441272
2026-06-29 12:00:00,76.05922586574549,-12.846156451819954
2026-06-29 14:00:00,77.53930886282009,-13.542689024832605
2026-06-29 16:00:00,76.23197584215264,-12.927453234360206
2026-06-29 18:00:00,74.98967120137372,-12.342820041750368
2026-06-29 20:00:00,74.98658196717474,-12.341366236626259
2026-06-29 22:00:00,74.81262718943003,-12.259502470087606
2026-06-30 00:00:00,76.4014203379668,-13.007194445417685
2026-06-30 02:00:00,76.06089405221296,-12.84694150658697
2026-06-30 04:00:00,77.4702953708148,-13.51021101835996
2026-06-30 06:00:00,77.16140284325854,-13.364845044000134
2026-06-30 08:00:00,78.02663555770962,-13.77202678316104
2026-06-30 10:00:00,77.95839437425407,-13.73991222796943
2026-06-30 12:00:00,80.80669919805807,-15.080335090450653
2026-06-30 14:00:00,80.58795052442812,-14.977391149612393
2026-06-30 16:00:00,80.54210628891522,-14.955816681570585
2026-06-30 18:00:00,79.97609679897762,-14.689450506731037
2026-06-30 20:00:00,79.81811336204161,-14.615102912684028
2026-06-30 22:00:00,80.20124018739946,-14.79540382417624
2026-07-01 00:00:00,80.30006478942495,-14.84191105009652
2026-07-01 02:00:00,78.72764458214276,-14.10192424192421
2026-07-01 04:00:00,77.93992075374418,-13.731218473327244
2026-07-01 06:00:00,79.74462048044785,-14.580516888781428
2026-07-01 08:00:00,79.07058047057184,-14.263311148751741
2026-07-01 10:00:00,80.04063090139435,-14.719820495773705
2026-07-01 12:00:00,80.41742479664428,-14.897141106761481
2026-07-01 14:00:00,77.31586455320769,-13.43753530020568
2026-07-01 16:00:00,76.14813402599223,-12.887996963291842
2026-07-01 18:00:00,75.37224196457572,-12.522859268320227
2026-07-01 20:00:00,75.51175178100179,-12.588513107725067
2026-07-01 22:00:00,74.4243104506179,-12.076759165986882
2026-07-02 00:00:00,76.63706712266519,-13.118090700284835
2026-07-02 02:00:00,74.59394030048404,-12.156587605351808
2026-07-02 04:00:00,73.46674052595922,-11.626123191666315
2026-07-02 06:00:00,75.05451422721036,-12.373335411305455
2026-07-02 08:00:00,74.31933827253644,-12.02735886786961
2026-07-02 10:00:00,71.99719181750316,-10.934548094126887
2026-07-02 12:00:00,71.13575886111684,-10.529154535268663
2026-07-02 14:00:00,70.6597696557376,-10.30515224174568
2026-07-02 16:00:00,70.7038530277571,-10.325898040866749
2026-07-02 18:00:00,70.45974174135347,-10.21101835995953
2026-07-02 20:00:00,71.00523871620985,-10.467731268774983
2026-07-02 22:00:00,71.37446398767221,-10.641490057208676
2026-07-03 00:00:00,71.857960032155,-10.869025097183235
2026-07-03 02:00:00,71.45246715119656,-10.678198636592464
2026-07-03 04:00:00,71.42778416994668,-10.666582733650829
2026-07-03 06:00:00,70.61837391747123,-10.285671253082599
2026-07-03 08:00:00,71.00764831888502,-10.468865236771787
2026-07-03 10:00:00,69.98060151709127,-9.985533185209976
2026-07-03 12:00:00,69.77198553163397,-9.887357725178786
2026-07-03 14:00:00,69.20514194846263,-9.620599022955712
2026-07-03 16:00:00,69.39874425571287,-9.711708990083737
2026-07-03 18:00:00,69.09229222317379,-9.567491521771958
2026-07-03 20:00:00,67.32243905823464,-8.734592028117742
2026-07-03 22:00:00,67.93694952509628,-9.023782943405823
2026-07-04 00:00:00,67.38616995975964,-8.76458402782815
2026-07-04 02:00:00,68.05755322822455,-9.080539495451111
2026-07-04 04:00:00,67.56006295282037,-8.846418718264342
2026-07-04 06:00:00,68.17787890027492,-9.13716520503521
2026-07-04 08:00:00,68.01177077739563,-9.058994103511795
2026-07-04 10:00:00,68.13774974803013,-9.118280276473023
2026-07-04 12:00:00,67.67124449164174,-8.89874116468108
2026-07-04 14:00:00,67.57862925035626,-8.85515608706025
2026-07-04 16:00:00,66.85791091173361,-8.515983351605232
2026-07-04 18:00:00,66.09953480822534,-8.159088731687323
2026-07-04 20:00:00,65.9110915220874,-8.070406619116566
2026-07-04 22:00:00,66.06181525865577,-8.141337771121938
2026-07-05 00:00:00,66.66019992299871,-8.42293982366216
2026-07-05 02:00:00,67.57995762106182,-8.855781223263604
2026-07-05 04:00:00,67.2017426780804,-8.67779186191875
2026-07-05 06:00:00,67.30618968634796,-8.72694501316493
2026-07-05 08:00:00,66.89587760003907,-8.533850616580557
2026-07-05 10:00:00,67.38669512957343,-8.764831174699243
2026-07-05 12:00:00,67.42101652152414,-8.780982949628118
2026-07-05 14:00:00,67.21329641398457,-8.683229093082913
2026-07-05 16:00:00,67.75320187494074,-8.937310614623733
2026-07-05 18:00:00,67.1883354016568,-8.671482347680092
2026-07-05 20:00:00,67.4655014939895,-8.801917743415308
2026-07-05 22:00:00,64.35961632267431,-7.340276609685733
2026-07-06 00:00:00,64.27932712584277,-7.302492214510097
2026-07-06 02:00:00,65.21221406925154,-7.74151228588903
2026-07-06 04:00:00,65.8054088201402,-8.020671945820755
2026-07-06 06:00:00,66.70743431390116,-8.4451685040098
2026-07-06 08:00:00,66.92982828388588,-8.549827934894523
2026-07-06 10:00:00,67.18299102649253,-8.668967264815395
2026-07-06 12:00:00,70.48244761271599,-10.221703827621733
2026-07-06 14:00:00,69.56188671376114,-9.78848443868801
2026-07-06 16:00:00,64.37197325947024,-7.346091830182173
2026-07-06 18:00:00,64.48194999695403,-7.397847292600527
2026-07-06 20:00:00,64.0754067763679,-7.206526538267558
2026-07-06 22:00:00,62.79028534959112,-6.601743606637547
2026-07-07 00:00:00,62.91388560989244,-6.65991034965322
2026-07-07 02:00:00,65.63852838871115,-7.942137393016275
2026-07-07 04:00:00,66.32433838088532,-8.264882130568848
2026-07-07 06:00:00,65.58295306547147,-7.915983438833537
2026-07-07 08:00:00,66.31201233643137,-8.259081448123656
2026-07-07 10:00:00,65.7559501806145,-7.997396525783744
2026-07-07 12:00:00,65.14616624207731,-7.7104299323355425
2026-07-07 14:00:00,64.89698861158735,-7.593166011024781
2026-07-07 16:00:00,63.595741382291884,-6.9807942166469115
2026-07-07 18:00:00,64.53264433015934,-7.421704234687169
2026-07-07 20:00:00,64.47703811457765,-7.395535742453186
2026-07-07 22:00:00,64.93106286480214,-7.6092014815437325
2026-07-08 00:00:00,64.74030265301496,-7.519429015129897
2026-07-08 02:00:00,66.6951082694472,-8.439367821564604
2026-07-08 04:00:00,67.2511395329221,-8.701038205853267
2026-07-08 06:00:00,67.69039774367548,-8.907754756450574
2026-07-08 08:00:00,69.66580855221494,-9.837390443063097
2026-07-08 10:00:00,69.15682632559054,-9.597861510814628
2026-07-08 12:00:00,69.85310882169922,-9.925534647737914
2026-07-08 14:00:00,70.06286782381017,-10.024248015665028
2026-07-08 16:00:00,69.37335075059724,-9.699758711963547
2026-07-08 18:00:00,69.15003001035281,-9.594663139541591
2026-07-08 20:00:00,69.41480827354756,-9.719268776729104
2026-07-08 22:00:00,68.70184391276435,-9.383745092135616
2026-07-09 00:00:00,69.32095733858247,-9.67510217705864
2026-07-09 02:00:00,70.37497315493339,-10.171125947353936
2026-07-09 04:00:00,68.32081776666185,-9.204432768127822
2026-07-09 06:00:00,66.75698563045283,-8.468487538200533
2026-07-09 08:00:00,66.93094040819757,-8.550351304739216
2026-07-09 10:00:00,67.29426524233992,-8.721333325385858
2026-07-09 12:00:00,67.82567530924894,-8.971416882835378
2026-07-09 14:00:00,66.58386494594185,-8.387016299045388
2026-07-09 16:00:00,67.56003206047838,-8.846404180213096
2026-07-09 18:00:00,65.95665772652237,-8.091850244697204
2026-07-09 20:00:00,65.66518847984837,-7.954683731237376
2026-07-09 22:00:00,65.95743003507215,-8.092213695978236
2026-07-10 00:00:00,66.28133624083546,-8.244645163241229
2026-07-10 02:00:00,63.661480286046235,-7.011731189687982
2026-07-10 04:00:00,63.39614596069559,-6.88686386757813
2026-07-10 06:00:00,63.992893330913105,-7.167695403402566
2026-07-10 08:00:00,62.78407598885113,-6.59882145833808
2026-07-10 10:00:00,62.28426878779775,-6.3636103273082165
2026-07-10 12:00:00,62.658560403346506,-6.539753356145468
2026-07-10 14:00:00,63.80704500150228,-7.080234487136073
2026-07-10 16:00:00,63.1115348139433,-6.7529248014937995
2026-07-10 18:00:00,64.1310129919496,-7.232695030501558
2026-07-10 20:00:00,64.03447442323139,-7.187263620373109
2026-07-10 22:00:00,63.197168385939115,-6.793224279534147
2026-07-11 00:00:00,63.16099345346904,-6.776200221530826
2026-07-11 02:00:00,63.05583592133566,-6.726712695106092
2026-07-11 04:00:00,63.0744948958975,-6.7354936780557235
2026-07-11 06:00:00,62.86720728114581,-6.637943354227904
2026-07-11 08:00:00,62.72238398189748,-6.569788970009583
2026-07-11 10:00:00,62.93856859114232,-6.671526252594856
2026-07-11 12:00:00,62.94014410058377,-6.672267693208149
2026-07-11 14:00:00,62.46261027810506,-6.447538497123135
2026-07-11 16:00:00,62.987965445983995,-6.69477259652939
2026-07-11 18:00:00,62.53082056921857,-6.4796385142635
2026-07-11 20:00:00,62.362580874741994,-6.400464287204437
2026-07-11 22:00:00,62.916696813013495,-6.66123331231616
2026-07-12 00:00:00,64.0739548362944,-7.2058432498592335
2026-07-12 02:00:00,63.3266072988765,-6.854138714234395
2026-07-12 04:00:00,63.54427474053681,-6.956573823279221
2026-07-12 06:00:00,64.27787518576923,-7.301808926101773
2026-07-12 08:00:00,63.596019413369795,-6.980925059108064
2026-07-12 10:00:00,63.95875729301432,-7.1516308567811535
2026-07-12 12:00:00,63.46373840496934,-6.9186731236936625
2026-07-12 14:00:00,62.916696813013495,-6.66123331231616
2026-07-12 16:00:00,62.9951015769837,-6.698130886366088
2026-07-12 18:00:00,63.08688272503547,-6.741323436603411
2026-07-12 20:00:00,62.92964070430725,-6.667324755786187
2026-07-12 22:00:00,63.8935435590738,-7.120941030611159
2026-07-13 00:00:00,63.321602739474145,-6.851783549933328
2026-07-13 02:00:00,65.47177152665009,-7.863660992416799
2026-07-13 04:00:00,67.6465615103919,-8.88712526173943
2026-07-13 06:00:00,67.25870815670959,-8.704600028407336
2026-07-13 08:00:00,65.99391389096213,-8.109383134493989
2026-07-13 10:00:00,67.04141142315319,-8.602339375977417
2026-07-13 12:00:00,67.79129213261422,-8.955236031804011
2026-07-13 14:00:00,67.27631679164384,-8.712886717614781
2026-07-13 16:00:00,68.86989825318904,-9.462832090887249
2026-07-13 18:00:00,69.66074220812861,-9.835006202659555
2026-07-13 20:00:00,69.07072936846487,-9.557343962005678
2026-07-13 22:00:00,69.9573086912309,-9.974571494574173
2026-07-14 00:00:00,68.02486913039931,-9.065158237238021
2026-07-14 02:00:00,68.04198348786167,-9.07321231762559
2026-07-14 04:00:00,67.42033689000037,-8.78066311250081
2026-07-14 06:00:00,67.79469029023312,-8.956835217440537
2026-07-14 08:00:00,67.51727705916448,-8.826283517295414
2026-07-14 10:00:00,67.2511395329221,-8.701038205853267
2026-07-14 12:00:00,63.66762786210221,-7.014624261884955
2026-07-14 14:00:00,62.601780278769226,-6.513032417964329
2026-07-14 16:00:00,61.28891752888551,-5.895194316319787
2026-07-14 18:00:00,61.77707831700876,-6.124924602031748
2026-07-14 20:00:00,61.77695474764081,-6.124866449826779
2026-07-14 22:00:00,60.884567664580715,-5.704905763624942
2026-07-15 00:00:00,60.996737758345745,-5.757693427681406
2026-07-15 02:00:00,62.02764610288825,-6.242842735648358
2026-07-15 04:00:00,61.23945888935983,-5.871918896282777
2026-07-15 06:00:00,61.029421856170984,-5.7730746858944935
2026-07-15 08:00:00,61.17149573698217,-5.839935183552336
2026-07-15 10:00:00,61.49589622021738,-5.992599259635206
2026-07-15 12:00:00,59.94818988652706,-5.264242892455776
2026-07-15 14:00:00,59.21971757006496,-4.921421106139261
2026-07-15 16:00:00,60.081675696265094,-5.327061811868596
2026-07-15 18:00:00,60.8873170830178,-5.706199650185406
2026-07-15 20:00:00,60.55364889718567,-5.549174158730221
2026-07-15 22:00:00,60.86590869001884,-5.696124780675311
2026-07-16 00:00:00,61.73972947554308,-6.10734809808124
2026-07-16 02:00:00,61.560739246054005,-6.0231146291902755
2026-07-16 04:00:00,61.535901803094184,-6.011426035992424
2026-07-16 06:00:00,61.14273496658967,-5.826400257846881
2026-07-16 08:00:00,63.152189136001944,-6.7720568769271114
2026-07-16 10:00:00,62.86028739654007,-6.6346868307498985
2026-07-16 12:00:00,63.649061564566324,-7.005886893089047
2026-07-16 14:00:00,61.8650288146538,-6.166314433915176
2026-07-16 16:00:00,62.04886914183526,-6.252830376851006
2026-07-16 18:00:00,62.78407598885113,-6.59882145833808
2026-07-16 20:00:00,63.19105170222515,-6.790345745388421
2026-07-16 22:00:00,63.64291398851037,-7.002993820892074
2026-07-17 00:00:00,63.89623119282694,-7.122205841069147
2026-07-17 02:00:00,65.14428180921591,-7.709543111209833
2026-07-17 04:00:00,65.13189398007798,-7.703713352662146
2026-07-17 06:00:00,66.79393287147268,-8.485875047484901
2026-07-17 08:00:00,66.97928692341162,-8.573103354931549
2026-07-17 10:00:00,66.07747767604462,-8.148708563101167
2026-07-17 12:00:00,66.32514158177702,-8.26526011990111
2026-07-17 14:00:00,66.09576594250257,-8.157315089435905
2026-07-17 16:00:00,64.79828757892987,-7.546716937309453
2026-07-17 18:00:00,62.74169169564109,-6.578875252035275
2026-07-17 20:00:00,63.17335039026496,-6.782015442027268
2026-07-17 22:00:00,63.58730777292866,-6.976825328658089
2026-07-18 00:00:00,63.821966002683354,-7.087256365885515
2026-07-18 02:00:00,63.64411878984794,-7.0035608048904745
2026-07-18 04:00:00,63.64294488085234,-7.003008358943321
2026-07-18 06:00:00,63.60686262540819,-6.986027915093705
2026-07-18 08:00:00,63.52549219660699,-6.947734688124638
2026-07-18 10:00:00,63.49330237625358,-6.932586038731395
2026-07-18 12:00:00,62.870605438764706,-6.639542539864431
2026-07-18 14:00:00,63.15481498507106,-6.77329261128259
2026-07-18 16:00:00,62.6065685917776,-6.515285815906687
2026-07-18 18:00:00,61.96110399824217,-6.21152777327501
2026-07-18 20:00:00,61.403188301905885,-5.948970567860636
2026-07-18 22:00:00,61.05707050225186,-5.786086241755286
2026-07-19 00:00:00,61.09713786981267,-5.804942094214996
2026-07-19 02:00:00,60.992320153441206,-5.755614486353925
2026-07-19 04:00:00,61.31928470106157,-5.909485220689797
2026-07-19 06:00:00,61.34548140706892,-5.9218134881422495
2026-07-19 08:00:00,61.35845619070464,-5.9279194696635225
2026-07-19 10:00:00,61.70596414574819,-6.09145800807472
2026-07-19 12:00:00,62.18124282726166,-6.315125926419131
2026-07-19 14:00:00,61.711926367752234,-6.094263851964247
2026-07-19 16:00:00,61.879826246466926,-6.173278160459664
2026-07-19 18:00:00,62.24661102291219,-6.345888442845325
2026-07-19 20:00:00,61.8882598558302,-6.177247048448487
2026-07-19 22:00:00,61.459844857115264,-5.975633353836822
2026-07-20 00:00:00,61.83311702537835,-6.151296626983118
2026-07-20 02:00:00,60.98864396474446,-5.753884458256229
2026-07-20 04:00:00,61.87584113435023,-6.17140275184957
2026-07-20 06:00:00,63.79743748314345,-7.075713153200096
2026-07-20 08:00:00,63.38962767653573,-6.883796338766247
2026-07-20 10:00:00,62.61364293809329,-6.518615029640892
2026-07-20 12:00:00,61.56694860679397,-6.026036777489742
2026-07-20 14:00:00,62.258906175024094,-6.351674587239272
2026-07-20 16:00:00,58.88394870497752,-4.763407027199674
2026-07-20 18:00:00,59.71337719506238,-5.1537391649721185
2026-07-20 20:00:00,59.31928358829814,-4.968277245289345
2026-07-20 22:00:00,60.01618393124668,-5.296241143237465
2026-07-21 00:00:00,58.70010837779607,-4.6768910842638425
2026-07-21 02:00:00,59.17585044443939,-4.9007770733768865
2026-07-21 04:00:00,58.84221315094928,-4.743766119972931
2026-07-21 06:00:00,57.63435347148901,-4.1753428544969236
2026-07-21 08:00:00,56.66606390415989,-3.7196621763956847
2026-07-21 10:00:00,56.80952794036066,-3.787176886359389
2026-07-21 12:00:00,55.63926424110201,-3.2364464292437973
2026-07-21 14:00:00,55.198674416298424,-2.824321752660929
2026-07-21 16:00:00,53.80538337760788,-3.2608848933801187
2026-07-21 18:00:00,52.77506532488678,-3.5837168592401216
2026-07-21 20:00:00,53.176966386431914,-3.4577882593896354
2026-07-21 22:00:00,52.70115301929443,-3.606875974867193
2026-07-22 00:00:00,54.1717434309397,-3.14609244078033
2026-07-22 02:00:00,52.74801518417092,-3.5921925431136903
2026-07-22 04:00:00,53.05855822329831,-3.494889366156948
2026-07-22 06:00:00,50.985858590264186,-4.144333191199653
2026-07-22 08:00:00,51.23469204594028,-4.066365622393592
2026-07-22 10:00:00,51.504079896705775,-3.981957696887718
2026-07-22 12:00:00,49.601707993633724,-4.57803233582433
2026-07-22 14:00:00,50.33466009121253,-4.348374740368569
2026-07-22 16:00:00,52.35312024826582,-3.7159258972267404
2026-07-22 18:00:00,50.80550885276411,-4.200842596373814
2026-07-22 20:00:00,50.91788525210165,-4.165631436267876
2026-07-22 22:00:00,51.49549623284222,-3.9846472363673398
2026-07-23 00:00:00,51.560546485472834,-3.9642648885273033
2026-07-23 02:00:00,50.38736842715288,-4.331859514158678
2026-07-23 04:00:00,49.51109234214476,-4.606425149898211
2026-07-23 06:00:00,50.316193614360216,-4.354160884762533
2026-07-23 08:00:00,49.587742140536854,-4.582408289247891
2026-07-23 10:00:00,50.08420269912983,-4.426851140968061
2026-07-23 12:00:00,47.42577240332209,-5.259823324878492
2026-07-23 14:00:00,46.23310710812281,-5.633523932031124
2026-07-23 16:00:00,45.52251893477223,-5.856174186788656
2026-07-23 18:00:00,46.04347773401354,-5.692940947453521
2026-07-23 20:00:00,47.33511035365009,-5.288230677003604
2026-07-23 22:00:00,47.55749684498989,-5.218549797404988
2026-07-24 00:00:00,46.53005547961765,-5.5404804040880355
2026-07-24 02:00:00,47.19354949717651,-5.332586271340221
2026-07-24 04:00:00,48.12619937458561,-5.040356903342749
2026-07-24 06:00:00,48.840731393495126,-4.816470914229706
2026-07-24 08:00:00,48.05279744900674,-5.063356100406175
2026-07-24 10:00:00,46.41874623849015,-5.575357189015452
2026-07-24 12:00:00,45.63002352488996,-5.822489522063012
2026-07-24 14:00:00,43.178695183727854,-6.876338318479556
2026-07-24 16:00:00,43.610837785078516,-7.017531872133192
2026-07-24 18:00:00,42.213671631617785,-6.561037063162445
2026-07-24 20:00:00,42.666504750846116,-6.708990810643184
2026-07-24 22:00:00,42.67193323080543,-6.710764452894602
2026-07-25 00:00:00,43.09642256532826,-6.8494574617347554
2026-07-25 02:00:00,43.19257785378771,-6.880874190466796
2026-07-25 04:00:00,42.61653603777808,-6.692664579099415
2026-07-25 06:00:00,43.37945995074743,-6.941934005679427
2026-07-25 08:00:00,43.97543585709947,-7.136656664002819
2026-07-25 10:00:00,43.112485526519265,-6.85470569823278
2026-07-25 12:00:00,42.87309845946138,-6.776490982555641
2026-07-25 14:00:00,42.4715689254222,-6.645299608155886
2026-07-25 16:00:00,42.50467375402651,-6.65611591827929
2026-07-25 18:00:00,41.57297750920756,-6.351703663341766
2026-07-25 20:00:00,41.912213010926834,-6.462541766003962
2026-07-25 22:00:00,41.590731308418725,-6.35750434578696
2026-07-26 00:00:00,41.1680662991282,-6.219407397047701
2026-07-26 02:00:00,41.0765385673553,-6.18950262564474
2026-07-26 04:00:00,41.06541463301246,-6.185868112834473
2026-07-26 06:00:00,41.47504239125318,-6.3197054125600785
2026-07-26 08:00:00,41.2881157985561,-6.2586310592962
2026-07-26 10:00:00,41.13064538399887,-6.2071808959539085
2026-07-26 12:00:00,41.3474731122095,-6.278024819651836
2026-07-26 14:00:00,40.25145410927812,-5.919923541480908
2026-07-26 16:00:00,40.1572121375256,-5.889131948952254
2026-07-26 18:00:00,40.1562777270408,-5.888826649876192
2026-07-26 20:00:00,40.53600434976799,-6.01289437916778
2026-07-26 22:00:00,37.138131861141346,-4.902710634191951
2026-07-27 00:00:00,38.387260696367605,-5.31083734668352
2026-07-27 02:00:00,38.209055268195286,-5.252612451462895
2026-07-27 04:00:00,37.71604249812057,-5.091530843711424
2026-07-27 06:00:00,37.11997760029384,-4.896779109285571
2026-07-27 08:00:00,38.24919042330423,-5.265725773682363
2026-07-27 10:00:00,37.49111654570836,-5.018040994687648
2026-07-27 12:00:00,38.59171860958897,-5.377639692136409
2026-07-27 14:00:00,40.3650962225246,-5.957053724350697
2026-07-27 16:00:00,39.42592469382728,-5.650199076804677
2026-07-27 18:00:00,39.517229946913304,-5.680031157951421
2026-07-27 20:00:00,39.149472677539,-5.55987416444367
2026-07-27 22:00:00,44.34946702544313,-7.258863522735543
2026-07-28 00:00:00,45.70267139038097,-7.700994737080065
2026-07-28 02:00:00,47.047733035379835,-8.140465488047475
2026-07-28 04:00:00,46.31195152220704,-7.900064272724541
2026-07-28 06:00:00,45.02299900203344,-7.4789260043721635
2026-07-28 08:00:00,45.96875589986169,-7.78793228350188
2026-07-28 10:00:00,45.7667897479331,-7.721944068918502
2026-07-28 12:00:00,45.44116994184949,-7.615554609936083
2026-07-28 14:00:00,46.03830273737318,-7.810655257591737
2026-07-28 16:00:00,43.23146712825029,-6.893580447251511
2026-07-28 18:00:00,44.605362011065836,-7.3424718554231525
2026-07-28 20:00:00,43.790823042745686,-7.07633828940345
2026-07-28 22:00:00,44.38635399172399,-7.270915567214425
2026-07-29 00:00:00,43.62868057576444,-7.0233616306808635
2026-07-29 02:00:00,43.513125145811046,-6.98560631160772
2026-07-29 04:00:00,43.56482919263656,-7.002499527149873
2026-07-29 06:00:00,41.48563237674757,-6.323165468755453
2026-07-29 08:00:00,41.567104071874546,-6.349784640577948
2026-07-29 10:00:00,41.33341245920015,-6.2734307954596416
2026-07-29 12:00:00,42.1922691819422,-6.554044260515478
2026-07-29 14:00:00,42.943357228770736,-6.7994465654653435
2026-07-29 16:00:00,44.27680548631567,-7.235122885058824
2026-07-29 18:00:00,41.192405467470316,-6.227359711076576
2026-07-29 20:00:00,45.550807438732505,-7.651376368194178
2026-07-29 22:00:00,43.67980617800415,-7.040065851556909
2026-07-30 00:00:00,44.77342241111747,-7.397382074960804
2026-07-30 02:00:00,42.57858117380035,-6.680263621390764
2026-07-30 04:00:00,43.31721041416493,-6.921595271993129
2026-07-30 06:00:00,43.41505654064453,-6.953564446672308
2026-07-30 08:00:00,42.05344248134351,-6.508685540643229
2026-07-30 10:00:00,40.88449496486047,-6.126756396488121
2026-07-30 12:00:00,39.308099981267894,-5.611702317118223
2026-07-30 14:00:00,40.380580739129826,-5.962112966182598
2026-07-30 16:00:00,39.78415987540408,-5.767244927346806
2026-07-30 18:00:00,40.296795265659526,-5.9347378156955966
2026-07-30 20:00:00,39.9649905520813,-5.826327567590665
2026-07-30 22:00:00,39.636656506018,-5.719051287482537
2026-07-31 00:00:00,40.19841519033145,-5.902594184401508
2026-07-31 02:00:00,42.09891712493704,-6.52354342901164
2026-07-31 04:00:00,42.089083566978005,-6.5203305196873576
2026-07-31 06:00:00,42.391788068315336,-6.619232882280593
2026-07-31 08:00:00,44.16254043274603,-7.197789169471666
2026-07-31 10:00:00,43.78583952016013,-7.074710027664463
2026-07-31 12:00:00,44.51850633171692,-7.3140935794005015
2026-07-31 14:00:00,49.288226899239994,-8.872499982190895
2026-07-31 16:00:00,48.448058386193985,-8.597992498656316
2026-07-31 18:00:00,47.43938451572261,-8.26842941507167
2026-07-31 20:00:00,48.079544689284354,-8.477588358277488
2026-07-31 22:00:00,48.096008112111754,-8.482967437236681
2026-08-01 00:00:00,48.14935850122003,-8.500398560674759
2026-08-01 02:00:00,47.53949992480814,-8.301140030364175
2026-08-01 04:00:00,47.3617839497469,-8.243075053707196
2026-08-01 06:00:00,47.51471579909231,-8.293042335822868
2026-08-01 08:00:00,47.31177074094149,-8.226734284112197
2026-08-01 10:00:00,47.62435329597533,-8.328864094080947
2026-08-01 12:00:00,47.41219762018869,-8.259546665763363
2026-08-01 14:00:00,47.31056935603251,-8.226341756728688
2026-08-01 16:00:00,48.17467657578432,-8.508670711830959
2026-08-01 18:00:00,49.739858633559315,-9.02006120228811
2026-08-01 20:00:00,49.37690690382113,-8.901474318314408
2026-08-01 22:00:00,48.624261506184574,-8.655563181571095
2026-08-02 00:00:00,48.612203161356916,-8.651623369684765
2026-08-02 02:00:00,45.864190917039004,-7.753767863085281
2026-08-02 04:00:00,45.248280920344655,-7.552532157805894
2026-08-02 06:00:00,45.72665459282415,-7.708830746699016
2026-08-02 08:00:00,47.01035661598792,-8.128253525004945
2026-08-02 10:00:00,46.961233321929946,-8.112203516434763
2026-08-02 12:00:00,47.31515241698175,-8.227839176006507
2026-08-02 14:00:00,47.564862495109814,-8.309426719571606
2026-08-02 16:00:00,47.071004306025095,-8.148068888846566
2026-08-02 18:00:00,46.17374776193156,-7.854909085569645
2026-08-02 20:00:00,45.67312622076641,-7.6913414710559875
2026-08-02 22:00:00,45.98432940794165,-7.793020601436258
2026-08-03 00:00:00,46.46034480634052,-7.948548673613627
2026-08-03 02:00:00,47.24435969882386,-8.204709136481911
2026-08-03 04:00:00,48.80793991005354,-8.715576257094385
2026-08-03 06:00:00,49.548348979912966,-8.957489429746385
2026-08-03 08:00:00,49.91365898373184,-9.076846830435873
2026-08-03 10:00:00,49.02147495369869,-8.785344365000448
2026-08-03 12:00:00,49.20840154639576,-8.846418718264342
2026-08-03 14:00:00,43.56994620243425,-7.004171403042599
2026-08-03 16:00:00,44.41861340131822,-7.281455654364229
2026-08-03 18:00:00,43.99852914479519,-7.14420191259694
2026-08-03 20:00:00,44.42319646226748,-7.282953073642062
2026-08-03 22:00:00,45.12369285570483,-7.5118256143307915
2026-08-04 00:00:00,46.262828228149054,-7.8840142641543585
2026-08-04 02:00:00,44.214022000884675,-7.214609694757618
2026-08-04 04:00:00,43.29491804974186,-6.914311708321333
2026-08-04 06:00:00,44.89231502137375,-7.436227747877042
2026-08-04 08:00:00,45.252997468505974,-7.554073191237451
2026-08-04 10:00:00,44.47405509008294,-7.299570066210646
2026-08-04 12:00:00,43.840391294177365,-7.092533678486047
2026-08-04 14:00:00,42.851206556674626,-6.7693382613450135
2026-08-04 16:00:00,43.642296271400106,-7.0278102743606405
2026-08-04 18:00:00,42.06243062029254,-6.511622226993925
2026-08-04 20:00:00,41.9066510437554,-6.460724509598821
2026-08-04 22:00:00,42.21985653911242,-6.563057852284972
2026-08-05 00:00:00,43.47735057296443,-6.973917718409868
2026-08-05 02:00:00,41.78535566368104,-6.421093781915566
2026-08-05 04:00:00,42.63771600876689,-6.699584691490198
2026-08-05 06:00:00,42.29563277985584,-6.587816153548552
2026-08-05 08:00:00,42.886402684935426,-6.780837859876742
2026-08-05 10:00:00,43.14705871445684,-6.866001764047139
2026-08-05 12:00:00,41.94478389068265,-6.473183619512442
2026-08-05 14:00:00,41.30422325548455,-6.263893833845471
2026-08-05 16:00:00,40.47838236987207,-5.994067602810547
2026-08-05 18:00:00,39.86830131477333,-5.794736382243748
2026-08-05 20:00:00,39.762445955566875,-5.760150358341147
2026-08-05 22:00:00,40.594026791300244,-6.031851997986183
2026-08-06 00:00:00,40.554025123403406,-6.018782289920437
2026-08-06 02:00:00,40.84605064777161,-6.114195520215806
2026-08-06 04:00:00,40.155076342131764,-5.888434122492668
2026-08-06 06:00:00,39.597322274181735,-5.706199650185406
2026-08-06 08:00:00,39.23250172347398,-5.58700216805958
2026-08-06 10:00:00,40.68324074472984,-6.061000790724604
2026-08-06 12:00:00,41.537336423573095,-6.340058684297638
2026-08-06 14:00:00,39.96218732062691,-5.825411670362479
2026-08-06 16:00:00,40.05122329110701,-5.85450231089593
2026-08-06 18:00:00,41.56194256633947,-6.34809822663396
2026-08-06 20:00:00,41.467478115900064,-6.3172339438491045
2026-08-06 22:00:00,41.859975015252864,-6.445474093846901
2026-08-07 00:00:00,42.0090357354469,-6.494176565504603
2026-08-07 02:00:00,41.6447046378502,-6.375139001942423
2026-08-07 04:00:00,42.288735940563285,-6.585562755606196
2026-08-07 06:00:00,42.070751323180986,-6.514340842576023
2026-08-07 08:00:00,40.75421144583714,-6.084188982454169
2026-08-07 10:00:00,39.446125758593844,-5.656799352068134
2026-08-07 12:00:00,37.67368255614305,-5.077690618929907
2026-08-07 14:00:00,36.263720725087076,-5.563755824125046
2026-08-07 16:00:00,35.65653578440596,-5.7730746858944935
2026-08-07 18:00:00,35.32553185334568,-5.887183850085942
2026-08-07 20:00:00,36.32284513728562,-5.5433734762850255
2026-08-07 22:00:00,35.96860472183061,-5.665493106710303
2026-08-08 00:00:00,36.141549953233124,-5.605872558570536
2026-08-08 02:00:00,36.12029552830582,-5.613199736396041
2026-08-08 04:00:00,36.498194142935844,-5.482924259224503
2026-08-08 06:00:00,36.4688006227487,-5.493057280939551
2026-08-08 08:00:00,36.41507415973802,-5.511578758220723
2026-08-08 10:00:00,36.46567993337444,-5.4941330967313835
2026-08-08 12:00:00,36.47609628844792,-5.49054219807484
2026-08-08 14:00:00,36.98502168531828,-5.315096995697174
2026-08-08 16:00:00,36.80549770334304,-5.376985479830561
2026-08-08 18:00:00,36.62677497945041,-5.438597740990363
2026-08-08 20:00:00,36.78846042621882,-5.382858852531956
2026-08-08 22:00:00,36.23264034577869,-5.574470367889742
2026-08-09 00:00:00,36.32980343116065,-5.5409746978302366
2026-08-09 02:00:00,35.68188084270222,-5.764337317098586
2026-08-09 04:00:00,35.53423849811793,-5.815235034493691
2026-08-09 06:00:00,35.80831093383722,-5.720752239477755
2026-08-09 08:00:00,35.699382006084825,-5.758304025833529
2026-08-09 10:00:00,36.27164896295677,-5.561022670491718
2026-08-09 12:00:00,36.272703249907515,-5.560659219210686
2026-08-09 14:00:00,37.53742587603796,-5.124663062489914
2026-08-09 16:00:00,37.41989396676734,-5.165180611298878
2026-08-09 18:00:00,37.2830053490808,-5.212371125627516
2026-08-09 20:00:00,37.02272298667743,-5.302099977887613
2026-08-09 22:00:00,36.766193885818765,-5.390534943587278
2026-08-10 00:00:00,36.3060187175515,-5.549174158730221
2026-08-10 02:00:00,36.86259788459616,-5.357300958450095
2026-08-10 04:00:00,36.46930668048506,-5.492882824324659
2026-08-10 06:00:00,37.703539327999515,-5.067397678651197
2026-08-10 08:00:00,37.47657243324015,-5.145641470430828
2026-08-10 10:00:00,36.496001226078256,-5.483680237889043
2026-08-10 12:00:00,35.89585892222825,-5.690571245101225
2026-08-10 14:00:00,34.86274205344052,-6.0467244244058405
2026-08-10 16:00:00,31.82167242971541,-7.095092375504483
2026-08-10 18:00:00,31.884628472411077,-7.117277441698415
2026-08-10 20:00:00,30.774395329425413,-6.726043944748998
2026-08-10 22:00:00,31.362289584099916,-6.933211174934765
2026-08-11 00:00:00,31.263275814891582,-6.898319851956103
2026-08-11 02:00:00,31.2443394315305,-6.891646886436447
2026-08-11 04:00:00,31.331306525485143,-6.9222930984527
2026-08-11 06:00:00,31.55503638815882,-7.001132950333208
2026-08-11 08:00:00,30.86552925283426,-6.758158499940594
2026-08-11 10:00:00,30.466091205552953,-6.617401087824222
2026-08-11 12:00:00,30.066818181220352,-6.476701827912787
2026-08-11 14:00:00,32.37705695127386,-7.290803621312262
2026-08-11 16:00:00,33.43914464898196,-7.665071212463294
2026-08-11 18:00:00,34.0147446939797,-7.867906103379207
2026-08-11 20:00:00,32.50094792999579,-7.3344613891892925
2026-08-11 22:00:00,32.79596770649948,-7.438422993614445
2026-08-12 00:00:00,32.49240799240155,-7.331452012582379
2026-08-12 02:00:00,32.46068233051771,-7.3202722511779745
2026-08-12 04:00:00,32.37891345944649,-7.291457833618092
2026-08-12 06:00:00,32.61658776128369,-7.375211546818118
2026-08-12 08:00:00,32.27428890998303,-7.254589335670659
2026-08-12 10:00:00,30.836856515501026,-6.748054554328037
2026-08-12 12:00:00,30.934426333908394,-6.7824370455132525
2026-08-12 14:00:00,34.05468024756042,-7.881978936980586
2026-08-12 16:00:00,33.5235951429692,-7.6948306033538225
2026-08-12 18:00:00,33.95896693732572,-7.848250658101234
2026-08-12 20:00:00,33.07856950611491,-7.5380086446160215
2026-08-12 22:00:00,33.770469474195366,-7.781826301980624
2026-08-13 00:00:00,33.25625796610673,-7.6006240313114715
2026-08-13 02:00:00,33.28476568049128,-7.610669824719074
2026-08-13 04:00:00,32.69179697014486,-7.401714414230658
2026-08-13 06:00:00,31.666138088358025,-7.040283922325509
2026-08-13 08:00:00,32.39038255437981,-7.295499411863114
2026-08-13 10:00:00,32.86734013180379,-7.4635738222615515
2026-08-13 12:00:00,32.675212163802456,-7.395870117631724
2026-08-13 14:00:00,32.00814814949846,-7.1608043671142765
2026-08-13 16:00:00,34.89324436128071,-8.177479366507324
2026-08-13 18:00:00,34.2749446283118,-7.959597592556862
2026-08-13 20:00:00,33.839490322480955,-7.806148461706989
2026-08-13 22:00:00,33.367277154831534,-7.639745927201279
2026-08-14 00:00:00,33.320080591508926,-7.623114396581466
2026-08-14 02:00:00,33.633871728425014,-7.7336908143213225
2026-08-14 04:00:00,34.01684873657542,-7.868647543992517
2026-08-14 06:00:00,35.66055981690814,-8.44787258154065
2026-08-14 08:00:00,35.801365647869794,-8.497490950426553
2026-08-14 10:00:00,36.32065161163037,-8.680481401398355
2026-08-14 12:00:00,36.61954942742804,-8.785809582640157
2026-08-14 14:00:00,37.12154923731427,-8.962708590141931
2026-08-14 16:00:00,35.003190900839094,-8.216223273064871
2026-08-14 18:00:00,35.842621385039934,-8.512029001667656
2026-08-14 20:00:00,35.93511674777542,-8.544623312550222
2026-08-14 22:00:00,36.02055737945476,-8.574731616670553
2026-08-15 00:00:00,35.4718560750919,-8.38137553516384
2026-08-15 02:00:00,34.99935411728229,-8.214871234299437
2026-08-15 04:00:00,35.050552487110444,-8.232912955889654
2026-08-15 06:00:00,35.08075168671896,-8.24355480939815
2026-08-15 08:00:00,35.8190643591158,-8.50372777440898
2026-08-15 10:00:00,35.36368353223182,-8.343256764809649
2026-08-15 12:00:00,35.34705747015224,-8.3373979301595
2026-08-15 14:00:00,35.3888495319056,-8.352124976066728
2026-08-15 16:00:00,35.155218292311105,-8.26979599188835
2026-08-15 18:00:00,35.31632194596049,-8.326567081984866
2026-08-15 20:00:00,35.12774197135577,-8.260113649761763
2026-08-15 22:00:00,34.99477473045642,-8.213257510611681
2026-08-16 00:00:00,35.199815744192016,-8.285511625279977
2026-08-16 02:00:00,35.05092378874493,-8.233043798350822
2026-08-16 04:00:00,35.18252959031772,-8.279420181809952
2026-08-16 06:00:00,35.26792896625992,-8.309513947879053
2026-08-16 08:00:00,35.25509843199999,-8.304992613943075
2026-08-16 10:00:00,35.51851631383134,-8.39781807111753
2026-08-16 12:00:00,35.46319237028619,-8.378322544403188
2026-08-16 14:00:00,35.12955722379126,-8.260753324016381
2026-08-16 16:00:00,34.48118205842531,-8.032273310711144
2026-08-16 18:00:00,34.976044625781185,-8.206657235348223
2026-08-16 20:00:00,35.274199838309755,-8.311723731667685
2026-08-16 22:00:00,35.90990949236446,-8.535740563241898
2026-08-17 00:00:00,35.89406728929111,-8.530157951565318
2026-08-17 02:00:00,33.88986357756572,-7.823899422272375
2026-08-17 04:00:00,33.3572520106992,-7.636213180749704
2026-08-17 06:00:00,32.79803049335797,-7.439149896176509
2026-08-17 08:00:00,33.98268898619855,-7.856610037564864
2026-08-17 10:00:00,32.698109097931884,-7.403938736070555
2026-08-17 12:00:00,33.265457995495616,-7.603866016738231
2026-08-17 14:00:00,31.83000587639781,-7.098029061855196
2026-08-17 16:00:00,30.950722350090615,-6.788179575753493
2026-08-17 18:00:00,30.49950214594813,-6.3329786533432255
2026-08-17 20:00:00,30.35333372474294,-6.385519170528564
2026-08-17 22:00:00,29.942897327844616,-6.533051314523318
2026-08-18 00:00:00,30.31685228702095,-6.398632492748065
2026-08-18 02:00:00,29.18240899803787,-6.806410292009833
2026-08-18 04:00:00,29.615575514669786,-6.6507077632175875
2026-08-18 06:00:00,30.05120917952904,-6.494118413299634
2026-08-18 08:00:00,29.962189618081148,-6.5261166640813215
2026-08-18 10:00:00,29.585160834883894,-6.661640377750899
2026-08-18 12:00:00,29.695252268896194,-6.622067802272615
2026-08-18 14:00:00,31.65335906032647,-5.91822258948569
2026-08-18 16:00:00,32.16231960610575,-5.735275752667611
2026-08-18 18:00:00,31.88729324633944,-5.83413450110714
2026-08-18 20:00:00,31.120414598173447,-6.109790490689752
2026-08-18 22:00:00,31.329151516225473,-6.0347596082344035
2026-08-19 00:00:00,30.73865374378609,-6.247015156354565
2026-08-19 02:00:00,30.188196573724436,-6.444878033746007
2026-08-19 04:00:00,30.043888624952924,-6.4967498005742685
2026-08-19 06:00:00,30.139258059707196,-6.462469075747747
2026-08-19 08:00:00,30.43915812701113,-6.35466942579494
2026-08-19 10:00:00,30.612101173240653,-6.292504718687984
2026-08-19 12:00:00,32.33279550410797,-5.673997866686348
2026-08-19 14:00:00,36.5433681820242,-4.160499504179758
2026-08-19 16:00:00,46.82474330125244,-0.46483965038311564
2026-08-19 18:00:00,46.54453997471407,-0.5655592693814939
2026-08-19 20:00:00,49.18184053960832,0.382423437897293
2026-08-19 22:00:00,50.0345840350955,0.6889437102647747
2026-08-20 00:00:00,50.6861538374242,0.9231517157590057
2026-08-20 02:00:00,50.20594972426166,0.7505414333733618
2026-08-20 04:00:00,50.97739866340613,1.0278402227462065
2026-08-20 06:00:00,52.433339677945476,1.5511809913235657
2026-08-20 08:00:00,59.47122377931217,4.0809618258396965
2026-08-20 10:00:00,61.104759021165286,4.6681391774167205
2026-08-20 12:00:00,60.92700301363981,4.604244442212037
2026-08-20 14:00:00,60.42067139629951,4.422242578724654
2026-08-20 16:00:00,64.50683509147436,5.891021895613595
2026-08-20 18:00:00,62.86561528956898,5.30108231430075
2026-08-20 20:00:00,63.83787391639577,5.6505625280856915
2026-08-20 22:00:00,63.85595285504512,5.6570610369904735
2026-08-21 00:00:00,68.02907341396966,7.1570971640478085
2026-08-21 02:00:00,70.9885188252667,8.220875449462033
2026-08-21 04:00:00,73.35965049698126,9.073183241523129
2026-08-21 06:00:00,75.86809312331444,9.974847717547773
2026-08-21 08:00:00,90.4761182223015,15.22573014091297
2026-08-21 10:00:00,84.61963411634265,13.120605783149564
2026-08-21 12:00:00,82.24809799409901,12.268152610576069
2026-08-21 14:00:00,82.89934423600441,12.502244311660343
2026-08-21 16:00:00,83.30917395710911,12.649558384886483
2026-08-21 18:00:00,81.93400171322469,12.155250104637622
2026-08-21 20:00:00,83.4474151479446,12.699249444028588
2026-08-21 22:00:00,87.24904789592007,14.065753570436346
2026-08-22 00:00:00,85.19913083439143,13.328906981332134
2026-08-22 02:00:00,87.28892671808619,14.08008808896008
2026-08-22 04:00:00,87.28892671808619,14.08008808896008
2026-08-22 06:00:00,83.30949751753238,12.649674689296406
2026-08-22 08:00:00,82.19507452973816,12.249093225398973
2026-08-22 10:00:00,81.24643581380897,11.908103233538814
2026-08-22 12:00:00,82.55794754441807,12.379528621134172
2026-08-22 14:00:00,81.35814504993755,11.948257331066763
2026-08-22 16:00:00,82.5083619095543,12.361704970312571
2026-08-22 18:00:00,82.3864200750403,12.317872745820631
2026-08-22 20:00:00,82.60413579483765,12.396131075651526
2026-08-22 22:00:00,81.33444424893416,11.939738033039454
2026-08-23 00:00:00,82.56757346700986,12.382988677329548
2026-08-23 02:00:00,81.66488033118283,12.058513911679327
2026-08-23 04:00:00,79.73379083509431,11.364380117121451
2026-08-23 06:00:00,77.69111343803594,10.630135839189379
2026-08-23 08:00:00,79.26661002896778,11.196451087235445
2026-08-23 10:00:00,80.4955734065941,11.638204312247707
2026-08-23 12:00:00,82.17667203066559,12.24247841208427
2026-08-23 14:00:00,82.09578192485195,12.213402309602047
2026-08-23 16:00:00,83.08215587514321,12.567956303270153
2026-08-23 18:00:00,82.72664386009234,12.440166832860818
2026-08-23 20:00:00,82.96777726552277,12.526842694360314
2026-08-23 22:00:00,83.76567726926827,12.81364936924485
2026-08-24 00:00:00,84.091745285803,12.930855138350642
2026-08-24 02:00:00,83.27956817838134,12.638916531377987
2026-08-24 04:00:00,80.92869947817312,11.793892302988688
2026-08-24 06:00:00,83.22148908240716,12.618039889795766
2026-08-24 08:00:00,81.51122957518986,12.003283855014352
2026-08-24 10:00:00,83.83985349629934,12.840312155221037
2026-08-24 12:00:00,90.07959492360311,15.083199086545182
2026-08-24 14:00:00,91.49893316526176,15.593382918749299
2026-08-24 16:00:00,89.62503297398352,14.919805928646385
2026-08-24 18:00:00,89.1427257180698,14.746439667596201
2026-08-24 20:00:00,89.1588228491267,14.752225811990147
2026-08-24 22:00:00,88.38094314657003,14.47261547246996
2026-08-25 00:00:00,92.42540799219807,15.926406058529338
2026-08-25 02:00:00,96.10445178481302,17.24884535162531
2026-08-25 04:00:00,94.9481277222073,16.833202466642085
2026-08-25 06:00:00,95.79892985515491,17.139024912549992
2026-08-25 08:00:00,93.19701871155415,16.203763000107152
2026-08-25 10:00:00,90.6848146953006,15.30074648531709
2026-08-25 12:00:00,89.35162441633348,14.8215287022565
2026-08-25 14:00:00,90.38697732569487,15.193688275977593
2026-08-25 16:00:00,90.0635382375991,15.077427480202447
2026-08-25 18:00:00,89.95021119935419,15.036691860624869
2026-08-25 20:00:00,86.22170310703427,13.696472530861032
2026-08-25 22:00:00,88.98563713257973,14.68997387657573
2026-08-26 00:00:00,87.94328722906545,14.315299219989944
2026-08-26 02:00:00,89.8693210935406,15.007615758142661
2026-08-26 04:00:00,88.72877060156861,14.597642713143474
2026-08-26 06:00:00,89.22187668660841,14.774890633875035
2026-08-26 08:00:00,88.24986073009907,14.425497648397522
2026-08-26 10:00:00,88.33018460517201,14.454370218162357
2026-08-26 12:00:00,86.68059267731488,13.861421260242615
2026-08-26 14:00:00,84.54060448296269,13.092198431024435
2026-08-26 16:00:00,85.35282203543728,13.384151576048339
2026-08-26 18:00:00,87.29867397583675,14.083591759309193
2026-08-26 20:00:00,87.21628740306558,14.053977748931048
2026-08-26 22:00:00,88.2191629349428,14.414463267505518
2026-08-27 00:00:00,88.17875832708889,14.399939754315664
2026-08-27 02:00:00,88.29099334890532,14.440282846509717
2026-08-27 04:00:00,88.55886093430712,14.536568359879581
2026-08-27 06:00:00,88.69435186154494,14.585270831537283
2026-08-27 08:00:00,92.49012007684894,15.949666940515101
2026-08-27 10:00:00,91.96437483411334,15.760686812431967
2026-08-27 12:00:00,90.57431881075917,15.26102852932639
2026-08-27 14:00:00,94.30230111739141,16.6010588644241
2026-08-27 16:00:00,94.98966479154261,16.848133045266696
2026-08-27 18:00:00,94.08648631508069,16.523483823001563
2026-08-27 20:00:00,93.86529232073335,16.443975220763946
2026-08-27 22:00:00,94.70335426201531,16.745218180530927
2026-08-28 00:00:00,95.80665486026014,17.141801680337046
2026-08-28 02:00:00,93.17817131689957,16.1969882682288
2026-08-28 04:00:00,92.0364074733403,15.786579081692365
2026-08-28 06:00:00,93.08959665103367,16.165149936010774
2026-08-28 08:00:00,91.5226339662651,15.601902216776592
2026-08-28 10:00:00,91.72125962109047,15.673298586421659
2026-08-28 12:00:00,91.13545347478825,15.4627294522455
2026-08-28 14:00:00,91.62641597202403,15.639206856261273
2026-08-28 16:00:00,84.53243458227557,13.089261744673738
2026-08-28 18:00:00,83.58415987182252,12.748402595274765
2026-08-28 20:00:00,82.99099272589126,12.535187535772696
2026-08-28 22:00:00,84.412029659772,13.04598196612897
2026-08-29 00:00:00,84.31067435718754,13.009549609718768
2026-08-29 02:00:00,84.0580950017845,12.91875947971802
2026-08-29 04:00:00,83.96802386896104,12.886383239604102
2026-08-29 06:00:00,83.231559900581,12.621659864554818
2026-08-29 08:00:00,83.90767985002412,12.864692467152372
2026-08-29 10:00:00,83.91245236626705,12.866407957198822
2026-08-29 12:00:00,83.70444345916736,12.79163875966581
2026-08-29 14:00:00,85.44612877249324,13.417690860261565
2026-08-29 16:00:00,85.49789844021399,13.436299565850184
2026-08-29 18:00:00,86.02708151244664,13.626515428288814
2026-08-29 20:00:00,85.91347135883146,13.585678042352543
2026-08-29 22:00:00,86.31153156954028,13.728761542667502
2026-08-30 00:00:00,86.11545395304806,13.658281070250641
2026-08-30 02:00:00,85.81676723733125,13.55091756183505
2026-08-30 04:00:00,85.83189368711841,13.556354792999228
2026-08-30 06:00:00,86.52184584465564,13.804359409121252
2026-08-30 08:00:00,85.68734306802943,13.504395797863522
2026-08-30 10:00:00,85.97563540514919,13.60802302711012
2026-08-30 12:00:00,88.56318855496814,14.538123931362367
2026-08-30 14:00:00,88.55772847282573,14.536161294444844
2026-08-30 16:00:00,90.79927419502684,15.34188917032941
2026-08-30 18:00:00,89.58090742126214,14.90394491474234
2026-08-30 20:00:00,87.8039135767486,14.265201095413085
2026-08-30 22:00:00,87.0948309091864,14.010319981054002
2026-08-31 00:00:00,85.13336717836488,13.30526811001409
2026-08-31 02:00:00,83.26055900351518,12.632083647294683
2026-08-31 04:00:00,83.86031869307018,12.847668409149035
2026-08-31 06:00:00,85.76766694310237,13.533268367628356
2026-08-31 08:00:00,87.33260737522556,14.095789184300491
2026-08-31 10:00:00,88.25964843290251,14.429015856797866
2026-08-31 12:00:00,85.1064712181819,13.295600305938768
2026-08-31 14:00:00,87.81527863661542,14.269286287811846
2026-08-31 16:00:00,87.97475348022701,14.326609823855533
2026-08-31 18:00:00,89.49722660679797,14.873865686724486
2026-08-31 20:00:00,88.88537384642379,14.653934047549036
2026-08-31 22:00:00,87.78700754463352,14.259124189994305
2026-09-01 00:00:00,88.02502668099012,14.344680621548209
2026-09-01 02:00:00,87.2079961672197,14.050997448426644
2026-09-01 04:00:00,88.32880947337316,14.453875924420172
2026-09-01 06:00:00,88.40274303008682,14.480451482088913
2026-09-01 08:00:00,84.91593457393796,13.227111546541906
2026-09-01 10:00:00,85.50800970344068,13.439934078660468
2026-09-01 12:00:00,85.40418725262894,13.40261490112454
2026-09-01 14:00:00,86.06744567524768,13.64102440342744
2026-09-01 16:00:00,83.75406953908401,12.809476948538641
2026-09-01 18:00:00,81.96595330502106,12.166735165118103
2026-09-01 20:00:00,83.15726233839112,12.594953464424878
2026-09-01 22:00:00,82.45177928053768,12.341366236626275
2026-09-02 00:00:00,82.205994694023,12.253018499234072
2026-09-02 02:00:00,82.67495508247744,12.421587203374694
2026-09-02 04:00:00,83.61578790319567,12.759771351345325
2026-09-02 06:00:00,83.81688070624831,12.832054542116083
2026-09-02 08:00:00,80.75345106392786,11.730898926960977
2026-09-02 10:00:00,80.05282141242324,11.4790562653113
2026-09-02 12:00:00,79.78183955794763,11.381651321995898
2026-09-02 14:00:00,81.61213998219232,12.039556292860894
2026-09-02 16:00:00,82.03713659813708,12.192322135302456
2026-09-02 18:00:00,82.8713562593929,12.492183980201496
2026-09-02 20:00:00,82.98561353385465,12.533253974957631
2026-09-02 22:00:00,81.48113845582715,11.992467544890964
2026-09-03 00:00:00,81.61857074560449,12.041867843008236
2026-09-03 02:00:00,84.6438607030338,13.129314075842979
2026-09-03 04:00:00,84.48204004635369,13.071147332827307
2026-09-03 06:00:00,84.72143431450905,13.157198058123429
2026-09-03 08:00:00,84.7543970326281,13.169046569884927
2026-09-03 10:00:00,84.31977449409159,13.01282067124802
2026-09-03 12:00:00,88.02656359300059,14.34523306749538
2026-09-03 14:00:00,95.70137638754369,17.103959132956454
2026-09-03 16:00:00,97.39764190645526,17.71368500200843
2026-09-03 18:00:00,98.55012368903488,18.127946772123764
2026-09-03 20:00:00,99.43457610600092,18.445864876664263
2026-09-03 22:00:00,98.08775584420415,17.96174777033542
2026-09-04 00:00:00,97.40876429600466,17.717682966099744
2026-09-04 02:00:00,96.84200776962159,17.513961254058135
2026-09-04 04:00:00,97.80682450671347,17.860766466414688
2026-09-04 06:00:00,96.70206788656401,17.463659596763893
2026-09-04 08:00:00,98.11671450208547,17.97215701502407
2026-09-04 10:00:00,98.24803958887388,18.01936206740394
2026-09-04 12:00:00,91.26855814390458,15.510574178879985
2026-09-04 14:00:00,89.09160317119563,14.728063570827443
2026-09-04 16:00:00,92.44862345256651,15.934750899941722
2026-09-04 18:00:00,91.93262546758143,15.749274442207684
2026-09-04 20:00:00,92.2516964899633,15.863965128448765
2026-09-04 22:00:00,92.00518389249625,15.775355706134238
2026-09-05 00:00:00,91.7514720756119,15.684158510698785
2026-09-05 02:00:00,91.73420203802068,15.677950762818819
2026-09-05 04:00:00,91.45480761254038,15.577521904845257
2026-09-05 06:00:00,92.03721637439843,15.786869842717183
2026-09-05 08:00:00,92.06144296108965,15.795578135410612
2026-09-05 10:00:00,91.93205923684079,15.749070909490314
2026-09-05 12:00:00,92.28041247752712,15.874287144829967
2026-09-05 14:00:00,92.3435876501675,15.89699558086856
2026-09-05 16:00:00,93.64688903503654,16.36546974406198
2026-09-05 18:00:00,93.47693892272211,16.304380852746835
2026-09-05 20:00:00,92.41667186077014,15.923265839461253
2026-09-05 22:00:00,92.60336622498801,15.990373483990206
2026-09-06 00:00:00,92.94314511445809,16.11250765246673
2026-09-06 02:00:00,93.102013282276,16.169613117741783
2026-09-06 04:00:00,92.93509654892964,16.10961458026974
2026-09-06 06:00:00,92.60603559847979,15.991332995372098
2026-09-06 08:00:00,92.81845301634635,16.067686840490403
2026-09-06 10:00:00,93.49291471862033,16.31012338298708
2026-09-06 12:00:00,93.16171018036644,16.191071281373652
2026-09-06 14:00:00,91.62892356530423,15.640108215438215
2026-09-06 16:00:00,92.19086713039142,15.842099899382156
2026-09-06 18:00:00,93.29639220654614,16.239482992006554
2026-09-06 20:00:00,93.12110334724805,16.176475077927595
2026-09-06 22:00:00,93.7001551697148,16.384616357546502
2026-09-07 00:00:00,94.12418110438979,16.53703328675825
2026-09-07 02:00:00,92.96838282747196,16.12157939644119
2026-09-07 04:00:00,92.36073635260001,15.903159714594803
2026-09-07 06:00:00,92.09893552513427,15.809054908911113
2026-09-07 08:00:00,91.2015002461851,15.48647008992222
2026-09-07 10:00:00,90.88853642679217,15.373974649418527
2026-09-07 12:00:00,91.88688211274388,15.732831906253994
2026-09-07 14:00:00,90.20885731269325,15.12966269831174
2026-09-07 16:00:00,89.54927938988901,14.89257615867178
2026-09-07 18:00:00,90.22588467996702,15.135783217884258
2026-09-07 20:00:00,90.39510678132913,15.196610424277043
2026-09-07 22:00:00,89.23914672419964,14.781098381754983
2026-09-08 00:00:00,90.69876823855344,15.305762112995266
2026-09-08 02:00:00,89.14943959685229,14.748852984102204
2026-09-08 04:00:00,88.13305541730423,14.383511756413217
2026-09-08 06:00:00,86.6967706984776,13.867236480739056
2026-09-08 08:00:00,87.07861244297078,14.00449022250633
2026-09-08 10:00:00,87.68528823657292,14.222560991122918
2026-09-08 12:00:00,87.2079961672197,14.050997448426644
2026-09-08 14:00:00,87.6833468740334,14.221863164663345
2026-09-08 16:00:00,88.36432022982534,14.466640333409858
2026-09-08 18:00:00,87.15141353820304,14.030658714740332
2026-09-08 20:00:00,87.36168736826556,14.10624204314285
2026-09-08 22:00:00,87.66280078715678,14.214477834632872
2026-09-09 00:00:00,88.52108525489213,14.52298982002037
2026-09-09 02:00:00,88.32436051755339,14.452276738783631
2026-09-09 04:00:00,90.12614717949884,15.099932383523686
2026-09-09 06:00:00,90.07571219852407,15.081803433626023
2026-09-09 08:00:00,92.25566010514817,15.865389857470413
2026-09-09 10:00:00,89.10899454394551,14.7343149328611
2026-09-09 12:00:00,91.8840509590404,15.731814242667113
2026-09-09 14:00:00,89.26268574499142,14.789559527577307
2026-09-09 16:00:00,88.64343153993521,14.566967425024727
2026-09-09 18:00:00,87.06413311403014,13.999285600162011
2026-09-09 20:00:00,86.69871206101718,13.867934307198626
2026-09-09 22:00:00,85.0808694996919,13.286397719503135
2026-09-10 00:00:00,86.11885133749223,13.65950226655487
2026-09-10 02:00:00,86.83537589478922,13.917058382342312
2026-09-10 04:00:00,87.00581134773854,13.978321730272345
2026-09-10 06:00:00,87.07056387744232,14.001597150309356
2026-09-10 08:00:00,85.83290481344108,13.55671824428026
2026-09-10 10:00:00,84.83476135275397,13.197933677701009
2026-09-10 12:00:00,80.92291583560738,11.791813361661207
2026-09-10 14:00:00,83.00988056559873,12.541976805702276
2026-09-10 16:00:00,82.15244544397436,12.233770119390838
2026-09-10 18:00:00,82.3627192740369,12.309353447793358
2026-09-10 20:00:00,82.42775491911105,12.332730634189042
2026-09-10 22:00:00,80.68202510049443,11.705224728469178
2026-09-11 00:00:00,80.97379571216415,11.810102230122517
2026-09-11 02:00:00,80.69104434729265,11.708466713895938
2026-09-11 04:00:00,81.80461798897582,12.108742878717324
2026-09-11 06:00:00,82.54880696246111,12.376243021553691
2026-09-11 08:00:00,82.81946525651344,12.473531660459154
2026-09-11 10:00:00,81.31620353007321,11.933181371929736
2026-09-11 12:00:00,85.52143746100576,13.444760711672506
2026-09-11 14:00:00,88.6175871511278,14.557677610281663
2026-09-11 16:00:00,85.04827078704899,13.274680050202806
2026-09-11 18:00:00,81.5619072264821,12.021500033219462
2026-09-11 20:00:00,82.71592592107206,12.436314249281935
2026-09-11 22:00:00,81.95017973438745,12.161065325134079
2026-09-12 00:00:00,82.50601609648568,12.360861763340585
2026-09-12 02:00:00,82.50832146450145,12.361690432261325
2026-09-12 04:00:00,82.24441749428449,12.266829647913127
2026-09-12 06:00:00,82.51531845865428,12.364205515126038
2026-09-12 08:00:00,82.7995662904833,12.466378939248527
2026-09-12 10:00:00,82.69008153226464,12.427024434538874
2026-09-12 12:00:00,82.71863573961681,12.43728829871509
2026-09-12 14:00:00,83.20899156105895,12.613547631962266
2026-09-12 16:00:00,82.79147727990194,12.463471329000322
2026-09-12 18:00:00,81.87333413386449,12.133443027775984
2026-09-12 20:00:00,82.03106984020104,12.190141427616284
2026-09-12 22:00:00,82.2825167341227,12.280524492182245
2026-09-13 00:00:00,82.45986829111905,12.344273846874495
2026-09-13 02:00:00,82.51624869487118,12.364539890304593
2026-09-13 04:00:00,82.19289049688116,12.24830817063194
2026-09-13 06:00:00,81.8383491631001,12.120867613452422
2026-09-13 08:00:00,80.5900530501844,11.67216519994692
2026-09-13 10:00:00,80.03830163842966,11.473837104915736
2026-09-13 12:00:00,80.38629087363987,11.59892249779422
2026-09-13 14:00:00,82.2171575286253,12.257031001376602
2026-09-13 16:00:00,82.46035363175396,12.344448303489388
2026-09-13 18:00:00,82.71406544863831,12.435645498924826
2026-09-13 20:00:00,82.75103222699511,12.448933277759204
2026-09-13 22:00:00,80.18677542765059,11.527206291021848
2026-09-14 00:00:00,80.56695892497459,11.663863972688244
2026-09-14 02:00:00,83.77020711519384,12.815277630983854
2026-09-14 04:00:00,84.10096675786572,12.93416981403362
2026-09-14 06:00:00,83.74250225395268,12.80531906588368
2026-09-14 08:00:00,84.29113939663353,13.002527730969293
2026-09-14 10:00:00,85.01025243731658,13.261014282036182
2026-09-14 12:00:00,84.16660907873346,12.95776507119792
2026-09-14 14:00:00,87.49543915822835,14.15431937859718
2026-09-14 16:00:00,88.49993249222187,14.515386419221283
2026-09-14 18:00:00,90.34661316289385,15.179179300838952
2026-09-14 20:00:00,89.83696505121519,14.99598531714978
2026-09-14 22:00:00,87.6447622935603,14.207993863779336
2026-09-15 00:00:00,85.1976343674338,13.328369073436209
2026-09-15 02:00:00,85.03904931498624,13.271365374519847
2026-09-15 04:00:00,83.63722378123623,12.76747651850309
2026-09-15 06:00:00,82.50306360762352,12.359800485600001
2026-09-15 08:00:00,81.34354438583819,11.943009094568707
2026-09-15 10:00:00,81.56109832542396,12.02120927219463
2026-09-15 12:00:00,81.17221914172494,11.881425909511382
2026-09-15 14:00:00,77.06445778829783,10.404883273259689
2026-09-15 16:00:00,78.8682667028886,11.053265820561776
2026-09-15 18:00:00,77.2989986501044,10.489189432406853
2026-09-15 20:00:00,77.03707648747994,10.395041012569472
2026-09-15 22:00:00,75.95622289359835,10.006526131202136
2026-09-16 00:00:00,76.3772558943583,10.157867244622052
2026-09-16 02:00:00,76.83934062381856,10.3239644800517
2026-09-16 04:00:00,76.74902682067767,10.291501011630304
2026-09-16 06:00:00,77.42037425387772,10.532818124181407
2026-09-16 08:00:00,76.23128969841754,10.105399417692897
2026-09-16 10:00:00,77.25936249825574,10.474942142190566
2026-09-16 12:00:00,77.16953403574975,10.442653130384095
2026-09-16 14:00:00,76.0768300413665,10.049878600003122
2026-09-16 16:00:00,76.36067342266645,10.151906643613193
2026-09-16 18:00:00,75.81062070313386,9.954189146734151
2026-09-16 20:00:00,78.02029572364444,10.748461038240743
2026-09-16 22:00:00,75.98809359528894,10.017982115580127
2026-09-17 00:00:00,78.68533372859112,10.987510214798275
2026-09-17 02:00:00,78.79550605270923,11.027111866379022
2026-09-17 04:00:00,79.48226305106688,11.273967976453015
2026-09-17 06:00:00,79.23004770114002,11.183308688913469
2026-09-17 08:00:00,79.62309272528839,11.32458947087455
2026-09-17 10:00:00,78.92493022201104,11.073633630350566
2026-09-17 12:00:00,80.27814080216704,11.560047748775505
2026-09-17 14:00:00,79.33120077845997,11.219668355067503
2026-09-17 16:00:00,80.34637160642087,11.584573441219256
2026-09-17 18:00:00,79.62847191732503,11.326523031689614
2026-09-17 20:00:00,79.5477840367759,11.297519619463593
2026-09-17 22:00:00,78.99769087219039,11.09978758453332
2026-09-18 00:00:00,79.68525677160618,11.346934455632129
2026-09-18 02:00:00,81.29618322888436,11.9259850365654
2026-09-18 04:00:00,83.67301765305879,12.780342693851468
2026-09-18 06:00:00,83.7863851363566,12.821092851480294
2026-09-18 08:00:00,86.48872134632497,13.792452745154785
2026-09-18 10:00:00,86.54206837110907,13.811628434741804
2026-09-18 12:00:00,85.56236785454743,13.459473219528503
2026-09-18 14:00:00,97.27007820958723,17.667831988393992
2026-09-18 16:00:00,96.90166422265912,17.535404879638758
2026-09-18 18:00:00,97.2725049127616,17.668704271468442
2026-09-18 20:00:00,97.96646113053663,17.918148154663342
2026-09-18 22:00:00,98.08379222901932,17.96032304131382
2026-09-19 00:00:00,100.22721825286854,18.73078160488746
2026-09-19 02:00:00,98.75396675568513,18.20121855037894
2026-09-19 04:00:00,97.61859323048519,17.7931063759386
2026-09-19 06:00:00,97.73187982367713,17.83382745746493
2026-09-19 08:00:00,98.78345119925417,18.211816789733696
2026-09-19 10:00:00,98.3979693999994,18.07325462335471
2026-09-19 12:00:00,98.85621184943354,18.23797074391645
2026-09-19 14:00:00,99.89164564890073,18.61015939374
2026-09-19 16:00:00,100.91684684998256,18.97866991659956
2026-09-19 18:00:00,99.25285648329061,18.380545412437996
2026-09-19 20:00:00,98.1497581103103,17.98403460288805
2026-09-19 22:00:00,98.5785565612283,18.138167022146256
2026-09-20 00:00:00,98.70806162063587,18.18471786222028
2026-09-20 02:00:00,94.81785420679448,16.78637540359449
2026-09-20 04:00:00,95.22586390051836,16.93303526451475
2026-09-20 06:00:00,94.72855152997627,16.75427538645413
2026-09-20 08:00:00,94.5482070390648,16.689450215970027
2026-09-20 10:00:00,94.76956281362375,16.7690169704126
2026-09-20 12:00:00,95.47403474515455,17.02224074693017
2026-09-20 14:00:00,96.23541286612522,17.295919561543993
2026-09-20 16:00:00,98.87243031564913,18.243800502464136
2026-09-20 18:00:00,97.66712729397338,17.810552037427925
2026-09-20 20:00:00,97.89301291445793,17.891747053609514
2026-09-20 22:00:00,98.42284310753712,18.082195524868006
2026-09-21 00:00:00,99.97945185876145,18.641721502984456
2026-09-21 02:00:00,98.77778889184725,18.20978146255994
2026-09-21 04:00:00,99.13936766483411,18.33975164065543
2026-09-21 06:00:00,100.1096040390155,18.688504951878322
2026-09-21 08:00:00,108.68435970578811,21.77071719550525
2026-09-21 10:00:00,111.44178207781559,22.761877914970142
2026-09-21 12:00:00,115.00592147512234,24.043014604490136
2026-09-21 14:00:00,117.11367496230775,24.80065060686916
2026-09-21 16:00:00,117.58999635039127,24.971865236335663
2026-09-21 18:00:00,117.95335470570603,25.102475088685754
2026-09-21 20:00:00,121.79535161648248,26.48348819023214
2026-09-21 22:00:00,119.57920538750682,25.68689021052699
2026-09-22 00:00:00,117.30202757369479,24.868354311498987
2026-09-22 02:00:00,116.59096309854016,24.61276083262909
2026-09-22 04:00:00,115.52766265762014,24.23055546550041
2026-09-22 06:00:00,115.25267674290671,24.131711255112126
2026-09-22 08:00:00,118.64909050580894,25.352558646135275
2026-09-22 10:00:00,117.35577904900791,24.88767538159842
2026-09-22 12:00:00,117.8411601289425,25.06214653454293
2026-09-22 14:00:00,118.78757436696179,25.402336933584795
2026-09-22 16:00:00,119.44731406997775,25.639481625429738
2026-09-22 18:00:00,119.61034807824507,25.69808450998263
2026-09-22 20:00:00,118.81184139870594,25.41105976432947
2026-09-22 22:00:00,118.24561065801058,25.20752704695397
2026-09-23 00:00:00,119.59360382634163,25.692065756768816
2026-09-23 02:00:00,119.97767004874467,25.830119091354355
2026-09-23 04:00:00,122.46378700587334,26.72375856309392
2026-09-23 06:00:00,119.64359391173448,25.71003478810283
2026-09-23 08:00:00,117.33956058279229,24.881845623050733
2026-09-23 10:00:00,117.43290776490123,24.91539944531521
2026-09-23 12:00:00,115.76592446429419,24.316199125361777
2026-09-23 14:00:00,111.81476635572221,22.895947823515627
2026-09-23 16:00:00,109.80873217659742,22.17487502000801
2026-09-23 18:00:00,110.98972772147617,22.599386116248304
2026-09-23 20:00:00,110.59684447753946,22.458163486492193
2026-09-23 22:00:00,111.93213789925771,22.938137248217302
2026-09-24 00:00:00,110.94119365798802,22.581940454758964
2026-09-24 02:00:00,111.133469439507,22.65105435035918
2026-09-24 04:00:00,109.84108821892282,22.18650546100088
2026-09-24 06:00:00,110.11607413363626,22.285349671389163
2026-09-24 08:00:00,108.27990917672001,21.625336683094176
2026-09-24 10:00:00,107.68213129475733,21.410464285750642
2026-09-24 12:00:00,108.05446845181746,21.544301585476248
2026-09-24 14:00:00,108.33560201457269,21.6453555796532
2026-09-24 16:00:00,111.67862830763788,22.847012743038064
2026-09-24 18:00:00,111.58026593896847,22.811656202419677
2026-09-24 20:00:00,111.15810047672727,22.659908023565027
2026-09-24 22:00:00,110.77666318276316,22.522799662310167
2026-09-25 00:00:00,112.04133954210613,22.977389986568294
2026-09-25 02:00:00,110.56974629209189,22.44842299216065
2026-09-25 04:00:00,110.49633852106602,22.422036429158034
2026-09-25 06:00:00,109.80064316601602,22.171967409759777
2026-09-25 08:00:00,111.34184235208286,22.725954390353355
2026-09-25 10:00:00,112.54144262129884,23.157152990164583
2026-09-25 12:00:00,111.56323857169477,22.805535682847193
2026-09-25 14:00:00,109.71979350525531,22.1429058453288
2026-09-25 16:00:00,108.61244840171977,21.744868540398556
2026-09-25 18:00:00,109.52561680624973,22.073108661320244
2026-09-25 20:00:00,109.19396737241391,21.95389664114319
2026-09-25 22:00:00,109.99093713994255,22.240368940849173
2026-09-26 00:00:00,109.2910759444431,21.988802502173083
2026-09-26 02:00:00,109.6954860284583,22.134168476532892
2026-09-26 04:00:00,109.55797284857513,22.084739102313144
2026-09-26 06:00:00,109.21507969003123,21.961485503891048
2026-09-26 08:00:00,110.54487258455421,22.43948209064736
2026-09-26 10:00:00,110.3827283674508,22.381199043221777
2026-09-26 12:00:00,109.86495080013779,22.195082911233126
2026-09-26 14:00:00,109.73593108136512,22.148706527774014
2026-09-26 16:00:00,110.14038161043318,22.29408704018507
2026-09-26 18:00:00,109.64970222856778,22.117711402527956
2026-09-26 20:00:00,109.77775126607074,22.163738872757317
2026-09-26 22:00:00,110.77136488083232,22.520895177597563
2026-09-27 00:00:00,110.8927000395527,22.56450933132087
